Workbook

Sheet Summaries
A1: Ploughing Summaries
A3: ICBC | B3: Total Hours Complete | C3: Families Impacted | D3: Hectares | E3: Status | F3: Payment | G3: Contractor | I3: ICBC Ploughing Project 2024
A4: =Bulunga!B3 -> Bulunga ICBC | B4: =Bulunga!G44 -> 50 | C4: =Bulunga!F45 -> 34 | D4: =1.5*B4 -> 75 | E4: =Bulunga!B2 -> Completed | F4: Paid | I4: =B3 -> Total Hours Complete | J4: =B45 -> 1856.6
A5: =Engcamini!B3 -> Engcamini ICBC | B5: =Engcamini!G43 -> 50 | C5: =Engcamini!F44 -> 33 | D5: =1.5*B5 -> 75 | E5: =Engcamini!B2 -> Completed | F5: Paid | I5: =C3 -> Families Impacted | J5: =C45 -> 1236
A6: =Hawane!B3 -> Hawane ICBC | B6: =Hawane!G52 -> 50 | C6: =Hawane!F53 -> 42 | D6: =1.5*B6 -> 75 | E6: =Hawane!B2 -> Completed | F6: Paid | I6: =D3 -> Hectares | J6: =D45 -> 2784.9
A7: =Jubukweni!B3 -> Jubukweni ICBC | B7: =Jubukweni!G42 -> 50 | C7: =Jubukweni!F43 -> 22 | D7: =1.5*B7 -> 75 | E7: =Jubukweni!B2 -> Completed | F7: Paid
A8: =Kaliba!B3 -> KaLiba ICBC | B8: =Kaliba!G49 -> 50 | C8: =Kaliba!F50 -> 32 | D8: =1.5*B8 -> 75 | E8: =Kaliba!B2 -> Completed | F8: Paid
A9: KaNcesi | B9: =KaNcesi!G48 -> 0 | C9: =KaNcesi!F49 -> 0 | D9: =1.5*B9 -> 0 | E9: =KaNcesi!B2 -> Not Started | F9: None
A10: =Gebeni!B3 -> Gebeni ICBC | B10: =Gebeni!G49 -> 51 | C10: =Gebeni!F50 -> 36 | D10: =1.5*B10 -> 76.5 | E10: =Gebeni!B2 -> Completed | F10: Paid
A11: =Gundvwini!B3 -> Gundvwini ICBC | B11: =Gundvwini!G45 -> 50 | C11: =Gundvwini!F46 -> 33 | D11: =1.5*B11 -> 75 | E11: =Gundvwini!B2 -> Completed | F11: Paid
A12: =Lundzi!B3 -> Lundzi ICBC | B12: =Lundzi!G37 -> 50 | C12: =Lundzi!F38 -> 26 | D12: =1.5*B12 -> 75 | E12: =Lundzi!B2 -> In Progress | F12: Paid
A13: =Lushikishini!B3 -> Lushikishini ICBC | B13: =Lushikishini!G31 -> 33 | C13: =Lushikishini!F32 -> 21 | D13: =1.5*B13 -> 49.5 | E13: =Lushikishini!B2 -> COMPLETE - NMC | F13: Paid
A14: =Lonhlalane!B3 -> Lonhlalane ICBC | B14: =Lonhlalane!G64 -> 50 | C14: =Lonhlalane!F65 -> 50 | D14: =1.5*B14 -> 75 | E14: =Lonhlalane!B2 -> Completed | F14: Paid
A15: Mabhukwini ICBC | B15: =Mabhukwini!G48 -> 55 | C15: =Mabhukwini!F49 -> 34 | D15: =1.5*B15 -> 82.5 | E15: =Mabhukwini!B2 -> Completed | F15: Paid
A16: Mabhukwini Community Fields | B16: 11 | D16: =1.5*B16 -> 16.5 | E16: Completed | F16: None
A17: Makhungutja | B17: =Makhungutja!G48 -> 50 | C17: =Makhungutja!F49 -> 27 | D17: =1.5*B17 -> 75 | E17: =Makhungutja!B2 -> Completed | F17: Paid
A18: Mangcongco ICBC | B18: =Mangcongco!G51 -> 50.7 | C18: =Mangcongco!F52 -> 32 | D18: =1.5*B18 -> 76.05 | E18: =Mangcongco!B2 -> Completed | F18: Paid
A19: Mbowane ICBC | B19: =Mbowane!H46 -> 0 | C19: =Mbowane!G47 -> 0 | D19: =1.5*B19 -> 0 | E19: =Mbowane!B2 -> Not Started | F19: None
A20: =Mcuba!B3 -> Mcuba ICBC | B20: =Mcuba!G60 -> 50 | C20: =Mcuba!F61 -> 34 | D20: =1.5*B20 -> 75 | E20: =Mcuba!B2 -> Completed | F20: Paid
A21: =Mlindazwe!B3 -> Mlindazwe ICBC | B21: =Mlindazwe!G44 -> 50 | C21: =Mlindazwe!F45 -> 33 | D21: =1.5*B21 -> 75 | E21: =Mlindazwe!B2 -> Completed | F21: Paid
A22: =Mhlangatane!B3 -> Mhlangatane ICBC | B22: =Mhlangatane!G61 -> 50 | C22: =Mhlangatane!F62 -> 50 | D22: =1.5*B22 -> 75 | E22: =Mhlangatane!B2 -> Completed | F22: Paid
A23: Njakeni ICBC | B23: =Njakeni!G51 -> 50 | C23: =Njakeni!F52 -> 40 | D23: =1.5*B23 -> 75 | E23: =Njakeni!B2 -> Completed | F23: Paid
A24: Mantabeni ICBC | B24: =Mantabeni!G70 -> 70 | C24: =Mantabeni!F71 -> 58 | D24: =1.5*B24 -> 105 | E24: =Mantabeni!B2 -> Completed | F24: Paid
A25: =Msahweni!B3 -> Msahweni ICBC | B25: =Msahweni!G58 -> 51 | C25: =Msahweni!F59 -> 47 | D25: =1.5*B25 -> 76.5 | E25: =Msahweni!B2 -> Completed | F25: Paid
A26: =Ntondozi!B3 -> Ntondozi ICBC | B26: =Ntondozi!G48 -> 50.9 | C26: =Ntondozi!F49 -> 37 | D26: =1.5*B26 -> 76.35 | E26: =Ntondozi!B2 -> Completed | F26: Paid
A27: Nyakeni | B27: =Nyakeni!G34 -> 27 | C27: =Nyakeni!F35 -> 23 | D27: =1.5*B27 -> 40.5 | E27: =Nyakeni!B2 -> Completed | F27: Paid
A28: ='Nyathela '!B3 -> Nyathela ICBC | B28: ='Nyathela '!G46 -> 50 | C28: ='Nyathela '!F47 -> 26 | D28: =1.5*B28 -> 75 | E28: ='Nyathela '!B2 -> Completed | F28: Paid | I28: Progress Report on ICBC Sites
A29: Nyamane ICBC | B29: =Nyamane!G58 -> 46 | C29: =Nyamane!F59 -> 42 | D29: =1.5*B29 -> 69 | E29: =Nyamane!B2 -> Completed | F29: Paid
A30: =Ngwenya!B3 -> Ngwenya ICBC | B30: =Ngwenya!G47 -> 50 | C30: =Ngwenya!F48 -> 34 | D30: =1.5*B30 -> 75 | E30: Completed | F30: Paid
A31: =Ngwempisi!B3 -> Ngwempisi ICBC | B31: =Ngwempisi!G42 -> 50 | C31: =Ngwempisi!F43 -> 31 | D31: =1.5*B31 -> 75 | E31: =Ngwempisi!B2 -> Completed | F31: Paid | I31: Completed Ploughing | J31: =COUNTIF(E4:E44, "Completed") -> 35
A32: =Nsingweni!B3 -> Nsingweni ICBC | B32: =Nsingweni!G34 -> 22 | C32: =Nsingweni!F35 -> 18 | D32: =1.5*B32 -> 33 | E32: =Nsingweni!B2 -> In Progress | F32: To be Paid
A33: =Nsubane!B3 -> Nsubane ICBC | B33: =Nsubane!G54 -> 35 | C33: =Nsubane!F55 -> 15 | D33: =1.5*B33 -> 52.5 | E33: =Nsubane!B2 -> Completed | F33: Paid
A34: Phonjwane ICBC | B34: =Phonjwane!G45 -> 51 | C34: =Phonjwane!F46 -> 34 | D34: =1.5*B34 -> 76.5 | E34: =Phonjwane!B2 -> Completed | F34: Paid
A35: Sibovini | B35: =Sibovini!G41 -> 51 | C35: =Sibovini!F42 -> 29 | D35: =1.5*B35 -> 76.5 | E35: =Sibovini!B2 -> Completed | F35: Paid
A36: =Sigangeni!B3 -> Sigangeni ICBC | B36: =Sigangeni!G48 -> 52 | C36: =Sigangeni!F49 -> 22 | D36: =1.5*B36 -> 78 | E36: =Sigangeni!B2 -> Completed | F36: Paid
A37: =Sigengeni!B3 -> Sigengeni ICBC | B37: =Sigengeni!G45 -> 50 | C37: =Sigengeni!F46 -> 25 | D37: =1.5*B37 -> 75 | E37: =Sigengeni!B2 -> Completed | F37: Paid
A38: =Sigombeni!B3 -> Sigombeni ICBC | B38: =Sigombeni!G51 -> 50 | C38: =Sigombeni!F52 -> 40 | D38: =1.5*B38 -> 75 | E38: =Sigombeni!B2 -> Completed | F38: Paid
A39: Tibane | B39: =Tibane!G30 -> 50 | C39: =Tibane!F31 -> 18 | D39: =1.5*B39 -> 75 | E39: =Tibane!B2 -> Completed | F39: Paid
A40: =Sigcaweni!B3 -> Esigcaweni ICBC | B40: =Sigcaweni!G49 -> 50 | C40: =Sigcaweni!F50 -> 32 | D40: =1.5*B40 -> 75 | E40: =Sigcaweni!B2 -> Completed | F40: Paid
A41: Mhlabubovu ICBC | B41: =Mhlabubovu!G61 -> 50 | C41: =Mhlabubovu!F62 -> 31 | D41: =1.5*B41 -> 75 | E41: =Mhlabubovu!B2 -> In Progress - NMC | F41: Paid
A42: Phuzweni | B42: =Phuzweni!G56 -> 50 | C42: =Phuzweni!F57 -> 36 | D42: =1.5*B42 -> 75 | E42: =Phuzweni!B2 -> Completed | F42: Paid
A43: Mpuluzi | B43: =Mpuluzi!G44 -> 50 | C43: =Mpuluzi!F45 -> 32 | D43: =1.5*B43 -> 75 | E43: Completed | F43: Paid
A44: =Zondwako!B3 -> Zondwako ICBC | B44: =Zondwako!G47 -> 50 | C44: =Zondwako!F48 -> 27 | D44: =1.5*B44 -> 75 | E44: =Zondwako!B2 -> Completed | F44: Paid
A45: Total | B45: =SUM(B4:B44) -> 1856.6 | C45: =SUM(C4:C44) -> 1236 | D45: =1.5*B45 -> 2784.9 | E45: =COUNTIF(E4:Z44, "Complete") -> 0 | F45: =COUNTIF(F4:F44,"Paid") -> 37

Sheet Engcamini
A1: ICBC Ploughing Project
B2: Completed
A3: Name of ICBC: | B3: Engcamini ICBC | E3: Name of Pastor | F3: Mongie Dlamini
A4: Contractor's Full Name | B4: Themba Maziya | E4: Contact Number | F4: 76222599
A5: Bank | B5: Starndard Bank | E5: Account Holder's Name | F5: Themba Maziya
A6: Branch Code | B6: Manzini - 660564 | E6: Account Number | F6: 9110001178051
A9: Community Member’s Name & Surname | B9: Contact details | C9: Date | D9: Start Time (Date & Time) | E9: Completion time (Date & Time) | F9: Number of Hours | G9: Actual Number of Hours | H9: Amount | I9: Location
A10: Make Bhembe | B10: 76347859 | G10: 2 | H10: =200*G10 -> 400
A11: Make Tfwala | B11: 76953049 | G11: 2 | H11: =200*G11 -> 400
A12: Make Nxumalo | B12: 76277268 | G12: 1 | H12: =200*G12 -> 200
A13: Make Manyatsi | B13: 76188072 | G13: 2 | H13: =200*G13 -> 400
A14: Zodwa Tsabedze | B14: 76835998 | G14: 2 | H14: =200*G14 -> 400
A15: Thandeka Tsabedze | B15: 76445191 | G15: 2 | H15: =200*G15 -> 400
A16: Wandile Lukhele | B16: 76773475 | G16: 1 | H16: =200*G16 -> 200
A17: Lisa Khoza | B17: 76177042 | G17: 2 | H17: =200*G17 -> 400
A18: Gogo Shongwe | B18: 78707745 | G18: 2 | H18: =200*G18 -> 400
A19: Babe Bhembe | B19: 76128185 | G19: 2 | H19: =200*G19 -> 400
A20: Make Gamedze | B20: 76449613 | G20: 1 | H20: =200*G20 -> 200
A21: Mhlanti (Gogo Skhondze) | B21: 76059524 | G21: 1 | H21: =200*G21 -> 200
... A42: Nomcebo Masina | B42: 78104961 | G42: 2 | H42: =200*G42 -> 400
E43: Total | F43: =SUM(F10:F42) -> 0 | G43: =SUM(G10:G42) -> 50 | H43: =SUM(H10:H42) -> 10000
E44: Total number of fields ploughed | F44: =COUNT(G10:G42) -> 33
D46: Checked By
D47: Signature
D48: Date

Sheet Bulunga
A1: ICBC Ploughing Project
B2: Completed
A3: Name of ICBC: | B3: Bulunga ICBC | E3: Name of Pastor | F3: Ndumiso Gwebu
A4: Contractor's Full Name | B4: Musa Masilela | E4: Contractor's Number | F4: 76063646
A5: Bank | B5: Standard Bank | E5: Account Holder's Name | F5: Musa Masilela
A6: Branch Code | B6: Manzini | E6: Account Number | F6: 9110001185341
A8: Community Member’s Name & Surname | B8: Contact details | C8: Date | D8: Start Time (Date & Time) | E8: Completion time (Date & Time) | F8: Number of Hours | G8: Actual Number of Hours | H8: Amount | I8: Location
A9: Ndumiso Gwebu | B9: 76979572 | C9: 45698 | G9: 2 | H9: =200*G9 -> 400
A10: Sicelo Lukhele | B10: 76338758 | C10: 45698 | G10: 3 | H10: =200*G10 -> 600
A11: Masaba Lukhele | B11: 79177763 | C11: 45698 | G11: 1 | H11: =200*G11 -> 200
A12: Make Ladladla | B12: 76134614 | C12: 45698 | G12: 1 | H12: =200*G12 -> 200
A13: Sthembile Gwebu | B13: 76260166 | C13: 45698 | G13: 2 | H13: =200*G13 -> 400
A14: Zanele Mamba | B14: 76786670 | C14: 45726 | G14: 1 | H14: =200*G14 -> 200
A15: Babe Dlamini | B15: 78615263 | C15: 45726 | G15: 4 | H15: =200*G15 -> 800
A16: Njabulo Khumalo | C16: 45726 | G16: 1 | H16: =200*G16 -> 200
A17: Magadze Shongwe | B17: 76323611 | C17: 45726 | G17: 2 | H17: =200*G17 -> 400
A18: Mshiyeni Ngwenya | B18: 76875547 | C18: 45726 | G18: 2 | H18: =200*G18 -> 400
A19: Jabulane Lukhele | B19: 76269031 | C19: 45757 | G19: 2 | H19: =200*G19 -> 400
A20: Thoko Mlambo | B20: 76445985 | C20: 45757 | G20: 2 | H20: =200*G20 -> 400
A21: Thokozile Shongwe | B21: 78425976 | C21: 45757 | G21: 1 | H21: =200*G21 -> 200
A22: Thabo Dlamini | B22: 78219943 | C22: 45757 | G22: 1 | H22: =200*G22 -> 200
A23: Mthunzi Dlamini | B23: 76217105 | C23: 45757 | G23: 1 | H23: =200*G23 -> 200
A24: Magwaza Dlamini | B24: 76400420 | C24: 45757 | G24: 1 | H24: =200*G24 -> 200
A25: Make Masuku | B25: 78169312 | C25: 45757 | G25: 1 | H25: =200*G25 -> 200
A26: Mpendulo Lukhele | B26: 76776566 | C26: 45940 | G26: 1 | H26: =200*G26 -> 200
A27: babe shongwe | C27: 45940 | G27: 2 | H27: =200*G27 -> 400
A28: Make Magagula | C28: 25/10/25 | G28: 1 | H28: =200*G28 -> 200
A29: Mbongiseni Shongwe | C29: 45971 | G29: 2 | H29: =200*G29 -> 400
A30: Mehlabo Dlamini | C30: 46001 | G30: 2 | H30: =200*G30 -> 400
A31: Make Ndlovu | C31: 46001 | G31: 1 | H31: =200*G31 -> 200
A32: Dumsane | C32: 45941 | G32: 1 | H32: =200*G32 -> 200
A33: Make LaGwebu | B33: 76525177 | C33: 45941 | G33: 1 | H33: =200*G33 -> 200
A34: Magrett Dlamini | B34: 76571364 | C34: 45941 | G34: 1 | H34: =200*G34 -> 200
A35: Make Dlamini | B35: 76317342 | C35: 45972 | G35: 1.5 | H35: =200*G35 -> 300
A36: Babe Magwaza | B36: 76400420 | C36: 45972 | G36: 1 | H36: =200*G36 -> 200
A37: LaGwebu | C37: 45972 | G37: 1.5 | H37: =200*G37 -> 300
A38: Make Lahlophe | B38: 76872328 | C38: 45972 | G38: 2 | H38: =200*G38 -> 400
A39: Babe Skhondze | C39: 45941 | G39: 1 | H39: =200*G39 -> 200
A40: Thandiwe Blula | C40: 45941 | G40: 1 | H40: =200*G40 -> 200
A41: LaLukhele | C41: 45941 | G41: 1 | H41: =200*G41 -> 200
A42: Bhekane Mamba | C42: 45941 | G42: 1 | H42: =200*G42 -> 200
H43: =200*G43 -> 0
E44: Total | F44: =SUM(F9:F43) -> 0 | G44: =SUM(G9:G43) -> 50 | H44: =SUM(H9:H43) -> 10000
E45: Total number of fields ploughed | F45: =COUNT(G9:G43) -> 34
D46: Checked By
D47: Signature
D48: Date

Sheet Gebeni
A1: ICBC Ploughing Project
B2: Completed
A3: Name of ICBC: | B3: Gebeni ICBC | E3: Name of Pastor | F3: Sipho Mdluli
A4: Contractor's Full Name | B4: SZ Investment (Sithabiso Zwane) | E4: Contractor's ID Number
A5: Bank | B5: First National Bank | E5: Account Holder's Name | F5: Sithabiso Zwane
A6: Branch Code | B6: 281864 | E6: Account Number | F6: 62853630533
A9: Community Member’s Name & Surname | B9: Contact Details | C9: Date | D9: Start Time (Date & Time) | E9: Completion time (Date & Time) | F9: Number of Hours | G9: Actual Number of Hours | H9: Amount | I9: Location
A10: Mr Robert Vilakati | B10: 78180538 | C10: 45963 | F10: 2 | G10: 1 | H10: =200*G10 -> 200
A11: Titus Dlamini | B11: 76478178 | C11: 45962 | F11: 2 | G11: 1 | H11: =200*G11 -> 200
A12: Mr Seluleko Vilakati | B12: 76919069 | C12: 45965 | F12: 1 | G12: 1 | H12: =200*G12 -> 200
A13: Mr Mxolisi Vilakati | B13: 76034480 | C13: 45963 | F13: 1 | G13: 1 | H13: =200*G13 -> 200
A14: Gogo V | B14: 76085415 | C14: 45963 | F14: 2 | G14: 1 | H14: =200*G14 -> 200
A15: Mr France Mndzebele | B15: 76180442 | C15: 45965 | F15: 2 | G15: 2 | H15: =200*G15 -> 400
A16: Make Masangane | B16: 79397236 | C16: 45969 | F16: 1 | G16: 1 | H16: =200*G16 -> 200
A17: Mr Nicholas Mabuza | B17: 76224315 | C17: 45965 | D17: 11/1/25 (2 Hours) | E17: 11/4/25 (2 Hours) | F17: 4 | G17: 4 | H17: =200*G17 -> 800
A18: Mr Nelson Mdluli | B18: 79080259 | C18: 45971 | F18: 3 | G18: 3 | H18: =200*G18 -> 600
A19: Mr Boniface Mdluli | B19: 79397236 | C19: 45965 | F19: 1 | G19: 1 | H19: =200*G19 -> 200
A20: KaMavimbela (Anastacia) | B20: 78155350 | C20: 45962 | F20: 2 | G20: 2 | H20: =200*G20 -> 400
A21: Melani Dlamini | B21: 79828919/76153240 | C21: 45971 | F21: 2 | G21: 1 | H21: =200*G21 -> 200
A22: Mr Mpostoli Mazibuko | B22: 79395067 | C22: 45965 | F22: 1 | G22: 1 | H22: =200*G22 -> 200
A23: Mr Thulane Dlamini | B23: 76048961 | C23: 45962 | F23: 2 | G23: 1 | H23: =200*G23 -> 200
A24: Mr Lucky Dlamini | B24: 76258468 | C24: 45962 | F24: 2 | G24: 2 | H24: =200*G24 -> 400
A25: Takangwane Ndwande | B25: 79383804 | C25: 45966 | F25: 2 | G25: 2 | H25: =200*G25 -> 400
A26: Mumcy Dlamini | B26: 76372196 | C26: 45969 | F26: 2 | G26: 2 | H26: =200*G26 -> 400
A27: David Mabuza (from Muzwabo) | B27: 79491067 | C27: 45967 | F27: 2 | G27: 2 | H27: =200*G27 -> 400
A28: Maheshe Mndzebele | B28: 76712562 | C28: 45966 | F28: 2 | G28: 2 | H28: =200*G28 -> 400
A29: Mr Mfanaleni Mndzebele | B29: 79258007 | C29: 45963 | F29: 1 | G29: 1 | H29: =200*G29 -> 200
A30: Gogo Malinga (replacing Maxwell) | B30: 76473419 | C30: 45966 | F30: 2 | G30: 2 | H30: =200*G30 -> 400
A31: Nonhle Mtsetfwa | B31: 79652950 | C31: 45966 | F31: 2 | G31: 1 | H31: =200*G31 -> 200
A32: Tula Ndlovu | B32: 79556383 | C32: 45966 | F32: 2 | G32: 1 | H32: =200*G32 -> 200
A33: Gogo Zwane | C33: 45962 | F33: 1 | G33: 1 | H33: =200*G33 -> 200
A34: Make Msibi | B34: 76836819 | C34: 45965 | F34: 1 | G34: 1 | H34: =200*G34 -> 200
A35: Gogo Mabuza (Hour from Tula) | C35: 45966 | G35: 1 | H35: =200*G35 -> 200
A36: Phindile Dlamini | C36: 45967 | G36: 1 | H36: =200*G36 -> 200
A37: Gogo Nkhonde | C37: 45967 | G37: 1 | H37: =200*G37 -> 200
A38: Mr Shilesh Mabuza | C38: 45967 | G38: 2 | H38: =200*G38 -> 400
A39: Make Khumalo | C39: 45967 | G39: 2 | H39: =200*G39 -> 400
A40: Sipho Mdluli | C40: 45969 | G40: 1 | H40: =200*G40 -> 200
A41: Sicelo Mndzebele | C41: 45969 | G41: 1 | H41: =200*G41 -> 200
A42: LaGadlela Ndwandwa | C42: 45969 | G42: 1 | H42: =200*G42 -> 200
A43: Letta mdluli | C43: 45969 | G43: 1 | H43: =200*G43 -> 200
A44: Mduduzi Vilakati | C44: 45969 | G44: 1 | H44: =200*G44 -> 200
A45: Tara Mndzebele | C45: 45971 | G45: 1 | H45: =200*G45 -> 200
H46: =200*G46 -> 0
H47: =200*G47 -> 0
H48: =200*G48 -> 0
E49: Total | F49: =SUM(F9:F48) -> 45 | G49: =SUM(G1:G48) -> 51 | H49: =SUM(H9:H48) -> 10200
E50: Total number of fields ploughed | F50: =COUNT(G10:G48) -> 36
D52: Checked By
D54: Signature
D56: Date

Sheet Gundvwini
A1: ICBC Ploughing Project
B2: Completed
A3: Name of ICBC: | B3: Gundvwini ICBC | E3: Name of Pastor | F3: Dumisani Mdluli
A4: Contractor's Full Name | B4: SZ Investment (Sithabiso Zwane) | E4: Contractor's ID Number
A5: Bank | B5: First National Bank | E5: Account Holder's Name | F5: Sithabiso Zwane
A6: Branch Code | B6: 281864 | E6: Account Number | F6: 62853630533
A9: Community Member’s Name & Surname | B9: Contact Details | C9: Date | D9: Start Time (Date & Time) | E9: Completion time (Date & Time) | F9: Number of Hours | G9: Actual Number of Hours | H9: Amount | I9: Location
A10: Ntambama Gwebu | B10: 76114031 | C10: 45981 | G10: 2 | H10: =200*G10 -> 400
A11: Mthandeni Dlamini | B11: 76805639 | C11: 45981 | G11: 2 | H11: =200*G11 -> 400
A12: Bongiwe Dludlu | B12: 79924433 | C12: 45981 | G12: 1 | H12: =200*G12 -> 200
A13: Gogo Motsa | B13: 76222292 | C13: 45981 | G13: 1 | H13: =200*G13 -> 200
A14: Make Hlophe | B14: 76185157 | C14: 45981 | G14: 2 | H14: =200*G14 -> 400
A15: Vimbela Dlamini | B15: 76079069 | C15: 45981 | G15: 1 | H15: =200*G15 -> 200
A16: Senzo Shongwe | B16: 76609495 | C16: 45981 | G16: 1 | H16: =200*G16 -> 200
A17: Bons'sile Gwebu | B17: 76627118 | C17: 45981 | G17: 2 | H17: =200*G17 -> 400
A18: Mendzi Gwebu | B18: 76417678 | C18: 45981 | G18: 2 | H18: =200*G18 -> 400
A19: Majahonkhe Gwebu | B19: 76802987 | C19: 45981 | G19: 1 | H19: =200*G19 -> 200
A20: Make Dlamini | B20: 76743511 | C20: 45981 | G20: 2 | H20: =200*G20 -> 400
A21: Babe Maseko | B21: 76812896 | C21: 45981 | G21: 2 | H21: =200*G21 -> 400
... A41: Robert Vilakati | B41: 78180538 | C41: 45990 | G41: 1 | H41: =200*G41 -> 200
A42: Moses Mndzebele | C42: 45990 | G42: 1 | H42: =200*G42 -> 200
H43: =200*G43 -> 0
H44: =200*G44 -> 0
E45: Total | F45: =SUM(F10:F44) -> 0 | G45: =SUM(G10:G44) -> 50 | H45: =SUM(H10:H44) -> 10000
E46: Total number of fields ploughed | F46: =COUNT(G10:G44) -> 33
D48: Checked By
D50: Signature
D52: Date

Sheet Hawane
A1: ICBC Ploughing Project | L1: ICBC Ploughing Project
B2: Completed | M2: Completed
A3: Name of ICBC: | B3: Hawane ICBC | E3: Name of Pastor | F3: Timothy Makhanya | L3: Name of ICBC: | M3: Hawane ICBC | P3: Name of Pastor | Q3: Timothy Makhanya
A4: Contractor's Full Name | B4: FNB Mbabane | E4: Contractor's ID Number | L4: Contractor's Full Name | M4: CMS | P4: Contractor's ID Number
A5: Bank | E5: Account Holder's Name | F5: Themba Hleta | L5: Bank | P5: Account Holder's Name | Q5: Wilton Nkhambule
A6: Branch Code | E6: Account Number | F6: 62232811861 | L6: Branch Code | P6: Account Number | Q6: 200 000 66185
A9: Community Member’s Name & Surname | B9: Contact Details | C9: Date | D9: Start Time (Date & Time) | E9: Completion time (Date & Time) | F9: Number of Hours | G9: Actual Number of Hours | H9: Amount | I9: Location | L9: Community Member’s Name & Surname | M9: Contact Details | N9: Date | O9: Start Time (Date & Time) | P9: Completion time (Date & Time) | Q9: Number of Hours | R9: Actual Number of Hours | S9: Amount | T9: Location
A10: Mkhonta Next to Hawane Primary | B10: 78633443 | C10: 45957 | G10: 1 | H10: =200*G10 -> 200 | L10: Ps Timothy Makhanya | N10: 20/11/24 | Q10: 1.5 | R10: 1.5 | S10: =300*R10 -> 450
A11: Sithole Next to Hawane Primary | B11: 76476536 | C11: 45957 | G11: 1 | H11: =200*G11 -> 200 | L11: Ps Timothy Makhanya | N11: 20/11/24 | Q11: 1.2 | R11: 1.2 | S11: =300*R11 -> 360
A12: Joyce Lukhele | B12: 76771194 | C12: 45957 | G12: 2 | H12: =200*G12 -> 400 | L12: Ps Timothy Makhanya | N12: 21/11/24 | Q12: 1.2 | R12: 1.2 | S12: =300*R12 -> 360
A13: Gogo Matsebula | B13: 79879732 | C13: 45957 | G13: 1 | H13: =200*G13 -> 200 | S13: =300*R13 -> 0
A14: Mbuso Ndlela | B14: 76323489 | C14: 45758 | G14: 1 | H14: =200*G14 -> 200 | I14: 26° 12' 33.2003" S 31° 5' 41.5219" E | S14: =300*R14 -> 0
A15: Jabu Mlotshwa | B15: 78300499 | C15: 45758 | G15: 1 | H15: =200*G15 -> 200 | I15: 26° 12' 34.4938" S 31° 5' 6.2732" E | S15: =300*R15 -> 0
A16: Siboniso Ntjalintjali | B16: 76656417 | C16: 45758 | G16: 2 | H16: =200*G16 -> 400 | S16: =300*R16 -> 0
A17: Peter Mabuza by the dam | B17: 76933155 | C17: 45758 | G17: 2 | H17: =200*G17 -> 400 | I17: 26° 13' 6.2476" S 31° 5' 15.5807" E | S17: =300*R17 -> 0
A18: Gogo Magongo ngase FEA | B18: 76596114 | C18: 45758 | G18: 2 | H18: =200*G18 -> 400 | S18: =300*R18 -> 0
A19: Make Nombulelo | B19: 7624 9886 | C19: 45758 | G19: 1 | H19: =200*G19 -> 200 | I19: 26° 10' 11.3369" S 31° 6' 24.9376" E | S19: =300*R19 -> 0
A20: Maduna | B20: 78262620 | C20: 45788 | G20: 1 | H20: =200*G20 -> 200 | I20: 26° 10' 13.1639" S 31° 6' 25.0132" E | S20: =300*R20 -> 0
A21: KaDube eMhlosheni | B21: 76034792 | C21: 45788 | G21: 1 | H21: =200*G21 -> 200 | S21: =300*R21 -> 0
A22: Roman Nxumalo | C22: 45788 | G22: 1 | H22: =200*G22 -> 200 | S22: =300*R22 -> 0
A23: Babe waLusanda Nxumalo | B23: 7605 7085 | C23: 45788 | G23: 1 | H23: =200*G23 -> 200 | S23: =300*R23 -> 0
A24: Make Dlamini | B24: 79258179 | C24: 45819 | G24: 1 | H24: =200*G24 -> 200 | I24: 26° 9' 53.964" S 31° 6' 21.4016" E | S24: =300*R24 -> 0
A25: Make Manzini | B25: 76062704 | C25: 45819 | G25: 2 | H25: =200*G25 -> 400 | I25: 26° 9' 58.622" S 31° 6' 25.7324" E | S25: =300*R25 -> 0
A26: Makhanya | B26: 7665 8129 | C26: 45819 | G26: 1 | H26: =200*G26 -> 200 | I26: 26° 10' 2.1342" S 31° 6' 12.4693" E | S26: =300*R26 -> 0
A27: KaMhlanga (Winile) | B27: 76137999 | C27: 45819 | G27: 1 | H27: =200*G27 -> 200 | I27: 26° 11' 39.1913" S 31° 3' 22.8506" E | S27: =300*R27 -> 0
A28: Ndlangamandla next to dam | B28: 78065362 | C28: 45819 | G28: 1 | H28: =200*G28 -> 200 | I28: 26° 13' 21.7582" S 31° 4' 39.0385" E | S28: =300*R28 -> 0
A29: Themba & Beauty Hlophe | B29: 76416779 | C29: 45819 | G29: 2 | H29: =200*G29 -> 400 | S29: =300*R29 -> 0
A30: Siniketiwe Dlamini | B30: 76277422 | C30: 45849 | G30: 1 | H30: =G30*200 -> 200 | I30: 26° 13' 3.2614" S 31° 2' 45.0838" E
A31: Bhembe by Hawane dam | B31: 76754494 | C31: 45971 | G31: 1 | H31: =200*G31 -> 200 | I31: 26° 13' 0.4912" S 31° 5' 16.1416" E | S31: =300*R31 -> 0
A32: Mkhwanazi | B32: 79739380 | C32: 45971 | G32: 1 | H32: =200*G32 -> 200 | I32: ]' | S32: =300*R32 -> 0
A33: Nkambule | B33: 76857177 | C33: 45971 | G33: 1 | H33: =200*G33 -> 200 | I33: 26° 12' 51.1844" S 31° 5' 17.0563" E | S33: =300*R33 -> 0
A34: Kunene by Hawane dam | B34: 76857177 | C34: 45971 | G34: 1 | H34: =200*G34 -> 200 | I34: 26° 13' 0.953" S 31° 5' 23.4287" E | S34: =300*R34 -> 0
A35: Mncina Mkhwanazi | B35: 79982552 | C35: 45971 | G35: 1 | H35: =200*G35 -> 200 | I35: 26° 12' 42.6492" S 31° 5' 22.7479" E | S35: =300*R35 -> 0
A36: Sibandze | B36: 76023881 | G36: 1 | H36: =200*G36 -> 200 | S36: =300*R36 -> 0
A37: Bill | B37: 76117865 | G37: 1 | H37: =200*G37 -> 200 | S37: =300*R37 -> 0
A38: Star Mlotshwa | B38: 79816197 | G38: 1 | H38: =200*G38 -> 200 | S38: =300*R38 -> 0
A39: Nkambule (White City) | B39: 76932227 | G39: 2 | H39: =200*G39 -> 400 | S39: =300*R39 -> 0
A40: Dlamini | B40: 79241618 | G40: 1 | H40: =200*G40 -> 200 | S40: =300*R40 -> 0
A41: Shabangu | B41: 78126414 | G41: 1 | H41: =200*G41 -> 200
A42: Mbuso Masina | B42: 76115346 | G42: 1 | H42: =200*G42 -> 200 | S42: =300*R42 -> 0
A43: Mzwandile Matsebula | B43: 78521959 | G43: 1 | H43: =200*G43 -> 200 | S43: =300*R43 -> 0
A44: Shongwe | B44: 76073816 | G44: 2 | H44: =200*G44 -> 400 | S44: =300*R44 -> 0
A45: Dan Mkhwanazi | B45: 79871537 | G45: 1 | H45: =200*G45 -> 200
A46: Dlamini | B46: 76136582 | G46: 1 | H46: =200*G46 -> 200
A47: C.S Dlamini | B47: 78183325 | G47: 1 | H47: =200*G47 -> 200
A48: Mbingo | B48: 76031270 | G48: 1 | H48: =200*G48 -> 200
A49: Kunene | B49: 76446495 | G49: 1 | H49: =200*G49 -> 200
A50: Mkhwanazi | B50: 79982552 | G50: 1 | H50: =200*G50 -> 200
A51: Lukhuleni | B51: 76956953 | G51: 1 | H51: =200*G51 -> 200 | S51: =300*R51 -> 0
E52: Total | F52: =SUM(F10:F51) -> 0 | G52: =SUM(G10:G51) -> 50 | H52: =SUM(H10:H51) -> 10000 | P52: Total | Q52: =SUM(Q10:Q51) -> 3.9 | R52: =SUM(R10:R51) -> 3.9 | S52: =SUM(S10:S51) -> 1170
E53: Total number of fields ploughed | F53: =COUNT(G10:G51) -> 42 | P53: Total number of fields ploughed | Q53: 3
D55: Checked By | O55: Checked By
D56: Signature | O56: Signature
D57: Date | O57: Date

Sheet Jubukweni
A1: ICBC Ploughing Project
B2: Completed
A3: Name of ICBC: | B3: Jubukweni ICBC | E3: Name of Pastor | F3: Sipho Kunene
A4: Contractor's Full Name | B4: MR MXOLISI M C GUMEDE | E4: Contractor's ID Number
A5: Bank | B5: FNB | E5: Account Holder's Name | F5: MR MXOLISI M C GUMEDE
A6: Branch Code | B6: 661164 PIGGS PEAK | E6: Account Number | F6: 62449004928
A9: Community Member’s Name & Surname | B9: Contact Details | C9: Date | D9: Start Time (Date & Time) | E9: Completion time (Date & Time) | F9: Number of Hours | G9: Actual Number of Hours | H9: Amount | I9: Location
A10: Make Masilela | B10: 76606658 | C10: 45936 | D10: 1330 | E10: 1730 | F10: 4 | G10: 4 | H10: =G10*200 -> 800
A11: Gogo Mnisi | B11: 76419622 | C11: 45938 | D11: 0530 | E11: 1030 | F11: 5 | G11: 5 | H11: =G11*200 -> 1000
A12: Make Skhondze | B12: 79653860 | C12: 45936 | D12: 0600 | E12: 1000 | F12: 4 | G12: 4 | H12: =G12*200 -> 800
A13: Mumcy Magongo | B13: 76346047 | C13: 45932 | D13: 0700 | E13: 1000 | F13: 3 | G13: 3 | H13: =G13*200 -> 600
A14: Make Nhlabatsi | B14: 76191645 | C14: 45937 | D14: 1015 | E14: 1215 | F14: 2 | G14: 2 | H14: =G14*200 -> 400
A15: Babe Khumalo | B15: 76123023 | C15: 45938 | D15: 1345 | E15: 1545 | F15: 2 | G15: 2 | H15: =G15*200 -> 400
A16: Make Mnisi | B16: 76234210 | C16: 44837 | D16: 0620 | E16: 0820 | F16: 2 | G16: 2 | H16: =G16*200 -> 400
A17: Emphakatsini | B17: 76146854 | C17: 45933 | D17: 1015 | E17: 1315 | F17: 3 | G17: 3 | H17: =G17*200 -> 600
A18: Ndvuna Mabuza | B18: 78515805 | C18: 45938 | D18: 1100 | E18: 1300 | F18: 2 | G18: 2 | H18: =G18*200 -> 400
A19: Make Masilela | B19: 76326608 | C19: 45932 | D19: 0930 | E19: 1130 | F19: 2 | G19: 2 | H19: =G19*200 -> 400
A20: Babe Ngwenya | B20: 76053506 | C20: 45935 | D20: 0710 | E20: 0940 | F20: 2.5 | G20: 2.5 | H20: =G20*200 -> 500
A21: Babe Gama R. | B21: 78251422 | C21: 45936 | D21: 1030 | E21: 1230 | F21: 2 | G21: 2 | H21: =G21*200 -> 400
A22: Thembinkosi Gama | B22: 763309243 | C22: 45940 | D22: 1030 | F22: 4 | G22: 4 | H22: =G22*200 -> 800
A23: KaMaphalala | B23: 79590877 | F23: 2 | G23: 2 | H23: =G23*200 -> 400
A24: Make Mamba | F24: 1 | G24: 1 | H24: =G24*200 -> 200
A25: Mkhulu Mnisi | B25: 79786881 | F25: 2 | G25: 2 | H25: =G25*200 -> 400
A26: Make Nkambule | B26: 78132547 | F26: 1 | G26: 1 | H26: =G26*200 -> 200
A27: Thobile Dlamini | B27: 76226713 | F27: 2 | G27: 2 | H27: =G27*200 -> 400
A28: Make Zwane | B28: 76355080 | F28: 1.5 | G28: 1.5 | H28: =G28*200 -> 300
A29: Gogo Skhondze | B29: 78646249 | F29: 1 | G29: 1 | H29: =G29*200 -> 200
A30: Games Mnisi | B30: 76146854 | F30: 1 | G30: 1 | H30: =G30*200 -> 200
A31: Esontfweni | B31: 76172351 | F31: 1 | G31: 1 | H31: =G31*200 -> 200
H32: =G32*200 -> 0
H33: =G33*200 -> 0
H34: =G34*200 -> 0
H35: =G35*200 -> 0
H36: =G36*200 -> 0
H37: =G37*200 -> 0
H38: =G38*200 -> 0
H39: =G39*200 -> 0
H40: =G40*200 -> 0
H41: =G41*200 -> 0
E42: Total | F42: =SUM(F10:F41) -> 50 | G42: =SUM(G10:G41) -> 50 | H42: =SUM(H2:H41) -> 10000
E43: Total number of fields ploughed | F43: =COUNT(G10:G41) -> 22
D45: Checked By
D46: Signature
D47: Date

Sheet Kaliba
A1: ICBC Ploughing Project
B2: Completed
A3: Name of ICBC: | B3: KaLiba ICBC | E3: Name of Pastor | F3: Majahonkhe Tsabedze
A4: Contractor's Full Name | E4: Contractor's ID Number
A5: Bank | E5: Account Holder's Name
A6: Branch Code | E6: Account Number
A9: Community Member’s Name & Surname | B9: Contact Details | C9: Date | D9: Start Time (Date & Time) | E9: Completion time (Date & Time) | F9: Number of Hours | G9: Actual Number of Hours | H9: Amount | I9: Location
A10: Samkelo Myeni | B10: 7614 8718 | C10: 45972 | G10: 3 | H10: =200*G10 -> 600
A11: Sambane Fakudze | B11: 7612 3830 | C11: 45972 | G11: 1 | H11: =200*G11 -> 200
A12: Takhona Malindzisa | B12: 76607815 | C12: 45972 | G12: 1 | H12: =200*G12 -> 200
A13: Loheshe Dlamini | B13: 7835 6640 | C13: 45972 | G13: 1 | H13: =200*G13 -> 200
A14: Nokulunga Hlophe | B14: 7813 9964 | C14: 45972 | G14: 1 | H14: =200*G14 -> 200
A15: Lomsombuluko Malindzisa | B15: 78261614 | C15: 46002 | G15: 2 | H15: =200*G15 -> 400
A16: Ndlaleni Mabuza | B16: 76518082 | C16: 46002 | G16: 2 | H16: =200*G16 -> 400
A17: Khaya Mabuza | B17: 78165052 | C17: 46002 | G17: 2 | H17: =200*G17 -> 400
A18: Mbhasobhi Zungu | B18: 7807 6200 | C18: 46002 | G18: 1 | H18: =200*G18 -> 200
A19: Ezekiel Mabuza | B19: 7614 8833 | C19: 46002 | G19: 1 | H19: =200*G19 -> 200
A20: Nomzamo Malindzisa | B20: 7673 7996 | C20: 46002 | G20: 1 | H20: =200*G20 -> 200
A21: Sipho Fakudze | B21: 78075156 | C21: 13/11/25 | G21: 3 | H21: =200*G21 -> 600
A22: Dumisa Fakudze | B22: 76803606 | C22: 13/11/25 | G22: 1 | H22: =200*G22 -> 200
A23: Thulani Sithole | B23: 7660 8129 | C23: 13/11/25 | G23: 1 | H23: =200*G23 -> 200
A24: Scelo Mkhweli | B24: 7834 8129 | C24: 13/11/25 | G24: 2 | H24: =200*G24 -> 400
A25: Ntfombiyenkhosi Dlamini | B25: 7694 5178 | C25: 14/11/25 | G25: 2 | H25: =200*G25 -> 400
A26: Philile Simelane | B26: 7801 4305 | C26: 14/11/25 | G26: 1 | H26: =200*G26 -> 200
A27: Lubhokobhoko Dlamini | B27: 76437743 | C27: 14/11/25 | G27: 2 | H27: =200*G27 -> 400
A28: Mncobi Mndzebele | B28: 7676 5345 | C28: 14/11/25 | G28: 2 | H28: =200*G28 -> 400
A29: Jabulani Mamba | B29: 76592621 | C29: 26/11/25 | G29: 1 | H29: =200*G29 -> 200
A30: Lonah Dlamini | B30: 76774833 | C30: 26/11/25 | G30: 1 | H30: =200*G30 -> 200
A31: Eric Dlamini | B31: 76894912 | C31: 26/11/25 | G31: 2 | H31: =200*G31 -> 400
A32: Mdumseni Shlongonyane | B32: 76389677 | C32: 26/11/25 | G32: 1 | H32: =200*G32 -> 200
A33: LaMangwe Shlongonyane | B33: 79209968 | C33: 26/11/25 | G33: 2 | H33: =200*G33 -> 400
A34: Nokwanda Jele | B34: 78707159 | C34: 26/11/25 | G34: 1 | H34: =200*G34 -> 200
A35: Mnikwa Dlamini | B35: 76967645 | C35: 24/11/25 | G35: 2 | H35: =200*G35 -> 400
A36: Sagila Malindzisa | B36: 76721035 | C36: 24/11/25 | G36: 1 | H36: =200*G36 -> 200
A37: Gogo Makhubu | B37: 76746433 | C37: 24/11/25 | G37: 1 | H37: =200*G37 -> 200
A38: Sphelele Dlamini | B38: 78890323 | C38: 24/11/25 | G38: 2 | H38: =200*G38 -> 400
A39: Nonduduzo Malindzisa | B39: 78408431 | C39: 24/11/25 | G39: 1 | H39: =200*G39 -> 200
A40: Majahonkhe Tsabedze | B40: 76603443 | C40: 27/11/25 | G40: 2 | H40: =200*G40 -> 400
A41: Smanga Dlamini | B41: 78033847 | C41: 27/11/25 | G41: 3 | H41: =200*G41 -> 600
H42: =200*G42 -> 0
H43: =200*G43 -> 0
H44: =200*G44 -> 0
H45: =200*G45 -> 0
H46: =200*G46 -> 0
H47: =200*G47 -> 0
H48: =200*G48 -> 0
E49: Total | F49: =SUM(F9:F48) -> 0 | G49: =SUM(G10:G48) -> 50 | H49: =SUM(H9:H48) -> 10000
E50: Total number of fields ploughed | F50: =COUNT(G10:G48) -> 32
D52: Checked By
D53: Signature
D54: Date

Sheet KaNcesi
A1: ICBC Ploughing Project
B2: Not Started
A3: Name of ICBC: | B3: KaNcesi ICBC | E3: Name of Pastor | F3: Joel Tsela
A4: Contractor's Full Name | E4: Contractor's ID Number
A5: Bank | E5: Account Holder's Name
A6: Branch Code | E6: Account Number
A9: Community Member’s Name & Surname | B9: Contact Details | C9: Date | D9: Start Time (Date & Time) | E9: Completion time (Date & Time) | F9: Number of Hours | G9: Actual Number of Hours | H9: Amount | I9: Location
H10: =200*G10 -> 0
H11: =200*G11 -> 0
H12: =200*G12 -> 0
H13: =200*G13 -> 0
H14: =200*G14 -> 0
H15: =200*G15 -> 0
H16: =200*G16 -> 0
H17: =200*G17 -> 0
H18: =200*G18 -> 0
H19: =200*G19 -> 0
H20: =200*G20 -> 0
H21: =200*G21 -> 0
... H47: =200*G47 -> 0
E48: Total | F48: =SUM(F9:F47) -> 0 | G48: =SUM(G1:G47) -> 0 | H48: =SUM(H9:H47) -> 0
E49: Total number of fields ploughed | F49: =COUNT(G10:G47) -> 0
D51: Checked By
D52: Signature
D53: Date

Sheet Lavumisa
A1: ICBC Ploughing Project
B2: Did Not Plough
A3: Name of ICBC: | B3: Lavumisa ICBC | E3: Name of Pastor | F3: Sabelo Gina
A4: Contractor's Full Name | B4: Sunboy Sithembiso Msibi | E4: Contractor's ID Number
A5: Bank | B5: Fist National Bank | E5: Account Holder's Name | F5: Sunboy Sithembiso Msibi
A6: Branch Code | E6: Account Number | F6: E- Wallet 76122450
A9: Community Member’s Name & Surname | B9: Contact Details | C9: Date | D9: Start Time (Date & Time) | E9: Completion time (Date & Time) | F9: Number of Hours | G9: Actual Number of Hours | H9: Amount | I9: Location
E31: Total | F31: =SUM(F10:F30) -> 0 | G31: =SUM(G1:G30) -> 0 | H31: =SUM(H10:H30) -> 0
E32: Total number of fields ploughed | F32: =COUNT(G2:G30) -> 0
D34: Checked By
D35: Signature
D36: Date

Sheet Lundzi
A1: ICBC Ploughing Project
B2: In Progress
A3: Name of ICBC: | B3: Lundzi ICBC | E3: Name of Pastor | F3: Bongiswa Ntshalintshali
A4: Contractor's Full Name | B4: Dlamini Enock Siboniso | E4: Contractor's ID Number
A5: Bank | B5: Nedbank | E5: Account Holder's Name | F5: Dlamini Enock Siboniso
A6: Branch Code | B6: Mbabane | E6: Account Number | F6: 20000040817
A9: Community Member’s Name & Surname | B9: Contact Details | C9: Date | D9: Start Time (Date & Time) | E9: Completion time (Date & Time) | F9: Number of Hours | G9: Actual Number of Hours | H9: Amount | I9: Location
A10: Babe Shongwe | B10: 76670768 | C10: 45964 | D10: 0.29166667 | E10: 0.33333333 | G10: 1 | H10: =200*G10 -> 200
A11: Gogo E | B11: 76039069 | C11: 45964 | D11: 0.39583333 | E11: 0.48958333 | G11: 2 | H11: =200*G11 -> 400
A12: Make Kunene | B12: 76903917 | C12: 45964 | D12: 0.54166667 | E12: 0.59375 | G12: 1 | H12: =200*G12 -> 200
A13: Boy Dlamini | B13: 76909991 | C13: 45966 | D13: 0.20833333 | E13: 0.25694444 | G13: 1 | H13: =200*G13 -> 200
A14: Make Ginindza | B14: 76287146 | C14: 45966 | D14: 0.49305556 | E14: 0.54861111 | G14: 1 | H14: =200*G14 -> 200
A15: Babe Mdluli | B15: 76518751 | C15: 45968 | D15: 0.54166667 | E15: 0.63888889 | G15: 2 | H15: =200*G15 -> 400
A16: Make Nkhambule | B16: 76446827 | C16: 45971 | D16: 0.20833333 | E16: 0.25694444 | G16: 1 | H16: =200*G16 -> 200
A17: Make Mkhonta | B17: 76522170 | C17: 45971 | D17: 0.36458333 | E17: 0.40972222 | G17: 1 | H17: =200*G17 -> 200
A18: Make Zwane | B18: 79162424 | C18: 45971 | D18: 0.42361111 | E18: 0.47916667 | G18: 1 | H18: =200*G18 -> 200
A19: Make Mayisela | B19: 76417505 | C19: 45971 | D19: 0.50347222 | E19: 0.54861111 | G19: 1 | H19: =200*G19 -> 200
A20: Mduduzi Shongwe | B20: 76676768 | C20: 45971 | D20: 13::30 | E20: 0.61805556 | G20: 1 | H20: =200*G20 -> 200
A21: Ntokozo Masuku | B21: 76127398 | C21: 45971 | D21: 0.625 | E21: 0.72916667 | G21: 2 | H21: =200*G21 -> 400
A22: Gogo Masuku | B22: 76127398 | C22: 45972 | D22: 0.67361111 | E22: 0.72916667 | G22: 1 | H22: =200*G22 -> 200
A23: Siboniso Dlamini | B23: 76042547 | C23: 45972 | D23: 11/11/2025, 17h50 - 20h50 | E23: 12/05/2025, 06h00 - 13h30 | G23: 10 | H23: =200*G23 -> 2000
A24: Sipho Dlamini | B24: 76042547 | C24: 45972 | D24: 0.20833333 | E24: 0.35416667 | G24: 3 | H24: =200*G24 -> 600
A25: Topolo Dlamini | B25: 78144707 | C25: 45972 | D25: 0.41666667 | E25: 0.46527778 | G25: 1 | H25: =200*G25 -> 200
A26: Babe Ngwenya | B26: 76230687 | C26: 45972 | D26: 0.52083333 | E26: 0.56944444 | G26: 2 | H26: =200*G26 -> 400
A27: Babe Mahlalela | B27: 76298599 | C27: 45972 | D27: 0.66666667 | E27: 0.72222222 | G27: 1 | H27: =200*G27 -> 200
A28: LaGinindza | B28: 7677866- | C28: 45973 | D28: 0.25694444 | E28: 0.3125 | G28: 3 | H28: =200*G28 -> 600
A29: LaNkhosi | B29: 76661662 | C29: 45973 | D29: 0.41666667 | E29: 0.55555556 | G29: 3 | H29: =200*G29 -> 600
A30: Make Tsabedze | B30: 76708727 | C30: 45973 | D30: 0.57638889 | E30: 0.66666667 | G30: 2 | H30: =200*G30 -> 400
A31: Babe Lukhele | B31: 76142411 | C31: 45973 | D31: 0.70833333 | E31: 0.75347222 | G31: 1 | H31: =200*G31 -> 200
A32: Jeff Ginindza | B32: 76792194 | C32: 45986 | D32: 0.41666667 | E32: 0.46527778 | G32: 1 | H32: =200*G32 -> 200
A33: Make Nxumalo | B33: 78275548 | C33: 45986 | D33: 0.5 | E33: 0.55208333 | G33: 1 | H33: =200*G33 -> 200
A34: Make Ndwandwa | B34: 76417505 | C34: 45986 | D34: 0.5625 | E34: 0.61111111 | G34: 1 | H34: =200*G34 -> 200
A35: Bongiswa Ntshalintshali | B35: 76051596 | C35: 45996 | D35: 0.58333333 | E35: 0.8125 | G35: 5 | H35: =200*G35 -> 1000
H36: =200*G36 -> 0
E37: Total | F37: =SUM(F10:F36) -> 0 | G37: =SUM(G10:G36) -> 50 | H37: =SUM(H10:H36) -> 10000
E38: Total number of fields ploughed | F38: =COUNT(G2:G36) -> 26
D40: Checked By
D41: Signature
D42: Date

Sheet Lonhlalane
A1: ICBC Ploughing Project
B2: Completed
A3: Name of ICBC: | B3: Lonhlalane ICBC | E3: Name of Pastor | F3: Johannes Ndwandwe
A4: Contractor's Full Name | B4: Vusumuzi Mhlanga | E4: Contractor's Number
A5: Bank | B5: Eswatini Bank | E5: Account Holder's Name | F5: Vulamehlo Zinyane
A6: Branch Code | B6: 770000 | E6: Account Number | F6: 77400342329
A9: Community Member’s Name & Surname | B9: Contact Details | C9: Date | D9: Start Time (Date & Time) | E9: Completion time (Date & Time) | F9: Number of Hours | G9: Actual Number of Hours | H9: Amount | I9: Location
A10: Solom Magagula | B10: 76428819 | C10: 45965 | D10: 7h15 | E10: 8h15 | G10: 1 | H10: =G10*200 -> 200
A11: Nkomo Nelson | B11: 78179944 | C11: 45965 | D11: 8h40 | E11: 9h40 | G11: 1 | H11: =G11*200 -> 200
A12: Nkomo Lindiwe | B12: 76898410 | C12: 45965 | D12: 10h00 | E12: 11h00 | G12: 1 | H12: =G12*200 -> 200
A13: Lucky Gumedze | B13: 76860207 | C13: 45965 | D13: 11h15 | E13: 12h15 | G13: 1 | H13: =G13*200 -> 200
A14: Nozipho Luhlanga | B14: 78052181 | C14: 45965 | D14: 13h30 | E14: 14h30 | G14: 1 | H14: =G14*200 -> 200
A15: Gumedze Tfobhi | B15: 76733059 | C15: 45965 | D15: 15h30 | E15: 16h30 | G15: 1 | H15: =G15*200 -> 200
A16: Malambe Thabile | B16: 79957449 | C16: 45967 | D16: 6h10 | E16: 7h10 | G16: 1 | H16: =G16*200 -> 200
A17: Dlamini Ncamsile | B17: 78544328 | C17: 45967 | D17: 8h00 | E17: 9h00 | G17: 1 | H17: =G17*200 -> 200
A18: Mhlanga Tapede | B18: 76707757 | C18: 45967 | D18: 9h15 | E18: 10h15 | G18: 1 | H18: =G18*200 -> 200
A19: Mgabhi Mhlengi | B19: 76510530 | C19: 45967 | D19: 11h40 | E19: 12h40 | G19: 1 | H19: =G19*200 -> 200
A20: Mvubu Cebile | B20: 78285149 | C20: 45967 | D20: 13h35 | E20: 14h35 | G20: 1 | H20: =G20*200 -> 200
A21: Mvubu Sikelela | B21: 76146460 | C21: 45967 | D21: 16h10 | E21: 5h10 | G21: 1 | H21: =G21*200 -> 200
... A24: Dlamini Lindiwe | B24: 78116403 | C24: 45968 | D24: 9h40 | E24: 10h40 | G24: 1 | H24: =G24*200 -> 200
A25: Mahlalela Amose | C25: 45968 | D25: 11h10 | E25: 12h10 | G25: 1 | H25: =G25*200 -> 200
A26: Mahlalela Velaphi | C26: 45968 | D26: 14h00 | E26: 15h00 | G26: 1 | H26: =G26*200 -> 200
A27: Gumede Sabelo | C27: 45970 | D27: 8h00 | E27: 9h00 | G27: 1 | H27: =G27*200 -> 200
A28: Nkomo Moses | C28: 45970 | D28: 9h30 | E28: 10h30 | G28: 1 | H28: =G28*200 -> 200
A29: Mhlanga Sikhulile | B29: 76814493 | C29: 45970 | D29: 11h15 | E29: 12h15 | G29: 1 | H29: =G29*200 -> 200
A30: Magagula Nomfundo | B30: 76117266 | C30: 45970 | D30: 14h00 | E30: 15h00 | G30: 1 | H30: =G30*200 -> 200
A31: Sifundza Winile | B31: 78462122 | C31: 45970 | D31: 16h20 | E31: 17h20 | G31: 1 | H31: =G31*200 -> 200
A32: Mhlanga Majahonkhe | B32: 76952483 | C32: 45970 | D32: 17h30 | E32: 18h30 | G32: 1 | H32: =G32*200 -> 200
A33: Mngometulu Noxolo | C33: 45970 | D33: 6h40 | E33: 19h40 | G33: 1 | H33: =G33*200 -> 200
A34: Matsebula Ntombi | B34: 78469406 | C34: 45975 | D34: 10h00 | E34: 11h00 | G34: 1 | H34: =G34*200 -> 200
A35: Gumedze Sibonanga | B35: 76745159 | C35: 45975 | D35: 12h00 | E35: 13h00 | G35: 1 | H35: =G35*200 -> 200
A36: Magagula Mandla | B36: 78726329 | C36: 45975 | D36: 15h15 | E36: 16h00 | G36: 1 | H36: =G36*200 -> 200
A37: Mvubu Samkelisiwe | B37: 76317289 | C37: 45975 | D37: 17h09 | E37: 18h09 | G37: 1 | H37: =G37*200 -> 200
A38: Gumedze Mhawu | B38: 76470323 | C38: 45976 | D38: 7h30 | E38: 8h30 | G38: 1 | H38: =G38*200 -> 200
A39: Mhlanga Zodwa | B39: 76259686 | C39: 45976 | D39: 11h45 | E39: 12h40 | G39: 1 | H39: =G39*200 -> 200
A40: Gumedze Shushomba | B40: 78262359 | C40: 45983 | D40: 11h00 | E40: 12h00 | G40: 1 | H40: =G40*200 -> 200
A41: Zodwa Lubhedze | C41: 45983 | D41: 14h15 | E41: 15h10 | G41: 1 | H41: =G41*200 -> 200
A42: Gcebile Hlatjwako | B42: 76859261 | C42: 45983 | D42: 16h00 | E42: 17h00 | G42: 1 | H42: =G42*200 -> 200
A43: Malambe Khombisile | B43: 78874674 | C43: 45986 | D43: 13h00 | E43: 14h00 | G43: 1 | H43: =G43*200 -> 200
A44: Lencane Mdambe | B44: 76995162 | C44: 45986 | D44: 14h15 | E44: 15h00 | G44: 1 | H44: =G44*200 -> 200
A45: Mamba Nkosinathi | B45: 76527858 | C45: 45986 | D45: 9h00 | E45: 10h00 | G45: 1 | H45: =G45*200 -> 200
A46: Lubhedze Mancoba | B46: 76031665 | C46: 45987 | D46: 14h40 | E46: 15h40 | G46: 1 | H46: =G46*200 -> 200
A47: Malambe Zandile | B47: 76396381 | C47: 45987 | D47: 7h00 | E47: 8h03 | G47: 1 | H47: =G47*200 -> 200
A48: Lubhedze Elizabeth | B48: 76630441 | C48: 45990 | D48: 9h20 | E48: 10h20 | G48: 1 | H48: =G48*200 -> 200
A49: Dlamini Thembisile | B49: 76578999 | C49: 45990 | D49: 15h00 | E49: 16h00 | G49: 1 | H49: =G49*200 -> 200
A50: Nhleko Siphiwe | B50: 76994648 | C50: 45993 | D50: 10h40 | E50: 11h09 | G50: 1 | H50: =G50*200 -> 200
A51: Lubhedze Njabulo | C51: 45993 | D51: 13h15 | E51: 14h15 | G51: 1 | H51: =G51*200 -> 200
A52: Velaphi Magagula | C52: 45996 | D52: 08h00 | E52: 9h00 | G52: 1 | H52: =G52*200 -> 200
A53: Mandla Magagula | C53: 45996 | D53: 11h10 | E53: 12h10 | G53: 1 | H53: =G53*200 -> 200
A54: Grace Hlatjwako | C54: 45998 | D54: 7h45 | E54: 8h30 | G54: 1 | H54: =G54*200 -> 200
A55: Jabulile Malambe | C55: 45998 | D55: 10h15 | E55: 11h15 | G55: 1 | H55: =G55*200 -> 200
A56: Sibongile Lubhedze | C56: 45998 | D56: 14h50 | E56: 15h50 | G56: 1 | H56: =G56*200 -> 200
A57: Zodwa Nkambule | C57: 46000 | D57: 8h00 | E57: 9h00 | G57: 1 | H57: =G57*200 -> 200
A58: Nomasondo Simelane | C58: 46000 | D58: 12h10 | E58: 1h10 | G58: 1 | H58: =G58*200 -> 200
A59: Vuma Kunene | C59: 46001 | D59: 11h45 | E59: 12h10 | G59: 1 | H59: =G59*200 -> 200
H60: =G60*200 -> 0
H61: =G61*200 -> 0
H62: =G62*200 -> 0
H63: =G63*200 -> 0
E64: Total | F64: =SUM(F9:F63) -> 0 | G64: =SUM(G1:G63) -> 50 | H64: =SUM(H9:H63) -> 10000
E65: Total number of fields ploughed | F65: =COUNT(G10:G63) -> 50
D67: Checked By
D68: Signature
D69: Date

Sheet Lushikishini
A1: ICBC Ploughing Project
B2: COMPLETE - NMC
A3: Name of ICBC: | B3: Lushikishini ICBC | E3: Name of Pastor | F3: Phumzile Dlamini
A4: Contractor's Full Name | B4: National Maize Corporation | E4: Contractor's ID Number
A5: Bank | E5: Account Holder's Name
A6: Branch Code | E6: Account Number
A9: Community Member’s Name & Surname | B9: Contact Details | C9: Date | D9: Start Time (Date & Time) | E9: Completion time (Date & Time) | F9: Number of Hours | G9: Actual Number of Hours | H9: Amount | I9: Location
A10: Mazibuko Sipho | B10: 7633447 | F10: 2 | G10: 2 | H10: =G10*200 -> 400
A11: Hlophe Sibongile | B11: 76274234 | F11: 2 | G11: 2 | H11: =G11*200 -> 400
A12: Shongwe Thabile | B12: 78542803 | F12: 2 | G12: 2 | H12: =G12*200 -> 400
A13: Hlophe Saulinah | B13: 78437795 | F13: 1 | G13: 1 | H13: =G13*200 -> 200
A14: Mdluli Gladys | B14: 76914263 | F14: 3 | G14: 3 | H14: =G14*200 -> 600
A15: Motsa Mavis | B15: 76419290 | F15: 1 | G15: 1 | H15: =G15*200 -> 200
A16: Hlophe Lomacala | B16: 76794648 | F16: 1 | G16: 1 | H16: =G16*200 -> 200
A17: Hlophe Lomacala | B17: 76794648 | F17: 2 | G17: 2 | H17: =G17*200 -> 400
A18: Ndlovu Matilda | B18: 76606547 | F18: 2 | G18: 2 | H18: =G18*200 -> 400
A19: Mabuza Sibongile | B19: 76727653 | F19: 4 | G19: 4 | H19: =G19*200 -> 800
A20: Nzimandze Cebsile | B20: 78775945 | F20: 1 | G20: 1 | H20: =G20*200 -> 200
A21: Maseko Vusi | B21: 76830090 | F21: 2 | G21: 2 | H21: =G21*200 -> 400
... A30: Nompumelelo Dlamini | B30: 76297184 | F30: 2 | G30: 2 | H30: =G30*200 -> 400
E31: Total | F31: =SUM(F10:F29) -> 33 | G31: =SUM(G10:G29) -> 33 | H31: =SUM(H10:H30) -> 7000
E32: Total number of fields ploughed | F32: =COUNT(G2:G30) -> 21
D34: Checked By
D35: Signature
D36: Date

Sheet Mangcongco
A1: ICBC Ploughing Project
B2: Completed
A3: Name of ICBC: | B3: Mangcongco ICBC | E3: Name of Pastor | F3: Ndumiso Dlamini
A5: Contractor | B5: Hlezephi Gugu Hlatjwako | E5: Contractor's ID Number
A6: Bank | B6: First National Bank | E6: Account Holder's Name | F6: Swaziland Building Society
A7: Branch Code | E7: Account Number | F7: 62121264212
A9: Contractor | E9: Account Holder's Name
A10: Bank | E10: Account Number
A12: Community Member’s Name & Surname | B12: Contact Details | C12: Date | D12: Start Time (Date & Time) | E12: Completion time (Date & Time) | F12: Number of Hours | G12: Actual Number of Hours | H12: Amount | I12: Location
A13: NDUMISO DLAMINI | B13: 76766982 | C13: 45758 | D13: 0500HRS | E13: 0700HRS | G13: 2 | H13: =G13*200 -> 400
A14: LANGA ZWANE | B14: 76910294 | C14: 45758 | D14: 0720HRS | E14: 0815HRS | G14: 0.9 | H14: =G14*200 -> 180
A15: BHEKIE KUNENE | B15: 76674700 | C15: 45758 | D15: 0820HRS | E15: 1020HRS | G15: 2 | H15: =G15*200 -> 400
A16: JABULANI ZIKALALA | B16: 76532375 | C16: 45758 | D16: 1025HRS | E16: 1225HRS | G16: 2 | H16: =G16*200 -> 400
A17: SOFIE MAMBA | B17: 76337303 | C17: 45758 | D17: 1230HRS | E17: 1330HRS | G17: 1 | H17: =G17*200 -> 200
A18: MEBRA ZIKALALA | B18: 76033446 | C18: 45758 | D18: 1335HRS | E18: 1435HRS | G18: 1 | H18: =G18*200 -> 200
A19: ENOCK ZWANE | B19: 76784295 | C19: 45758 | D19: 1400HRS | E19: 1420HRS | G19: 2 | H19: =G19*200 -> 400
A20: MPHOHLO MABUZA | B20: 76404190 | C20: 45758 | D20: 1640HRS | E20: 1845HRS | G20: 2 | H20: =G20*200 -> 400
A21: THEMBA ZWANE | B21: 76421169 | C21: 45758 | D21: 1900HRS | E21: 2100HRS | G21: 2 | H21: =G21*200 -> 400
A22: NTOKOZO ZIKALALA | B22: 76792418 | C22: 45788 | D22: 2105HRS | E22: 2305HRS | G22: 2 | H22: =G22*200 -> 400
A23: SARAH MAMBA | B23: 76726340 | C23: 45788 | D23: 0500HRS | E23: 0600HRS | G23: 1 | H23: =G23*200 -> 200
A24: SIKUPHI DVUBA | B24: 76910294 | C24: 45788 | D24: 0620HRS | E24: 0720HRS | G24: 1 | H24: =G24*200 -> 200
... A47: SAKAHMUZI ZIKALALA | B47: 76516334 | C47: 45849 | D47: 2240HRS | E47: 2340HRS | G47: 1 | H47: =G47*200 -> 200
H48: =G48*200 -> 0
H49: =G49*200 -> 0
H50: =G50*200 -> 0
E51: Total | F51: =SUM(F12:F50) -> 0 | G51: =SUM(G1:G50) -> 50.7 | H51: =SUM(H12:H50) -> 10140
E52: Total number of fields ploughed | F52: =COUNT(G16:G50) -> 32
D54: Checked By
D56: Signature
D58: Date

Sheet Mabhukwini
A1: ICBC Ploughing Project
B2: Completed
A3: Name of ICBC: | B3: Mabhukwini ICBC | E3: Name of Pastor | F3: Dumisani Ernest Dlamini
A5: Contractor | E5: Contractor's ID Number
A6: Bank | E6: Account Holder's Name
A7: Branch Code | E7: Account Number
A12: Community Member’s Name & Surname | B12: Contact Details | C12: Date | D12: Start Time (Date & Time) | E12: Completion time (Date & Time) | F12: Number of Hours | G12: Actual Number of Hours | H12: Amount | I12: Location
A13: Sabelo Matsebula | B13: 76783160 | C13: 45966 | G13: 2 | H13: =G13*200 -> 400
A14: Make laMthembu | B14: 78261309 | C14: 45967 | G14: 2 | H14: =G14*200 -> 400
A15: Nonhlanhla Makhubu | B15: 78361597 | C15: 45968 | G15: 1 | H15: =G15*200 -> 200
A16: Umphakatsi | C16: 45969 | G16: 1 | H16: =G16*200 -> 200
A17: Sarah Dube | C17: 45970 | G17: 1 | H17: =G17*200 -> 200
A18: Mbhamu Ngozo | B18: 76141577 | C18: 45968 | G18: 1 | H18: =G18*200 -> 200
A19: Thailah Ngozo | B19: 76657462 | C19: 45968 | G19: 3 | H19: =G19*200 -> 600
A20: Xolani Ngozo | B20: 76083659 | C20: 45968 | G20: 2 | H20: =G20*200 -> 400
A21: Mthunzi Maseko | B21: 76531093 | C21: 45968 | G21: 2 | H21: =G21*200 -> 400
A22: Mlembe Ngozo | B22: 76523854 | C22: 45968 | G22: 1 | H22: =G22*200 -> 200
A23: Makhiwa Dlamini | B23: 76364990 | C23: 45968 | G23: 1 | H23: =G23*200 -> 200
A24: Polycup Dlamini | B24: 76759301 | C24: 45968 | G24: 2 | H24: =G24*200 -> 400
A25: Victoria Dlamini | B25: 76657375 | C25: 45968 | G25: 2 | H25: =G25*200 -> 400
A26: Elizabeth Zikalala | B26: 76428815 | C26: 45969 | G26: 1 | H26: =G26*200 -> 200
A27: Nondumiso ndlangamandla | B27: 76428815 | C27: 45969 | G27: 1 | H27: =G27*200 -> 200
A28: Bheki Sibisi | B28: 76702262 | C28: 45969 | G28: 1 | H28: =G28*200 -> 200
A29: Iren Mntjali | B29: 76694104 | C29: 45969 | G29: 2 | H29: =G29*200 -> 400
... A39: Bertina Ntjangase | B39: 78338332 | C39: 45970 | G39: 2 | H39: =G39*200 -> 400
A40: Dumsani Dlamini | B40: 76213717 | G40: 2 | H40: =G40*200 -> 400
A41: Thembi Dlamini | B41: 76793001 | G41: 2 | H41: =G41*200 -> 400
A42: Evelyn Ndzimandze | B42: 76182674 | G42: 2 | H42: =G42*200 -> 400
A43: Samkelo Ngozo | B43: 76285055 | G43: 4 | H43: =G43*200 -> 800
A44: Jabulani Ngozo | B44: 76344590 | G44: 2 | H44: =G44*200 -> 400
A45: Phumzile Ngozo | B45: 76344590 | G45: 1 | H45: =G45*200 -> 200
A46: Londi Kheswa | B46: 76424714 | G46: 2 | H46: =G46*200 -> 400
H47: =G47*200 -> 0
E48: Total | F48: =SUM(F12:F47) -> 0 | G48: =SUM(G1:G47) -> 55 | H48: =SUM(H12:H47) -> 11000
E49: Total number of fields ploughed | F49: =COUNT(G13:G47) -> 34
D51: Checked By
D53: Signature
D55: Date

Sheet Makhungutja
A1: ICBC Ploughing Project
B2: Completed
A3: Name of ICBC: | B3: Makhungutja ICBC | E3: Name of Pastor | F3: Simphiwe Jele
A5: Contractor | B5: Sambane Multi-purpose | E5: Contractor's ID Number
A6: Bank | B6: Nedbank | E6: Account Holder's Name | F6: Sambane multi-purpose
A7: Branch Code | E7: Account Number | F7: 12990142112
A12: Community Member’s Name & Surname | B12: Contact Details | C12: Date | D12: Start Time (Date & Time) | E12: Completion time (Date & Time) | F12: Number of Hours | G12: Actual Number of Hours | H12: Amount | I12: Location
A13: Twana Malinga | B13: 76891635 | C13: 45922 | D13: 7:09AM | E13: 10:10AM | F13: 3 | G13: 3 | H13: =G13*200 -> 600
A14: Lindiwe Malinga | B14: 76603119 | F14: 1 | G14: 1 | H14: =G14*200 -> 200
A15: Constance Manyatsi | B15: 76561923 | F15: 1 | G15: 1 | H15: =G15*200 -> 200
A16: Nonsikelelo Dludlu | B16: 76409879 | F16: 1 | G16: 1 | H16: =G16*200 -> 200
A17: Bafana Dlamini | B17: 76713052 | F17: 3 | G17: 3 | H17: =G17*200 -> 600
A18: Margret Hlophe | B18: 76924611 | F18: 2 | G18: 2 | H18: =G18*200 -> 400
A19: Nhlanhla Vilakati | B19: 76194923 | F19: 2 | G19: 2 | H19: =G19*200 -> 400
A20: Musa Vilakati | B20: 76302463 | F20: 1 | G20: 1 | H20: =G20*200 -> 200
A21: Sipho Dlamini | B21: 76588373 | F21: 1 | G21: 1 | H21: =G21*200 -> 200
A22: Nkonzo Mabeleza | B22: 76424583 | F22: 2 | G22: 2 | H22: =G22*200 -> 400
A23: Ntokozo Zwane | B23: 7627298 | F23: 2 | G23: 2 | H23: =G23*200 -> 400
A24: Boy Vilakati | B24: 76424583 | F24: 1 | G24: 1 | H24: =G24*200 -> 200
A25: Thabani Hlophe | B25: 78386148 | F25: 2 | G25: 2 | H25: =G25*200 -> 400
... A39: Nelile Phakathi | B39: 78364019 | F39: 1 | G39: 1 | H39: =G39*200 -> 200
H40: =G40*200 -> 0
H41: =G41*200 -> 0
H42: =G42*200 -> 0
H43: =G43*200 -> 0
H44: =G44*200 -> 0
H45: =G45*200 -> 0
H46: =G46*200 -> 0
H47: =G47*200 -> 0
E48: Total | F48: =SUM(F12:F47) -> 50 | G48: =SUM(G1:G47) -> 50 | H48: =SUM(H12:H47) -> 10000
E49: Total number of fields ploughed | F49: =COUNT(G13:G47) -> 27
D51: Checked By
D53: Signature
D55: Date

Sheet Mantabeni
A1: ICBC Ploughing Project
B2: Completed
A3: Name of ICBC: | B3: Mantabeni ICBC | E3: Name of Pastor | F3: Bongani Titus Dlamini
A5: Contractor | B5: Ayanda Buhle Dlamini | E5: Contractor's ID Number | F5: 8609186100491
A6: Bank | B6: NEDBANK | E6: Account Holder's Name | F6: Ayanda Buhle Dlamini
A7: Branch Code | B7: 36064 | E7: Account Number | F7: 12991495442
A10: Community Member’s Name & Surname | B10: Contact Details | C10: Date | D10: Start Time (Date & Time) | E10: Completion time (Date & Time) | F10: Number of Hours | G10: Actual Number of Hours | H10: Amount | I10: Location
A11: Johannes Hlophe | B11: 76143027 | C11: 45966 | D11: 0.22222222 | E11: 0.30555556 | G11: 2.5 | H11: =G11*200 -> 500
A12: Boy Nhlabatsi | B12: 76724624 | C12: 45966 | D12: 0.30555556 | E12: 0.36805556 | G12: 1.5 | H12: =G12*200 -> 300
A13: Charity Hlophe | B13: 76628080 | C13: 45966 | D13: 0.375 | E13: 0.4375 | G13: 1.5 | H13: =G13*200 -> 300
A14: Mario Nhlabatsi | B14: 76264577 | C14: 45966 | D14: 0.4375 | E14: 0.45833333 | G14: 0.5 | H14: =G14*200 -> 100
A15: Elizabeth Nhlabatsi | B15: 78285723 | C15: 45966 | D15: 0.47916667 | E15: 0.52083333 | G15: 1 | H15: =G15*200 -> 200
A16: Gogo Nkhambule | B16: 76264419 | C16: 45966 | D16: 0.52083333 | E16: 0.5625 | G16: 1 | H16: =G16*200 -> 200
A17: Veronica Mabaso | B17: 76042627 | C17: 45967 | D17: 0.20138889 | E17: 0.28472222 | G17: 2 | H17: =G17*200 -> 400
A18: Thembinkosi Mabaso | B18: 76370003 | C18: 45967 | D18: 0.28819444 | E18: 0.35416667 | G18: 1.5 | H18: =G18*200 -> 300
A19: Duma Mamba | B19: 76224672 | C19: 45967 | D19: 0.35763889 | E19: 0.44097222 | G19: 2 | H19: =G19*200 -> 400
A20: Nomsa Lokotfwako | B20: 76732931 | C20: 45967 | D20: 0.45833333 | E20: 0.52083333 | G20: 1.5 | H20: =G20*200 -> 300
A21: Lomagugu Mabaso | B21: 76250317 | C21: 45967 | D21: 0.54166667 | E21: 0.60416667 | G21: 1.5 | H21: =G21*200 -> 300
A22: Gladys Dlamini | B22: 78259902 | C22: 45967 | D22: 0.61458333 | E22: 0.65625 | G22: 1 | H22: =G22*200 -> 200
A23: Sarah Lokotfwako | C23: 45968 | D23: 0.20138889 | E23: 0.24305556 | G23: 1 | H23: =G23*200 -> 200
A24: Samkeliso Lokotfwako | B24: 78267330 | C24: 45968 | D24: 0.25 | E24: 0.29166667 | G24: 1 | H24: =G24*200 -> 200
A25: Mhlatase Lokotfwako | C25: 45968 | D25: 0.30208333 | E25: 0.32291667 | G25: 0.5 | H25: =G25*200 -> 100
A26: Thulisile Dlamini | C26: 45968 | D26: 0.32638889 | E26: 0.34722222 | G26: 0.5 | H26: =G26*200 -> 100
A27: Compton Nhlabatsi | B27: 76429862 | C27: 45968 | D27: 0.34722222 | E27: 0.38888889 | G27: 1 | H27: =G27*200 -> 200
A28: Ntombifuthi Nhlabatsi | C28: 45968 | D28: 0.40625 | E28: 0.44791667 | G28: 1 | H28: =G28*200 -> 200
A29: Gogo Hlophe | C29: 45968 | D29: 0.45833333 | E29: 0.52083333 | G29: 1.5 | H29: =G29*200 -> 300
A30: Bongiwe Gama | B30: 76610850 | C30: 45968 | D30: 0.54166667 | E30: 0.58333333 | G30: 1 | H30: =G30*200 -> 200
A31: Letsiwe Ngwenya | B31: 76634977 | C31: 45969 | D31: 0.22916667 | E31: 0.27083333 | G31: 1 | H31: =G31*200 -> 200
A32: Gogo Ngomane | B32: 78121261 | C32: 45969 | D32: 0.27430556 | E32: 0.35763889 | G32: 2 | H32: =G32*200 -> 400
A33: Phindile Zwane | B33: 79719761 | C33: 45969 | D33: 0.36111111 | E33: 0.42361111 | G33: 1.5 | H33: =G33*200 -> 300
A34: Gogo Nhlabatsi | C34: 45969 | D34: 0.42708333 | E34: 0.44791667 | G34: 0.5 | H34: =G34*200 -> 100
A35: Xolani Nhlabatsi | B35: 79710470 | C35: 45969 | D35: 0.45138889 | E35: 0.49305556 | G35: 0.5 | H35: =G35*200 -> 100
A36: Musa Nhlabatsi | C36: 45969 | D36: 0.47916667 | E36: 0.5625 | G36: 1.5 | H36: =G36*200 -> 300
A37: Senzo Dlamini | B37: 76725660 | C37: 45969 | D37: 0.56597222 | E37: 0.60763889 | G37: 1 | H37: =G37*200 -> 200
A38: Nomthantazo Lokotfwako | B38: 76369541 | C38: 45969 | D38: 0.60763889 | E38: 0.64930556 | G38: 1 | H38: =G38*200 -> 200
A39: Thabsile Msibi | B39: 76222932 | C39: 45969 | D39: 0.65277778 | E39: 0.71527778 | G39: 1.5 | H39: =G39*200 -> 300
A40: Lungile Lokotfwako | B40: 76380900 | C40: 45969 | D40: 0.71875 | E40: 0.78125 | G40: 1.5 | H40: =G40*200 -> 300
A41: Lobetswane Fakudze | B41: 76552937 | C41: 45971 | D41: 0.21527778 | E41: 0.27777778 | G41: 1.5 | H41: =G41*200 -> 300
A42: Thembi Hlophe | B42: 76342002 | C42: 45971 | D42: 0.27777778 | E42: 0.34027778 | G42: 1.5 | H42: =G42*200 -> 300
A43: Nozizwe Lokotfwako | B43: 79912731 | C43: 45971 | D43: 0.36111111 | E43: 0.42361111 | G43: 1.5 | H43: =G43*200 -> 300
A44: Moses Mthiyane | B44: 79739778 | C44: 45971 | D44: 0.43402778 | E44: 0.47569444 | G44: 1 | H44: =G44*200 -> 200
A45: Africa Shongwe | B45: 78181874 | C45: 45971 | D45: 0.47916667 | E45: 0.52083333 | G45: 1 | H45: =G45*200 -> 200
A46: Philmon Khumalo | B46: 76767955 | C46: 45971 | D46: 0.52777778 | E46: 0.56944444 | G46: 1 | H46: =G46*200 -> 200
A47: Skeyi Mamba | B47: 79739545 | C47: 45971 | D47: 0.57638889 | E47: 0.61805556 | G47: 1 | H47: =G47*200 -> 200
A48: Thabsile Dlamini | B48: 76506345 | C48: 45972 | D48: 0.20833333 | E48: 0.25 | G48: 1 | H48: =G48*200 -> 200
... A50: Celani Mdziniso | B50: 76281525 | C50: 45972 | D50: 0.31944444 | E50: 0.34027778 | G50: 0.5 | H50: =G50*200 -> 100
A51: Sambulo Lukhele | C51: 45972 | D51: 0.34375 | E51: 0.36458333 | G51: 0.5 | H51: =G51*200 -> 100
A52: Gugu Nhlabatsi | B52: 79175615 | C52: 45972 | D52: 0.375 | E52: 0.41666667 | G52: 1 | H52: =G52*200 -> 200
A53: Tenenle Zwane | B53: 76228456 | C53: 45972 | D53: 0.41666667 | E53: 0.5625 | G53: 3.5 | H53: =G53*200 -> 700
A54: Make Masilela | B54: 76088289 | C54: 45973 | D54: 0.20833333 | E54: 0.22916667 | G54: 0.5 | H54: =G54*200 -> 100
A55: Phumzile Dlamini | B55: 76148375 | C55: 45973 | D55: 0.27083333 | E55: 0.3125 | G55: 1 | H55: =G55*200 -> 200
A56: Mgaco Dlamini | B56: 76415058 | C56: 45973 | D56: 0.31944444 | E56: 0.36111111 | G56: 1 | H56: =G56*200 -> 200
A57: Velaphi Dlamini | B57: 76119182 | C57: 45973 | D57: 0.36805556 | E57: 0.40972222 | G57: 1 | H57: =G57*200 -> 200
A58: Smart Nkomo | C58: 45973 | D58: 0.41666667 | E58: 0.45833333 | G58: 1 | H58: =G58*200 -> 200
A59: Ndumiso Dlamini | C59: 45973 | D59: 0.46875 | E59: 0.53125 | G59: 1.5 | H59: =G59*200 -> 300
A60: Bayanda Lokotfwako | B60: 79201923 | C60: 45973 | D60: 0.54166667 | E60: 0.60416667 | G60: 1.5 | H60: =G60*200 -> 300
A61: Sihlongonyane | C61: 45973 | D61: 0.60416667 | E61: 0.6875 | G61: 2 | H61: =G61*200 -> 400
A62: Gogo Nkhosi | C62: 45973 | D62: 0.69444444 | E62: 0.73611111 | G62: 1 | H62: =G62*200 -> 200
A63: Thabani Dlamini | B63: 79314684 | C63: 45974 | D63: 0.20833333 | E63: 0.27083333 | G63: 1.5 | H63: =G63*200 -> 300
A64: Thembi Dlamini | C64: 45974 | D64: 0.27430556 | E64: 0.31597222 | G64: 1 | H64: =G64*200 -> 200
A65: Lindile Mamba | B65: 76628279 | C65: 45974 | D65: 0.31944444 | E65: 0.36111111 | G65: 1 | H65: =G65*200 -> 200
A66: Thoko Mtsetfwa | B66: 78279284 | C66: 45974 | D66: 0.36458333 | E66: 0.40625 | G66: 1 | H66: =G66*200 -> 200
A67: Sipho Magagula | C67: 45974 | D67: 0.40972222 | E67: 0.47222222 | G67: 1.5 | H67: =G67*200 -> 300
A68: Bongani Dlamini | B68: 76047622 | C68: 45974 | D68: 0.47569444 | E68: 0.49652778 | G68: 0.5 | H68: =G68*200 -> 100
H69: =G69*200 -> 0
E70: Total | F70: =SUM(F10:F65) -> 0 | G70: =SUM(G1:G69) -> 70 | H70: =SUM(H10:H69) -> 14000
E71: Total number of fields ploughed | F71: =COUNT(G11:G69) -> 58
D73: Checked By
D75: Signature
D77: Date

Sheet Mbowane
A1: ICBC Ploughing Project
B2: Not Started
A3: Name of ICBC: | C3: Mbowane ICBC | F3: Name of Pastor | G3: Bongani Mngometulu
A4: Contractor's Full Name | C4: Rose Vilane | F4: Contractor's ID Number
A5: Bank | C5: Standard Bank | F5: Account Holder's Name | G5: Rose Vilane
A6: Branch Code | C6: Nhlangano code | F6: Account Number | G6: 9110002635588
A9: Community Member’s Name & Surname | C9: Contact Details | D9: Date | E9: Start Time (Date & Time) | F9: Completion time (Date & Time) | G9: Number of Hours | H9: Actual Number of Hours | I9: Amount | J9: Location
I10: =H10*200 -> 0
I11: =H11*200 -> 0
I12: =H12*200 -> 0
I13: =H13*200 -> 0
I14: =H14*200 -> 0
I15: =H15*200 -> 0
I16: =H16*200 -> 0
I17: =H17*200 -> 0
I18: =H18*200 -> 0
I19: =H19*200 -> 0
I20: =H20*200 -> 0
I21: =H21*200 -> 0
... I43: =H43*200 -> 0
I44: =H44*200 -> 0 | K44: Only One Hour and had registered for 2
I45: =H45*200 -> 0
F46: Total | G46: =SUM(G9:G45) -> 0 | H46: =SUM(H9:H45) -> 0 | I46: =SUM(I9:I45) -> 0
F47: Total number of fields ploughed | G47: =COUNT(G10:G45) -> 0
E49: Checked By
E50: Signature
E51: Date

Sheet Mcuba
A1: ICBC Ploughing Project
B2: Completed
A3: Name of ICBC: | B3: Mcuba ICBC | E3: Name of Pastor | F3: Johannes Ndwandwe
A4: Contractor's Full Name | B4: Vulamehlo Zinyane Co-ops | E4: Contractor's Number | F4: 76035013
A5: Bank | B5: Eswatini Bank | E5: Account Holder's Name | F5: Vulamehlo Zinyane Co-ops
A6: Branch Code | B6: Piggs Peak | E6: Account Number | F6: 77400342329
A9: Community Member’s Name & Surname | B9: Contact Details | C9: Date | D9: Start Time (Date & Time) | E9: Completion time (Date & Time) | F9: Number of Hours | G9: Actual Number of Hours | H9: Amount | I9: Location
A10: Jabulile Kunene | B10: 78377220 | C10: 45819 | D10: 0.22916667 | E10: 0.79166667 | G10: 2 | H10: =G10*200 -> 400
A11: Gogo Vilane | B11: 79712516 | G11: 2 | H11: =G11*200 -> 400
A12: Gwadi Kunene | B12: 76343055 | G12: 2 | H12: =G12*200 -> 400
A13: Wenzile Shongwe | B13: 78352959 | G13: 1 | H13: =G13*200 -> 200
A14: Theyila Shongwe | G14: 1 | H14: =G14*200 -> 200
A15: LaMabuza | B15: 76235018 | G15: 1 | H15: =G15*200 -> 200
A16: Twie Dlamini | B16: 79118050 | G16: 1 | H16: =G16*200 -> 200
A17: LaNdwandwe | B17: 76954442 | G17: 1 | H17: =G17*200 -> 200
A18: LaNhlabatsi | B18: 76613276 | G18: 1 | H18: =G18*200 -> 200
A19: Make LaNkhosi | G19: 1 | H19: =G19*200 -> 200
A20: LaZikalala | B20: 76859262 | C20: 45849 | D20: 0.22916667 | E20: 0.79166667 | G20: 4 | H20: =G20*200 -> 800
A21: Nabontombi | B21: 76284381 | G21: 1 | H21: =G21*200 -> 200
A22: Makwa Nigray | G22: 2 | H22: =G22*200 -> 400
A23: Tenele Tsabedze | B23: 78578986 | G23: 1 | H23: =G23*200 -> 200
A24: Make LaGumedze | B24: 78578986 | G24: 1 | H24: =G24*200 -> 200
A25: Mfana Sibili | B25: 76149164 | G25: 1 | H25: =G25*200 -> 200
A26: Nabojuba | B26: 7883337 | G26: 3 | H26: =G26*200 -> 600
A27: Majaha Masilela | B27: 78552779 | G27: 1 | H27: =G27*200 -> 200
A28: Nonhlanhla | B28: 76118477 | G28: 2 | H28: =G28*200 -> 400
A29: Tipa Shongwe | C29: 45880 | D29: 0.22916667 | E29: 0.79166667 | G29: 1 | H29: =G29*200 -> 200
A30: Phasika | G30: 1 | H30: =G30*200 -> 200
A31: Simon Shongwe | B31: 78713285 | G31: 1 | H31: =G31*200 -> 200
A32: LaMnisi | G32: 1 | H32: =G32*200 -> 200
A33: LaHlophe | B33: 76833915 | G33: 1 | H33: =G33*200 -> 200
A34: Nathi Shabangu | B34: 76240754 | G34: 1 | H34: =G34*200 -> 200
A35: Msehleni Magagula | B35: 76214183 | G35: 4 | H35: =G35*200 -> 800
A36: Nomen Tsabedze | B36: 78432764 | G36: 1 | H36: =G36*200 -> 200
A37: Bheki Masilela | B37: 76718374 | G37: 1 | H37: =G37*200 -> 200
A38: Bheki Matsebula | B38: 78030125 | G38: 2 | H38: =G38*200 -> 400
A39: Futhi | B39: 76535817 | C39: 45911 | D39: 0.22916667 | E39: 0.79166667 | G39: 1 | H39: =G39*200 -> 200
A40: Nhlanhla Tsabedze | B40: 76890879 | G40: 2 | H40: =G40*200 -> 400
A41: Njalo | B41: 79520911 | G41: 1 | H41: =G41*200 -> 200
A42: Bongani Tsabedze | B42: 76890879 | G42: 1 | H42: =G42*200 -> 200
A43: Dumsile Mamba | B43: 76458581 | C43: 45941 | D43: 0.22916667 | E43: 0.47916667 | G43: 2 | H43: =G43*200 -> 400
H44: =G44*200 -> 0
H45: =G45*200 -> 0
H46: =G46*200 -> 0
H47: =G47*200 -> 0
H48: =G48*200 -> 0
H49: =G49*200 -> 0
H50: =G50*200 -> 0
H51: =G51*200 -> 0
H52: =G52*200 -> 0
H53: =G53*200 -> 0
H54: =G54*200 -> 0
H55: =G55*200 -> 0
... H59: =G59*200 -> 0
E60: Total | F60: =SUM(F9:F59) -> 0 | G60: =SUM(G1:G59) -> 50 | H60: =SUM(H9:H59) -> 10000
E61: Total number of fields ploughed | F61: =COUNT(G10:G59) -> 34
D63: Checked By
D65: Signature
D67: Date

Sheet Mlindazwe
A1: ICBC Ploughing Project
B2: Completed
A3: Name of ICBC: | B3: Mlindazwe ICBC | E3: Name of Pastor | F3: Phendulile Mlangeni
A4: Contractor's Full Name | B4: Tryphina Khumalo | E4: Contractor's ID Number
A5: Bank | B5: Standard Bank | E5: Account Holder's Name | F5: Mlangeni Phendulile Busisiwe
A6: Branch Code | B6: 660564 | E6: Account Number | F6: 9110001240997
A7: Swift Code | B7: SBICSZMX
A9: Community Member’s Name & Surname | B9: Contact Details | C9: Date | D9: Start Time (Date & Time) | E9: Completion time (Date & Time) | F9: Number of Hours | G9: Actual Number of Hours | H9: Amount | I9: Location
A10: Church Field | B10: 76111660 | C10: 1.11.25 | D10: 0.23611111 | E10: 0.27777778 | G10: 1 | H10: =200*G10 -> 200
A11: Umphakatsi | B11: 76518850 | C11: 1.11.25 | D11: 0.41666667 | E11: 0.45833333 | G11: 1 | H11: =200*G11 -> 200
A12: Mlindazwe High | B12: 76053757 | C12: 1.11.25 | D12: 0.32638889 | E12: 0.40972222 | G12: 2 | H12: =200*G12 -> 400
A13: Gogo Zwane Ngwenya (Ntuthuko) | B13: 76197465 | C13: 2.11.25 | D13: 0.33333333 | E13: 0.375 | G13: 1 | H13: =200*G13 -> 200
A14: Dlamini Jabu kamake Nelly | B14: 76535056 | C14: 3.11.25 | D14: 0.20833333 | E14: 0.29166667 | G14: 2 | H14: =200*G14 -> 400
A15: laMndzebele kaZwane | B15: 76516372 | C15: 4.11.25 | D15: 0.29166667 | E15: 0.375 | G15: 2 | H15: =200*G15 -> 400
A16: Make Masuku | B16: 78663241 | C16: 17.11.25 | D16: 0.22916667 | E16: 0.27083333 | G16: 1 | H16: =200*G16 -> 200
A17: LaNkhosi Zwane | C17: 4.11.25 | D17: 0.45833333 | E17: 0.54166667 | G17: 2 | H17: =200*G17 -> 400
A18: Masuku Ndoda | B18: 76549107 | C18: 1.11.25 | D18: 0.41666667 | E18: 0.54166667 | G18: 3 | H18: =200*G18 -> 600
A19: Zwane babe Mphumulo | B19: 76663848 | C19: 5.11.25 | D19: 0.25 | E19: 0.33333333 | G19: 2 | H19: =200*G19 -> 400
A20: Dolane Masuku | C20: 7.11.25 | D20: 0.24652778 | E20: 0.32986111 | G20: 2 | H20: =200*G20 -> 400
A21: Malumeza Dlamini | B21: 78140211 | C21: 7.11.25 | D21: 0.34375 | E21: 0.42708333 | G21: 2 | H21: =200*G21 -> 400
A22: laGama ka Nkunku | C22: 7.11.25 | D22: 0.47569444 | E22: 0.51736111 | G22: 1 | H22: =200*G22 -> 200
A23: Gogo Ncomu | C23: 7.11.25 | D23: 0.43055556 | E23: 0.47222222 | G23: 1 | H23: =200*G23 -> 200
A24: Zwane LaMazibuko | B24: 78315049 | C24: 6.11.25 | D24: 0.64652778 | E24: 0.72986111 | G24: 2 | H24: =200*G24 -> 400
A25: Zwane Gogo Mamba | C25: 7.11.25 | D25: 0.55694444 | E25: 0.64027778 | G25: 2 | H25: =200*G25 -> 400
A26: Dladla | C26: 7.11.25 | D26: 0.675 | E26: 0.71666667 | G26: 1 | H26: =200*G26 -> 200
A27: KaNkhosi khabo Mumcy | C27: 5.11.25 | D27: 0.45833333 | E27: 0.5 | G27: 1 | H27: =200*G27 -> 200
A28: Gogo Shiba Zwane | B28: 76439925 | C28: 6.11.25 | D28: 0.57013889 | E28: 0.61180556 | G28: 1 | H28: =200*G28 -> 200
A29: LaMkhonta Zwane | B29: 76065685 | C29: 8.11.25 | D29: 0.27083333 | E29: 0.39583333 | G29: 3 | H29: =200*G29 -> 600
A30: Zwane Thobisani | B30: 76179671 | C30: 6:11;25 | D30: 0.39930556 | E30: 0.48263889 | G30: 2 | H30: =200*G30 -> 400
A31: Zwane Gogo Dludlu | B31: 76414337 | C31: 5.11.25 | D31: 0.50347222 | E31: 0.58680556 | G31: 2 | H31: =200*G31 -> 400
A32: Gogo Phakathi | B32: 78112938 | C32: 5.11.25 | D32: 0.59722222 | E32: 0.63888889 | G32: 1 | H32: =200*G32 -> 200
A33: Gogo Seyama | C33: 5.11.25 | D33: 0.64583333 | E33: 0.6875 | G33: 1 | H33: =200*G33 -> 200
A34: Seyama Mfanzile | B34: 76655380 | C34: 6.11.25 | D34: 0.48958333 | E34: 0.57291667 | G34: 2 | H34: =200*G34 -> 400
A35: Mgabhi LaJele | B35: 76570795 | C35: 8.11.25 | D35: 0.22638889 | E35: 0.30972222 | G35: 2 | H35: =200*G35 -> 400
A36: Magutjwa | B36: 76403785 | C36: 22.11.25 | D36: 0.30208333 | E36: 0.34375 | G36: 1 | H36: =200*G36 -> 200
A37: Make Mahlaba | B37: 76634524 | C37: 08:11;25 | D37: 0.51041667 | E37: 0.55208333 | G37: 1 | H37: =200*G37 -> 200
A38: Mnkomo | C38: 08.11.25 | D38: 0.625 | E38: 0.66666667 | G38: 1 | H38: =200*G38 -> 200
A39: Lokotfwako Khalebusuku | B39: 76616821 | C39: 17.11.25 | D39: 0.39583333 | E39: 0.4375 | G39: 1 | H39: =200*G39 -> 200
A40: Lokotfwako Lomathemba | B40: 76524972 | C40: 17.11.25 | D40: 0.29166667 | E40: 0.33333333 | G40: 1 | H40: =200*G40 -> 200
A41: Lokotfwako Zebulon | B41: 79608035 | C41: 17.11.25 | D41: 0.34375 | E41: 0.38541667 | G41: 1 | H41: =200*G41 -> 200
A42: Tala LaNgwenya | B42: 76451713 | C42: 17.11.25 | D42: 0.47569444 | E42: 0.51736111 | G42: 1 | H42: =200*G42 -> 200
H43: =200*G43 -> 0
F44: =SUM(F10:F43) -> 0 | G44: =SUM(G10:G43) -> 50 | H44: =SUM(H10:H42) -> 10000
E45: Total number of fields ploughed | F45: =COUNT(G10:G42) -> 33
D47: Checked By
D48: Signature
D49: Date

Sheet Mhlabubovu
A1: ICBC Ploughing Project
B2: In Progress - NMC
A3: Name of ICBC: | B3: Mhlabubovu ICBC | E3: Name of Pastor
A4: Contractor's Full Name | E4: Contractor's ID Number
A5: Bank | E5: Account Holder's Name
A6: Branch Code | E6: Account Number
A7: Swift Code
A9: Community Member’s Name & Surname | B9: Contact Details | C9: Date | D9: Start Time (Date & Time) | E9: Completion time (Date & Time) | F9: Number of Hours | G9: Actual Number of Hours | H9: Amount | I9: Location
A10: Ncamiso B Maziya | B10: 76992327 | C10: 45985 | F10: 3 | G10: 3 | H10: =G9:G10*200 -> 600
A11: Vuyisile Zikalala | B11: 78135724 | C11: 45995 | F11: 1 | G11: 2 | H11: =G10:G11*200 -> 400
A12: Nonhlanhla Maseko | B12: 76526942 | C12: 45972 | F12: 1 | G12: 1 | H12: =G11:G12*200 -> 200
A13: Xolile Zikalala | B13: 76186122 | C13: 45992 | F13: 1 | G13: 2 | H13: =G12:G13*200 -> 400
A14: Thabo Simelane | B14: 76202010 | C14: 45972 | F14: 1 | G14: 1 | H14: =G13:G14*200 -> 200
A15: Thoko Ndzimandze | B15: 76421454 | F15: 1 | G15: 1 | H15: =G14:G15*200 -> 200
A16: George Magongo | B16: 76308687 | C16: 45992 | F16: 2 | G16: 2 | H16: =G15:G16*200 -> 400
A17: Ntombazanyana Shabangu | B17: 76655428 | C17: 45992 | F17: 1 | G17: 2 | H17: =G16:G17*200 -> 400
A18: Lomathemba Sibandze | B18: 76924050 | F18: 1 | G18: 1 | H18: =G17:G18*200 -> 200
A19: Bheki S. Jele | B19: 78139732 | C19: 45992 | F19: 2 | G19: 2 | H19: =G18:G19*200 -> 400
A20: Thulisile Mabuza | B20: 793637579 | F20: 1 | G20: 1
A21: Matha Vilakati | B21: 76941810 | F21: 1 | G21: 1 | H21: =G19:G21*200 -> 200
A22: Vangile Simelane | B22: 76308687 | C22: 45972 | F22: 1 | G22: 1 | H22: =G21:G22*200 -> 200
A23: Sibongile Vilakati | B23: 76728127 | C23: 45995 | F23: 1 | G23: 1 | H23: =G22:G23*200 -> 200
A24: Khanyisile Zibuko | B24: 76987308 | F24: 2 | G24: 2 | H24: =G23:G24*200 -> 400
A25: Thembi Dlamini | B25: 76500316 | F25: 1 | G25: 1 | H25: =G24:G25*200 -> 200
A26: Vusi Dlamini | B26: 76268767 | C26: 45995 | F26: 1 | G26: 2 | H26: =G25:G26*200 -> 400
A27: Mavis Shabangu | B27: 76592220 | C27: 45992 | F27: 1 | G27: 2 | H27: =G26:G27*200 -> 400
A28: Thuli Dlamini | B28: 76514852 | C28: 45995 | F28: 1 | G28: 1 | H28: =G27:G28*200 -> 200
A29: Hlobsile Sikhondze | B29: 76139107 | C29: 45969 | F29: 1 | G29: 1 | H29: =G28:G29*200 -> 200
A30: Roseline Mabuza | B30: 7673504 | C30: 45996 | F30: 2 | G30: 2 | H30: =G29:G30*200 -> 400
A31: Khanya Shabangu | B31: 76846112 | F31: 3 | H31: =G30:G31*200 -> 0
A32: Thoko Zikalala | B32: 76863031 | C32: 45967 | F32: 2 | G32: 2 | H32: =G31:G32*200 -> 400
A33: Ncobile Jele | B33: 76429991 | C33: 45996 | F33: 2 | G33: 1 | H33: =G32:G33*200 -> 200
A34: Khanyisile Makhanya | B34: 76556401 | C34: 45950 | F34: 1 | G34: 2 | H34: =G33:G34*200 -> 400
A35: Thobile Shabangu | B35: 78289560 | F35: 1 | G35: 1 | H35: =G25:G35*200 -> 200
A36: L.M.G Royal Kraal | B36: 76900721 | F36: 6 | H36: =G36*200 -> 0
A37: Celiwe Shabangu | B37: 76426634 | C37: 45996 | F37: 1 | G37: 1 | H37: =G34:G37*200 -> 200
A38: Sibongile Shabangu | B38: 76363289 | F38: 1 | H38: =G38*200 -> 0
A39: Martha Shabangu | B39: 76043742 | C39: 45972 | F39: 2 | G39: 2 | H39: =G38:G39*200 -> 400
A40: Ntombifuthi Shabangu | B40: 76276945 | C40: 45972 | F40: 1 | G40: 1 | H40: =G39:G40*200 -> 200
A41: Thuli Shabangu | B41: 76615968 | F41: 2 | H41: =G40:G41*200 -> 0
A42: Indlunkhulu | B42: 79483930 | C42: 45952 | G42: 6 | H42: =G41:G42*200 -> 1200
A43: Scara Maziya | B43: 78406257 | H43: =G42:G43*200 -> 0
A44: Nobuhle Mavuso | B44: 76077227 | C44: 45972 | G44: 1 | H44: =G43:G44*200 -> 200
A45: Ncamiso Maziya | B45: 76992327 | H45: =G44:G45*200 -> 0
A46: Khonzi Mdluli | B46: 76420144 | C46: 45995 | G46: 1 | H46: =G45:G46*200 -> 200
H47: =G46:G47*200 -> 0
H48: =G47:G48*200 -> 0
H49: =G48:G49*200 -> 0
H50: =G49:G50*200 -> 0
H51: =G50:G51*200 -> 0
H52: =G51:G52*200 -> 0
H53: =G51:G53*200 -> 0
H54: =G53:G54*200 -> 0
H55: =G54:G55*200 -> 0
H56: =G55:G56*200 -> 0
H57: =G56:G57*200 -> 0
H58: =G57:G58*200 -> 0
H59: =G58:G59*200 -> 0
E61: Total | F61: =SUM(F9:F59) -> 49 | G61: =SUM(G10:G59) -> 50 | H61: =SUM(H9:H59) -> 9800
E62: Total number of fields ploughed | F62: =COUNT(G10:G59) -> 31
D64: Checked By
D65: Signature
D66: Date

Sheet Mhlangatane
A1: ICBC Ploughing Project
B2: Completed
A3: Name of ICBC: | B3: Mhlangatane ICBC | E3: Name of Pastor | F3: Nhlanhla Tfwala
A4: Contractor's Full Name | B4: July Vusumuzi Mhlanga | E4: Contractor's ID Number | F4: 8007226100235
A5: Bank | B5: Nedbank | E5: Account Holder's Name | F5: July Vusumuzi Mhlanga
A6: Branch Code | B6: 360164 | E6: Account Number | F6: 12990364255
A7: Swift Code | B7: NESWSZMX
A9: Community Member’s Name & Surname | B9: Contact Details | C9: Date | D9: Start Time (Date & Time) | E9: Completion time (Date & Time) | F9: Number of Hours | G9: Actual Number of Hours | H9: Amount | I9: Location
A10: Babe Thembinkhosi Magagula | B10: 76742615 | C10: 45964 | D10: 7:55am-8:55am | G10: 1 | H10: =G9:G10*200 -> 200 | I10: 25°51'19.1"S 31°35'55.8"E
A11: Babe Sicelo Magagula | B11: 76902579 | C11: 45964 | D11: 9:00am-10:00am | G11: 1 | H11: =G10:G11*200 -> 200 | I11: 25°51'19.1"S 31°35'55.8"E
A12: Babe Sebenele Mabuza | B12: 78174832 | C12: 45964 | D12: 10:30am-11:30am | G12: 1 | H12: =G11:G12*200 -> 200 | I12: 25°51'35.1"S 31°34'50.5"E
A13: Babe Macitsane Mabuza | B13: 76763192 | C13: 45964 | D13: 12:45pm-1:45pm | G13: 1 | H13: =G12:G13*200 -> 200 | I13: 25°51'35.1"S 31°34'50.5"E
A14: Gogo Sehlephi | B14: 76232912 | C14: 45964 | D14: 1:50pm-2:50pm | G14: 1 | H14: =G13:G14*200 -> 200 | I14: 25°51'35.1"S 31°34'50.5"E
A15: Babe Giba Magagula | B15: 76708857 | C15: 45964 | D15: 3:00pm-4:00pm | G15: 1 | H15: =G14:G15*200 -> 200 | I15: 26°01'00.1"S 31°32'44.7"E
A16: Gogo Mkhulu | B16: 76859834 | C16: 45964 | D16: 4:20pm-5:20pm | G16: 1 | H16: =G15:G16*200 -> 200 | I16: 26°01'29.2"S 31°37'56.7"E
A17: George Magagula | B17: 76683511 | C17: 45964 | D17: 5:30pm-6:30pm | G17: 1 | H17: =G16:G17*200 -> 200 | I17: 25°51'35.1"S 31°34'50.5"E
A18: Babe Samuel Dlamini | B18: 76594296 | C18: 45962 | D18: 6:00am-7:00am | G18: 1 | H18: =G17:G18*200 -> 200 | I18: 25°51'35.1"S 31°34'50.5"E
A19: Babe Magolide Makhabane | B19: 76377418 | C19: 45962 | D19: 7:15am-8:15am | G19: 1 | H19: =G18:G19*200 -> 200 | I19: 26°01'00.1"S 31°32'44.7"E
A20: Babe Njabulo Nsingwane | B20: 76785314 | C20: 45962 | D20: 8:20am-9:20am | G20: 1 | H20: =G19:G20*200 -> 200 | I20: 25°52'03.5"S 31°34'36.4"E
A21: Make Irene Nsingwane | B21: 78449564 | C21: 45962 | D21: 9:30am-10:30am | G21: 1 | H21: =G20:G21*200 -> 200 | I21: 25°52'43.0"S 31°34'15.9"E
... A33: Babili Makhabane | B33: 76412591 | C33: 45961 | D33: 12:10pm-1:10pm | G33: 1 | H33: =G32:G33*200 -> 200 | I33: 25°51'11.2"S 31°33'56.6"E
A34: Mlungsi Makhabane | B34: 79163051 | C34: 45961 | D34: 1:15pm-2:15pm | G34: 1 | H34: =G24:G34*200 -> 200 | I34: 25°51'11.2"S 31°33'56.6"E
A35: Gaga Makhabane | B35: 76359347 | C35: 45961 | D35: 2:21pm-3:21pm | G35: 1 | H35: =G35*200 -> 200 | I35: 25°51'11.2"S 31°33'56.6"E
A36: Bhaleni Makhabane | B36: 76422113 | C36: 45961 | D36: 3:25pm-4:25pm | G36: 1 | H36: =G33:G36*200 -> 200 | I36: 25°51'35.1"S 31°34'50.5"E
A37: Philani Makhabane | B37: 78401837 | C37: 45961 | D37: 4:30pm-5:30pm | G37: 1 | H37: =G37*200 -> 200 | I37: 25°51'35.1"S 31°34'50.5"E
A38: Bhekithemba Sibule | B38: 76510522 | C38: 45961 | D38: 5:35pm-6:35pm | G38: 1 | H38: =G37:G38*200 -> 200 | I38: 25°51'35.1"S 31°34'50.5"E
A39: Gogo Lozizwe Magagula | B39: 76040470 | C39: 45965 | D39: 7:00am-8:00am | G39: 1 | H39: =G38:G39*200 -> 200
A40: Babe Cellphone Magagula | B40: 78363307 | C40: 45965 | D40: 8:30am-9:30am | G40: 1 | H40: =G39:G40*200 -> 200
A41: Make Manikela | B41: 76176134 | C41: 45965 | D41: 10:00am-11:00am | G41: 1 | H41: =G40:G41*200 -> 200
A42: Ciniso Magagula | B42: 76693521 | C42: 45965 | D42: 11:20am-12:20pm | G42: 1 | H42: =G41:G42*200 -> 200
A43: Babe Sive Magagula | B43: 76766076 | C43: 45965 | D43: 12:30pm-1:30pm | G43: 1 | H43: =G42:G43*200 -> 200
A44: Make Evelyn Dlamini | B44: 76974467 | C44: 45965 | D44: 2:00pm-3:00pm | G44: 1 | H44: =G43:G44*200 -> 200
A45: Babe Sibusiso Mabuza | B45: 76667648 | C45: 45965 | D45: 3:30pm-4:30pm | G45: 1 | H45: =G44:G45*200 -> 200
A46: Babe Themba Gina | B46: 76246754 | C46: 45965 | D46: 5:00pm-6:00pm | G46: 1 | H46: =G45:G46*200 -> 200
A47: Philile Gumedze | B47: 78280784 | C47: 45966 | D47: 7:45am-8:45am | G47: 1 | H47: =G46:G47*200 -> 200
A48: Babe Bongani Matsaba | B48: 78031268 | C48: 45966 | D48: 9:00am-10:00am | G48: 1 | H48: =G47:G48*200 -> 200
A49: Babe Vusi Mabila | B49: 76451631 | C49: 45966 | D49: 10:45am-11:45am | G49: 1 | H49: =G48:G49*200 -> 200
A50: Sibusiso Ntjalintjali | B50: 78609381 | C50: 45966 | D50: 12:00pm-1:00pm | G50: 1 | H50: =G49:G50*200 -> 200
A51: Gogo M Magagula | B51: 76233365 | C51: 45966 | D51: 1:15p-2:15pm | G51: 1 | H51: =G50:G51*200 -> 200
A52: Make Sibongile Sifundza | B52: 76951041 | C52: 45966 | D52: 2:30pm-3:30pm | G52: 1 | H52: =G50:G52*200 -> 200
A53: Make laSibamba | B53: 76963176 | C53: 45966 | D53: 3:45pm-4:45pm | G53: 1 | H53: =G52:G53*200 -> 200
A54: Make Malambe | B54: 76233365 | C54: 45966 | D54: 5:15pm-6:15pm | G54: 1 | H54: =G53:G54*200 -> 200
A55: Babe Themba Shongwe | B55: 76747537 | C55: 45969 | D55: 9:30am-10:30am | G55: 1 | H55: =G54:G55*200 -> 200
A56: Make Futhi Magagula | B56: 76770950 | C56: 45969 | D56: 12:00am-1:00pm | G56: 1 | H56: =G55:G56*200 -> 200
A57: Babe Mfanufikile Gumedze | B57: 76580081 | C57: 45969 | D57: 1:30pm-2:30pm | G57: 1 | H57: =G55:G57*200 -> 200
A58: Babe Sidumo Masuku | B58: 76764837 | C58: 45969 | D58: 2:40pm-3:40pm | G58: 1 | H58: =G56:G58*200 -> 200
A59: Make Masuku laGumedze | B59: 78214876 | C59: 45969 | D59: 4:00pm-5:00pm | G59: 1 | H59: =G57:G59*200 -> 200
E61: Total | F61: =SUM(F9:F59) -> 0 | G61: =SUM(G10:G59) -> 50 | H61: =SUM(H9:H59) -> 10000
E62: Total number of fields ploughed | F62: =COUNT(G10:G59) -> 50
D64: Checked By
D65: Signature
D66: Date

Sheet Moneni
A1: ICBC Ploughing Project
B2: Not Started
A3: Name of ICBC: | B3: Moneni ICBC | E3: Name of Pastor | F3: Samuel Dlamini
A4: Contractor's Full Name | E4: Contractor's ID Number
A5: Bank | E5: Account Holder's Name
A6: Branch Code | E6: Account Number
A9: Community Member’s Name & Surname | B9: Contact Details | C9: Date | D9: Start Time (Date & Time) | E9: Completion time (Date & Time) | F9: Number of Hours | G9: Actual Number of Hours | H9: Amount | I9: Location
E56: Total | F56: =SUM(F9:F55) -> 0 | G56: =SUM(G10:G55) -> 0 | H56: =SUM(H9:H55) -> 0
E57: Total number of fields ploughed | F57: =COUNT(G10:G55) -> 0
D59: Checked By
D60: Signature
D61: Date

Sheet Mpuluzi
A1: ICBC Ploughing Project
B2: Completed
A3: Name of ICBC: | B3: Mpuluzi ICBC | E3: Name of Pastor | F3: Sibusiso Ndlangamandla
A4: Contractor's Full Name | E4: Contractor's ID Number
A5: Bank | E5: Account Holder's Name
A6: Branch Code | E6: Account Number
A9: Community Member’s Name & Surname | B9: Contact Details | C9: Date | D9: Start Time (Date & Time) | E9: Completion time (Date & Time) | F9: Number of Hours | G9: Actual Number of Hours | H9: Amount | I9: Location
A10: Make Goodness Zwane | B10: 76360778 | C10: 19/11/2025 | G10: 2 | H10: =G10*200 -> 400
A11: Babe Sdumo Zwane | B11: 76679326 | C11: 19/11/2025 | G11: 2 | H11: =G11*200 -> 400
A12: Babe Goodwill Nhlengetfwa | B12: 76680023 | C12: 19/11/2025 | G12: 1 | H12: =G12*200 -> 200
A13: Babe Thabiso Nhlengetfwa | B13: 76394998 | C13: 19/11/2025 | G13: 2 | H13: =G13*200 -> 400
A14: Gogo Sithole | B14: 76965477 | C14: 19/11/2025 | G14: 2 | H14: =G14*200 -> 400
A15: Make Nelsiwe Nhlengetfwa | B15: 76040651 | C15: 19/11/2025 | G15: 4 | H15: =G15*200 -> 800
A16: Gogo Maseko | B16: 78629258 | C16: 19/11/2025 | G16: 1 | H16: =G16*200 -> 200
A17: Make Phumzile Dlamini | B17: 76335479 | C17: 20/11/2025 | G17: 1 | H17: =G17*200 -> 200
A18: Bagcinile Dlamini | B18: 76391318 | C18: 20/11/2025 | G18: 2 | H18: =G18*200 -> 400
A19: Make Nkhosingiphile Dlamini | B19: 76612133 | C19: 20/11/2025 | G19: 2 | H19: =G19*200 -> 400
A20: Babe Sikelela Dlamini | B20: 76790437 | C20: 20/11/2025 | G20: 2 | H20: =G20*200 -> 400
A21: Babe Ndiphethe Maseko | B21: 76440714 | C21: 20/11/2025 | G21: 2 | H21: =G21*200 -> 400
... A41: Make Ngozo | B41: 76977724 | C41: 24/11/2025 | G41: 1 | H41: =G41*200 -> 200
H42: =G42*200 -> 0
H43: =G43*200 -> 0
E44: Total | F44: =SUM(F9:F43) -> 0 | G44: =SUM(G1:G43) -> 50 | H44: =SUM(H9:H43) -> 10000
E45: Total number of fields ploughed | F45: =COUNT(G10:G43) -> 32
D47: Checked By
D48: Signature
D49: Date

Sheet Msahweni
A1: ICBC Ploughing Project
B2: Completed
A3: Name of ICBC: | B3: Msahweni ICBC | E3: Name of Pastor | F3: Themba Shabangu
A4: Contractor's Full Name | B4: Sabelo Thulani Makhunga | E4: Contractor's ID Number | F4: 8808096100092
A5: Bank | B5: Standard Bank | E5: Account Holder's Name | F5: Sabelo Thulani Makhunga
A6: Branch Code | B6: 111010 | E6: Account Number | F6: 91100006487818
A7: Swift Code | B7: SBICSZMX
A9: Community Member’s Name & Surname | B9: Contact Details | C9: Date | D9: Start Time (Date & Time) | E9: Completion time (Date & Time) | F9: Number of Hours | G9: Actual Number of Hours | H9: Amount | I9: Location
A10: KaGwebu | B10: 7680997 | G10: 1 | H10: =G10*200 -> 200 | I10: Maputo
A11: Gogo Nkhosi | B11: 76664426 | G11: 1 | H11: =G11*200 -> 200 | I11: Maputo
A12: Gogo Nkhambule | B12: 76320387 | G12: 1 | H12: =G12*200 -> 200 | I12: Maputo
A13: Gogo Malambe | G13: 1 | H13: =G13*200 -> 200 | I13: Maputo
A14: Fanaleni Dlamini | G14: 1 | H14: =G14*200 -> 200 | I14: Maputo
A15: Gogo LaFofofo | G15: 1 | H15: =G15*200 -> 200 | I15: Maputo
A16: Ntombi Mavuso | B16: 76681597 | G16: 2 | H16: =G16*200 -> 400 | I16: Maputo
A17: Make Gwebu | B17: 78032888 | G17: 1 | H17: =G17*200 -> 200 | I17: Timpisini
A18: Make Dlamini | B18: 78898946 | G18: 1 | H18: =G18*200 -> 200 | I18: Timpisini
A19: Make Gwebu | B19: 76547367 | G19: 2 | H19: =G19*200 -> 400 | I19: Timpisini
A20: Make Mdluli | B20: 76262191 | G20: 1 | H20: =G20*200 -> 200 | I20: Timpisini
A21: Gogo Ndlovu | B21: 76034982 | G21: 1 | H21: =G21*200 -> 200 | I21: Timpisini
A22: Gcina Dlamini | B22: 78242123 | G22: 0.5 | H22: =G22*200 -> 100 | I22: Timpisini
A23: KaShabangu | B23: 78354320 | G23: 1.5 | H23: =G23*200 -> 300 | I23: Timpisini
A24: Sibeko | B24: 76510184 | G24: 1 | H24: =G24*200 -> 200 | I24: Timpisini
A25: Make T. Thambokulu | B25: 76305102 | G25: 0.5 | H25: =G25*200 -> 100 | I25: Luhlekweni Centre
A26: Gogo Mavuso - LaFakudze | B26: 78538219 | G26: 1 | H26: =G26*200 -> 200 | I26: Luhlekweni Centre
A27: Gogo Motsa - Nicholus | B27: 76310821 | G27: 2 | H27: =G27*200 -> 400 | I27: Luhlekweni Centre
... A30: Gogo Ndlela | B30: 76600492 | G30: 2 | H30: =G30*200 -> 400 | I30: Luhlekweni Centre
A31: KaKunene - Gogo Khumalo | G31: 2 | H31: =G31*200 -> 400 | I31: Luhlekweni Centre
A32: KaGumedze - Sanele | B32: 76737415 | G32: 0.5 | H32: =G32*200 -> 100 | I32: Luhlekweni Centre
A33: KaNdwandwe - Nkhosingiphile | B33: 76526577 | G33: 1 | H33: =G33*200 -> 200 | I33: Luhlekweni Centre
A34: KaKunene - Khabo Sbahle | B34: 76944143 | G34: 0.5 | H34: =G34*200 -> 100 | I34: Luhlekweni Centre
A35: Babe Vusi Dlamini | G35: 1 | H35: =G35*200 -> 200 | I35: Emtjweza
A36: Gogo Khelina | B36: 78475928 | G36: 2 | H36: =G36*200 -> 400 | I36: Emtjweza
A37: Njabulo Mondlane | B37: 78157787 | G37: 1 | H37: =G37*200 -> 200 | I37: Emtjweza
A38: KaMamba KhaboWanele | B38: 76905461 | G38: 1 | H38: =G38*200 -> 200 | I38: Luhlekweni Esihlahleni
A39: Gcina Vilane | B39: 7712310 | G39: 0.5 | H39: =G39*200 -> 100 | I39: Emtjweza
A40: Sikhulu Mamba | G40: 1 | H40: =G40*200 -> 200 | I40: Emtjweza
A41: Gogo Malambe | G41: 1 | H41: =G41*200 -> 200 | I41: Luhlekweni
A42: Sikhonkhonono Magagula | B42: 78281201 | G42: 1 | H42: =G42*200 -> 200 | I42: Luhlekweni Esihlahleni
A43: Induna Dlamini | B43: 76960422 | G43: 1 | H43: =G43*200 -> 200 | I43: Luhlekweni
A44: Gogo laMayisa Mdluli | G44: 1 | H44: =G44*200 -> 200 | I44: Luhlekweni Entsabeni
A45: Babe Musa Tfwala | G45: 1.5 | H45: =G45*200 -> 300 | I45: Luhlekweni Entsabeni
A46: Tfwala Mfanzile | B46: 79086305 | G46: 1 | H46: =G46*200 -> 200 | I46: Luhlekweni
A47: Nsimango Sibusiso | G47: 1 | H47: =G47*200 -> 200 | I47: Luhlekweni
A48: Ginindza Thandi | G48: 1 | H48: =G48*200 -> 200 | I48: Luhlekweni
A49: KaTfwala KhaboMthunzi | G49: 2 | H49: =G49*200 -> 400 | I49: Luhlekweni
A50: Make Fakudze laMpila | G50: 1 | H50: =G50*200 -> 200 | I50: Timpisini
A51: Gogo Masilela | G51: 0.5 | H51: =G51*200 -> 100 | I51: Timpisini
A52: Gogo Magagula | G52: 1 | H52: =G52*200 -> 200 | I52: Timpisini
A53: Pastor J. Khumalo | B53: 76510828 | G53: 1 | H53: =G53*200 -> 200 | I53: Msahweni
A54: Make Anna Mtfupha | G54: 1 | H54: =G54*200 -> 200 | I54: Msahweni
A55: Babe Magagula | B55: 76960422 | G55: 1 | H55: =G55*200 -> 200 | I55: Kamajaji
A56: Mnciniseli Dlamini | B56: 76214434 | G56: 0.5 | H56: =G56*200 -> 100 | I56: Kamajaji
H57: =G57*200 -> 0
E58: Total | F58: =SUM(F9:F57) -> 0 | G58: =SUM(G10:G57) -> 51 | H58: =SUM(H9:H57) -> 10200
E59: Total number of fields ploughed | F59: =COUNT(G10:G57) -> 47
D61: Checked By
D62: Signature
D63: Date

Sheet Ngwempisi
A1: ICBC Ploughing Project
B2: Completed
A3: Name of ICBC: | B3: Ngwempisi ICBC | E3: Name of Pastor | F3: Thulani Mngometulu
A4: Contractor's Full Name | B4: Bongani Cyprian Hlophe | E4: Contractor's ID Number
A5: Bank | B5: Nedbank | E5: Account Holder's Name | F5: Bongani Cyprian Hlophe
A6: Branch Code | B6: 36014 | E6: Account Number | F6: 30000411449
A7: Swift Code | B7: NESWSZMX
A9: Community Member’s Name & Surname | B9: Contact Details | C9: Date | D9: Start Time (Date & Time) | E9: Completion time (Date & Time) | F9: Number of Hours | G9: Actual Number of Hours | H9: Amount | I9: Location
A10: Cebu Nzima 2 hrs | B10: 76226918 | C10: 45969 | G10: 2 | H10: =G10*200 -> 400
A11: Eunice Mavimbela 1 hr. | B11: 76765628 | C11: 45969 | G11: 1 | H11: =G11*200 -> 200
A12: Kwanela Malinga 2hrs | B12: 78206305 | C12: 45969 | G12: 2 | H12: =G12*200 -> 400
A13: Gamalakhe Hlophe 2hrs | B13: 76348180 | C13: 45969 | G13: 2 | H13: =G13*200 -> 400
A14: Luke Vilakati 2hrs | B14: 76416467 | C14: 45969 | G14: 2 | H14: =G14*200 -> 400
A15: Hlophe Andile 1 hr | B15: 78246598 | C15: 45969 | G15: 1 | H15: =G15*200 -> 200
A16: Manyatsi Noah | B16: 76338754 | C16: 45969 | G16: 2 | H16: =G16*200 -> 400
A17: Dlamini Lusiwe | B17: 78427366 | C17: 45974 | G17: 1 | H17: =G17*200 -> 200
A18: Mtsetfwa Busisiwe | B18: 76911211 | C18: 45974 | G18: 1 | H18: =G18*200 -> 200
A19: Khumalo Gabheni | B19: 76111178 | C19: 45974 | G19: 2 | H19: =G19*200 -> 400
A20: Lencane Ndwadwe | B20: 76911211 | C20: 45974 | G20: 1 | H20: =G20*200 -> 200
A21: Dlamini Lindoh | C21: 45974 | G21: 1 | H21: =G21*200 -> 200
A22: Hlophe Khinko | B22: 76813871 | C22: 45974 | G22: 3 | H22: =G22*200 -> 600
A23: Themba Manyatsi | C23: 45974 | G23: 1 | H23: =G23*200 -> 200
A24: Kin Hlophe | C24: 45974 | G24: 1 | H24: =G24*200 -> 200
A25: Manyatsi Sidumo | C25: 45975 | G25: 2 | H25: =G25*200 -> 400
A26: Sive Dlamini | B26: 76055594 | C26: 45975 | G26: 2 | H26: =G26*200 -> 400
A27: Dlamini Tema | C27: 45975 | G27: 1 | H27: =G27*200 -> 200
A28: Mavimbela Mzwadile | C28: 45975 | G28: 1 | H28: =G28*200 -> 200
A29: Sifiso Dlamini | C29: 45975 | G29: 2 | H29: =G29*200 -> 400
A30: Emphatsi | C30: 45975 | G30: 2 | H30: =G30*200 -> 400
A31: Gogo Simelane | C31: 45976 | G31: 4 | H31: =G31*200 -> 800
A32: Njabu Vilakati | B32: 79116881 | C32: 45976 | G32: 1 | H32: =G32*200 -> 200
A33: Jabulani Manana | B33: 78165792 | C33: 45976 | G33: 1 | H33: =G33*200 -> 200
A34: Khumalo Zinhle | B34: 76975450 | C34: 45982 | G34: 2 | H34: =G34*200 -> 400
A35: Ndzima Fundo | B35: 76852623 | C35: 45982 | G35: 2 | H35: =G35*200 -> 400
A36: Mngometulu Abanda | B36: 78232752 | C36: 45982 | G36: 2 | H36: =G36*200 -> 400
A37: Hlophe Mthunzi | B37: 76589831 | C37: 45982 | G37: 1 | H37: =G37*200 -> 200
A38: Hlophe Elleni | B38: 76606141 | C38: 45983 | G38: 2 | H38: =G38*200 -> 400
A39: Hlophe Nikelo | B39: 76508008 | C39: 45983 | G39: 1 | H39: =G39*200 -> 200
A40: Babe Hlophe MKHULULEKI | B40: 784690272 | C40: 45983 | G40: 1 | H40: =G40*200 -> 200
H41: =G41*200 -> 0
E42: Total | F42: =SUM(F8:F41) -> 0 | G42: =SUM(G10:G41) -> 50 | H42: =SUM(H8:H41) -> 10000
E43: Total number of fields ploughed | F43: =COUNT(G10:G41) -> 31
D45: Checked By
D46: Signature
D47: Date

Sheet Njakeni
A1: ICBC Ploughing Project
B2: Completed
A3: Name of ICBC: | B3: Njakeni ICBC | E3: Name of Pastor | F3: Morris Ginindza
A4: Contractor's Full Name | B4: Sabelo Thulani Makhunga | E4: Contractor's ID Number
A5: Bank | B5: Standard Bank | E5: Account Holder's Name | F5: Sabelo Thulani Makhunga
A6: Branch Code | B6: 111010 | E6: Account Number | F6: 9110006487818
A9: Community Member’s Name & Surname | B9: Contact Details | C9: Date | D9: Start Time (Date & Time) | E9: Completion time (Date & Time) | F9: Number of Hours | G9: Actual Number of Hours | H9: Amount | I9: Location
A10: Bongani Ngwenya | B10: 76774739 | G10: 1
A11: Thembisile Ndwandwe | B11: 76079879 | G11: 1 | H11: =G11*200 -> 200
A12: Sisana Ndwandwe | B12: 76219905 | G12: 1 | H12: =G12*200 -> 200
A13: Ndala Khumalo | B13: 78361081 | G13: 1 | H13: =G13*200 -> 200
A14: Thabiso Dlamini | B14: 76156308 | G14: 1 | H14: =G14*200 -> 200
A15: Nonhlanhla Mamba - Njakeni | B15: 76228089 | G15: 1 | H15: =G15*200 -> 200
A16: Qinisela Shongwe | B16: 76331847 | G16: 1 | H16: =G16*200 -> 200
A17: Mbongiseni Ndlovu | B17: 76238258 | G17: 1 | H17: =G17*200 -> 200
A18: Delisa Mndzawe | B18: 78241196 | G18: 1 | H18: =G18*200 -> 200
A19: Timothy Dlamini | B19: 76242635 | G19: 1 | H19: =G19*200 -> 200
A20: Thembi Lukhele | B20: 76247076 | G20: 1 | H20: =G20*200 -> 200
A21: Nonhlanhla Mamba - Mbasheni | B21: 78102675 | G21: 2 | H21: =G21*200 -> 400
A22: Apollo Mamba | B22: 76351055 | G22: 2 | H22: =G22*200 -> 400
... A50: Themba Simelane | B50: 79494888 | G50: 2 | H50: =G50*200 -> 400
E51: Total | F51: =SUM(F9:F50) -> 0 | G51: =SUM(G9:G50) -> 50 | H51: =SUM(H9:H50) -> 9800
E52: Total number of fields ploughed | F52: =COUNT(G11:G50) -> 40
D54: Checked By
D55: Signature
D56: Date

Sheet Nsingweni
A1: ICBC Ploughing Project
B2: In Progress
A3: Name of ICBC: | B3: Nsingweni ICBC | E3: Name of Pastor | F3: Zanele Dlamini
A4: Contractor's Full Name | B4: Mphatsi M. Msweli | E4: Contractor's ID Number
A5: Bank | B5: FNB | E5: Account Holder's Name | F5: Mphatsi Msweli
A6: Branch Code | B6: 281764 | E6: Account Number | F6: 62026973190
A9: Community Member’s Name & Surname | B9: Contact Details | C9: Date | D9: Start Time (Date & Time) | E9: Completion time (Date & Time) | F9: Number of Hours | G9: Actual Number of Hours | H9: Amount | I9: Location
A10: Bongani Sihlongonyane | B10: 76155898 | C10: 13/11/2025 | G10: 2 | H10: =G10*200 -> 400
A11: Sonto Khumalo | B11: 76960858 | C11: 13/11/2025 | G11: 1 | H11: =G11*200 -> 200
A12: Silindzeni Dlamini | C12: 13/11/2025 | G12: 1 | H12: =G12*200 -> 200
A13: Sabelo Nhlabatsi | B13: 76113346 | C13: 13/11/2025 | G13: 1 | H13: =G13*200 -> 200
A14: Thabile Dlamini | B14: 76915994 | C14: 13/11/2025 | G14: 1 | H14: =G14*200 -> 200
A15: Make Ndlela | C15: 27/11/2025 | G15: 2 | H15: =G15*200 -> 400
A16: Gogo Gama | C16: 27/11/2025 | G16: 1 | H16: =G16*200 -> 200
A17: Candy Jele | C17: 27/11/2025 | G17: 1 | H17: =G17*200 -> 200
A18: Thabile Dlamini | B18: 76630802 | C18: 27/11/2025 | G18: 1 | H18: =G18*200 -> 200
A19: Zanele Dlamini | B19: 76081026 | C19: 27/11/2025 | G19: 1 | H19: =G19*200 -> 200
A20: Phindile Mkhatshwa | B20: 76976747 | C20: 27/11/2025 | G20: 1.5 | H20: =G20*200 -> 300
A21: Chipa Khumalo | B21: 78162333 | C21: 27/11/2025 | G21: 1 | H21: =F20*200 -> 0
A22: Jeffery Dlamini | B22: 76893018 | C22: 13/11/2025 | G22: 1 | H22: =G22*200 -> 200
A23: Siphiwe Nhlabatsi | B23: 78113088 | C23: 13/11/2025 | G23: 2 | H23: =G23*200 -> 400
A24: Balekile Shongwe | B24: 76514302 | C24: 13/11/2025 | G24: 1.5 | H24: =G24*200 -> 300
A25: Julia Khumalo | B25: 76521554 | C25: 13/11/2025 | G25: 1 | H25: =G25*200 -> 200
A26: Maklasa Shongwe | B26: 76035046 | C26: 27/11/2025 | G26: 1 | H26: =G26*200 -> 200
A27: Vinah Tsabedze | B27: 76598840 | C27: 27/11/2025 | G27: 1 | H27: =G27*200 -> 200
H28: =G28*200 -> 0
H29: =G29*200 -> 0
H30: =G30*200 -> 0
H31: =G31*200 -> 0
H32: =G32*200 -> 0
H33: =G33*200 -> 0
E34: Total | F34: =SUM(F9:F32) -> 0 | G34: =SUM(G9:G32) -> 22 | H34: =SUM(H9:H33) -> 4200
E35: Total number of fields ploughed | F35: =COUNT(G10:G33) -> 18
D37: Checked By
D38: Signature
D39: Date
A89: ICBC Ploughing Project
B90: Completed
A91: Name of ICBC: | B91: Sibovini ICBC | E91: Name of Pastor | F91: Themba Nhleko
A92: Contractor's Full Name | B92: Lindiwe Tsabedze | E92: Contractor's ID Number
A93: Bank | B93: Building Society Bank | E93: Account Holder's Name | F93: Lindiwe Tsabedze
A94: Branch Code | E94: Account Number | F94: 52001115598
A97: Community Member’s Name & Surname | B97: Contact Details | C97: Date | D97: Start Time (Date & Time) | E97: Completion time (Date & Time) | F97: Number of Hours | G97: Actual Number of Hours | H97: Amount | I97: Location
A98: Joseph Matsebula | B98: 76545161 | F98: 2 | G98: 2 | H98: =G98*200 -> 400
A99: Zandile Mkhabela | B99: 76419197 | F99: 2 | G99: 2 | H99: =G99*200 -> 400
A100: Mariya Maziya | B100: 76768510 | F100: 2 | G100: 2 | H100: =G100*200 -> 400
A101: Make Nyandzeni | B101: 76374636 | F101: 5 | G101: 5 | H101: =G101*200 -> 1000
H102: =G102*200 -> 0
H103: =G103*200 -> 0
H104: =G104*200 -> 0
H105: =G105*200 -> 0
H106: =G106*200 -> 0
H107: =G107*200 -> 0
H108: =G108*200 -> 0
H109: =G109*200 -> 0
H110: =G110*200 -> 0
H111: =G111*200 -> 0
H112: =G112*200 -> 0
H113: =G113*200 -> 0
... H125: =G125*200 -> 0
E126: Total | F126: =SUM(F97:F124) -> 11 | G126: =SUM(G97:G124) -> 11 | H126: =SUM(H97:H125) -> 2200
E127: Total number of fields ploughed | F127: =COUNT(F98:F125) -> 4
D129: Checked By | E129: Bonginkosi
D130: Signature
D131: Date

Sheet Ntondozi
A1: ICBC Ploughing Project
B2: Completed
A3: Name of ICBC: | B3: Ntondozi ICBC | E3: Name of Pastor | F3: Paycash Gumbi
A4: Contractor's Full Name | B4: Phumlile Sithole | E4: Contractor's ID Number
A5: Bank | B5: FNB | E5: Account Holder's Name | F5: Phumlile Sithole
A6: Branch Code | B6: 282264 | E6: Account Number | F6: 63057365306
A7: Swift Code
A9: Community Member’s Name & Surname | B9: Contact Details | C9: Date | D9: Start Time (Date & Time) | E9: Completion time (Date & Time) | F9: Number of Hours | G9: Actual Number of Hours | H9: Amount | I9: Location
A10: Lucky Mavimbela | B10: 76033480 | D10: 0.29166667 | E10: 0.35416667 | F10: 1.5 | G10: 1.5 | H10: =G10*200 -> 300
A11: Carolinah Dlamini | D11: 0.34930556 | E11: 0.43263889 | F11: 2 | G11: 2 | H11: =G11*200 -> 400
A12: Theresa Dlamini | B12: 76957581 | F12: 1 | G12: 1 | H12: =G12*200 -> 200
A13: Dumsani Dlamini | B13: 76367954 | F13: 3 | G13: 3 | H13: =G13*200 -> 600
A14: Sanele Fakudze | B14: 76979518 | D14: 0.58541667 | E14: 0.62708333 | F14: 1 | G14: 1 | H14: =G14*200 -> 200
A15: Phumzile Maseko | B15: 76903901 | D15: 0.63541667 | E15: 0.71875 | F15: 2 | G15: 2 | H15: =G15*200 -> 400
A16: Phulini Dludlu | B16: 76256378 | C16: /11/25 | F16: 1.5 | G16: 1.5 | H16: =G16*200 -> 300
A17: Nathi Dlamini | B17: 76262356 | F17: 1.5 | G17: 1.5 | H17: =G17*200 -> 300
A18: Fihlwaphi Tsabedze | F18: 1 | G18: 1 | H18: =G18*200 -> 200
A19: Tinglers Dlamini | B19: 78379989 | F19: 1 | G19: 1 | H19: =G19*200 -> 200
A20: Bhekithemba Dlamini | B20: 76153177 | D20: 0.63888889 | E20: 0.72222222 | F20: 2 | G20: 2 | H20: =G20*200 -> 400
A21: Richard Nkwanyana | B21: 76136807 | D21: 0.38958333 | E21: 0.47291667 | F21: 2 | G21: 2 | H21: =G21*200 -> 400
A22: Gogo Phanga Dlamini | B22: 76614551 | D22: 0.30208333 | E22: 0.38680556 | F22: 2 | G22: 2 | H22: =G22*200 -> 400
A23: Lomsombuluko Mamba | B23: 76415696 | F23: 1 | G23: 1 | H23: =G23*200 -> 200
A24: Dakhi Malinga | B24: 76688855 | D24: 0.55416667 | E24: 0.6375 | F24: 2 | G24: 2 | H24: =G24*200 -> 400
A25: Themba Khumalo | B25: 76391115 | F25: 1 | G25: 1 | H25: =G25*200 -> 200
A26: Cambutane Dlamini | B26: 78571030 | F26: 1 | G26: 1 | H26: =G26*200 -> 200
A27: Mpini Dlamini | B27: 79260457 | F27: 1 | G27: 1 | H27: =G27*200 -> 200
A28: Senzo Tsabedze | B28: 76659477 | F28: 1 | G28: 1 | H28: =G28*200 -> 200
A29: Magret Dlamini | B29: 78447819 | F29: 1.5 | G29: 1.5 | H29: =G29*200 -> 300
A30: Welcome Makhanya | B30: 76147237 | F30: 2.5 | G30: 2.5 | H30: =G30*200 -> 500
A31: Thulane Dlamini | F31: 2 | G31: 2 | H31: =G31*200 -> 400
A32: Ntanda Vilakati | B32: 76343968 | F32: 2 | G32: 2 | H32: =G32*200 -> 400
A33: Sicelo Dludlu | B33: 76229662 | F33: 1 | G33: 1 | H33: =G33*200 -> 200
A34: Mshikishi Mndzebele | B34: 76053798 | F34: 1 | G34: 1 | H34: =G34*200 -> 200
A35: Tobe Nkwanyana | B35: 78409377 | F35: 1 | G35: 1 | H35: =G35*200 -> 200
A36: Zodwa Zwane | D36: 0.67361111 | E36: 0.71527778 | F36: 1 | G36: 1 | H36: =G36*200 -> 200
A37: Azaria Dlamini | B37: 78379989 | D37: 0.3125 | E37: 0.35416667 | F37: 1 | G37: 1 | H37: =G37*200 -> 200
A38: Phephsile Mthethwa | F38: 1 | G38: 1 | H38: =G38*200 -> 200
A39: Faphi Dlamini | F39: 1 | G39: 1 | H39: =G39*200 -> 200
A40: Nelile Dlamini | D40: 0.69791667 | E40: 0.71875 | F40: 0.5 | G40: 0.5 | H40: =G40*200 -> 100
A41: Paycash Gumbi | B41: 79050421 | D41: 0.61111111 | E41: 0.69444444 | F41: 2 | G41: 2 | H41: =G41*200 -> 400
A42: Indlunkhulu/Umphakatsi | F42: 1 | G42: 1 | H42: =G42*200 -> 200
A43: Mandla V. Dlamini | B43: 76908048 | D43: 0.71875 | E43: 0.76041667 | F43: 1 | G43: 1 | H43: =G43*200 -> 200
A44: Bonsiwe Sibandze | B44: 76073029 | F44: 1 | G44: 1 | H44: =G44*200 -> 200
A45: Gogo Makhanya | F45: 1 | G45: 1 | H45: =G45*200 -> 200
F46: 0.9 | G46: 0.9 | H46: =G46*200 -> 180
H47: =G47*200 -> 0
E48: Total | F48: =SUM(F9:F47) -> 50.9 | G48: =SUM(G10:G47) -> 50.9 | H48: =SUM(H9:H47) -> 10180
E49: Total number of fields ploughed | F49: =COUNT(G10:G47) -> 37
D51: Checked By
D52: Signature
D53: Date

Sheet Nyathela 
A1: ICBC Ploughing Project
B2: Completed
A3: Name of ICBC: | B3: Nyathela ICBC | E3: Name of Pastor | F3: Velaphi Sithole
A4: Contractor's Full Name | B4: Xolani Abel Ndzinisa | E4: Contractor's ID Number | F4: 9712306100190
A5: Bank | B5: First National Bank | E5: Account Holder's Name | F5: Xolani Abel Ndzinisa
A6: Branch Code | E6: Account Number | F6: E-wallet: 7695 8978
A9: Community Member’s Name & Surname | B9: Contact Details | C9: Date | D9: Start Time (Date & Time) | E9: Completion time (Date & Time) | F9: Number of Hours | G9: Actual Number of Hours | H9: Amount | I9: Location
A10: Tiyandza Mahlalela | B10: 76767142 | F10: 2 | H10: =200*G10 -> 0
A11: Obert Silindza | B11: 76424394 | F11: 2 | H11: =200*G11 -> 0
A12: Antony Ndzinisa | B12: 78165050 | C12: 45998 | D12: 0.64583333 | E12: 0.6875 | F12: 1 | G12: 1 | H12: =200*G12 -> 200
A13: Themba Matsenjwa | B13: 78367294 | C13: 45968 | D13: 0.3125 | E13: 0.35416667 | F13: 1 | G13: 1 | H13: =200*G13 -> 200
A14: Mr Matsenjwa Zungu | B14: 76279789 | C14: 45967 | D14: 0.4375 | E14: 0.52083333 | F14: 2 | G14: 2 | H14: =200*G14 -> 400
A15: Irene Tsabedze | B15: 76359331 | C15: 45986 | D15: 0.30208333 | E15: 0.38541667 | F15: 2 | G15: 2 | H15: =200*G15 -> 400
A16: Mr Nkambule Junior | F16: 3 | H16: =200*G16 -> 0
A17: Maria Makama | B17: 78156136 | F17: 6 | H17: =200*G17 -> 0
A18: Celiwe Magongo | B18: 7903818 | C18: 45971 | D18: 0.30208333 | E18: 0.38541667 | F18: 2 | G18: 2 | H18: =200*G18 -> 400
A19: Gelane Shiba | B19: 76304811 | C19: 45971 | D19: 0.27083333 | E19: 0.35416667 | F19: 2 | G19: 2 | H19: =200*G19 -> 400
A20: Tibusiso Kunene | B20: 76400398 | F20: 1 | H20: =200*G20 -> 0
A21: Gcinangaye Shongwe | B21: 76673305 | C21: 45968 | D21: 0.61458333 | E21: 0.65625 | F21: 1 | G21: 1 | H21: =200*G21 -> 200
A22: Leonard Mkhwanazi | B22: 76646522 | C22: 45974 | D22: 45974.458 | E22: 45998.5 | F22: 2 | G22: 2 | H22: =200*G22 -> 400
A23: Shakes Vilane | B23: 76248190 | C23: 45983 | D23: 0.27083333 | E23: 0.3125 | F23: 1 | G23: 1 | H23: =200*G23 -> 200
A24: Khulu Ndzinisa | F24: 3 | H24: =200*G24 -> 0
A25: Themba Matsebula | B25: 76331272 | C25: 45971 | D25: 0.58333333 | E25: 0.625 | F25: 1 | G25: 1 | H25: =200*G25 -> 200
A26: Nomcebo Dvuba | B26: 76632082 | C26: 45976 | D26: 0.29166667 | E26: 0.375 | F26: 2 | G26: 2 | H26: =200*G26 -> 400
A27: Mrs Golden | B27: 76892927 | F27: 1 | H27: =200*G27 -> 0
A28: Mr Sihlelelwe Magongo | B28: 78116833 | F28: 1 | H28: =200*G28 -> 0
A29: Maria Shongwe | B29: 78168307 | C29: 45967 | D29: 06 November 2025, 13:10:00 PM | E29: 13 November 2025, 15:15:00 PM | F29: 3 | G29: 3 | H29: =200*G29 -> 600
A30: Hlonie Simelane | B30: 76180376 | C30: 45974 | D30: 0.40625 | E30: 0.44791667 | F30: 1 | G30: 1 | H30: =200*G30 -> 200
A31: Awande Shongwe | B31: 76438979 | C31: 45968 | D31: 0.375 | E31: 0.41666667 | F31: 1 | G31: 1 | H31: =200*G31 -> 200
A32: Magiyiwe Magagula | B32: 76919726 | C32: 45998 | D32: 0.25 | E32: 0.29166667 | F32: 1 | G32: 1 | H32: =200*G32 -> 200
A33: Mahle Ndzinisa | F33: 4 | H33: =200*G33 -> 0
A34: Zinhle Vilane | B34: 76288959/76542728 | C34: 45997 | D34: 0.25 | E34: 0.41666667 | F34: 2 | G34: 4 | H34: =200*G34 -> 800
A35: Sipho Dlamini | C35: 45976 | D35: 0.41666667 | E35: 0.5 | G35: 2 | H35: =200*G35 -> 400
A36: Tandzile Gamedze | C36: 45976 | D36: 0.58333333 | E36: 0.625 | G36: 1 | H36: =200*G36 -> 200
A37: Reeva Mbhamali | C37: 45983 | D37: 0.625 | E37: 0.70833333 | G37: 2 | H37: =200*G37 -> 400
A38: Simangele Vilakati | C38: 45986 | D38: 0.45833333 | E38: 0.625 | G38: 4 | H38: =200*G38 -> 800
A39: Maria Makama | B39: 78156130 | C39: 45991 | D39: 0.46875 | E39: 0.71875 | G39: 6 | H39: =200*G39 -> 1200
A40: Dudu Tsabedze | B40: 76204390 | C40: 45993 | D40: 45993.5 | E40: 45998.083 | G40: 2 | H40: =200*G40 -> 400
A41: Sibongile Tsabedze | C41: 45993 | D41: 0.60416667 | E41: 0.64583333 | G41: 1 | H41: =200*G41 -> 200
A42: Make Sihlongonyane | B42: 78214740 | C42: 45993 | D42: 0.33333333 | E42: 0.45833333 | G42: 3 | H42: =200*G42 -> 600
A43: Philsiwe Masimula | B43: 76570537 | C43: 45997 | D43: 0.45833333 | E43: 0.5 | G43: 1 | H43: =200*G43 -> 200
A44: Celiwe Dvuba | C44: 45998 | D44: 0.35416667 | E44: 0.39583333 | G44: 1 | H44: =200*G44 -> 200
H45: =200*G45 -> 0
E46: Total | F46: =SUM(F10:F45) -> 48 | G46: =SUM(G10:G45) -> 50 | H46: =SUM(H9:H45) -> 10000
E47: Total number of fields ploughed | F47: =COUNT(G10:G45) -> 26
D48: Checked By
D49: Signature
D50: Date

Sheet Nyamane
A1: ICBC Ploughing Project
B2: Completed
A3: Name of ICBC: | B3: Nyamane ICBC | E3: Name of Pastor | F3: Samkelo Mkhonta
A4: Contractor's Full Name | E4: Contractor's Number
A5: Bank | E5: Account Holder's Name
A6: Branch Code | E6: Account Number
A9: Community Member’s Name & Surname | B9: Contact Details | C9: Date | D9: Start Time (Date & Time) | E9: Completion time (Date & Time) | F9: Number of Hours | G9: Actual Number of Hours | H9: Amount | I9: Location
A10: Make Nqotheni | B10: 78723314 | D10: 0.25694444 | E10: 0.29861111 | G10: 1 | H10: =G10*200 -> 200 | I10: Nyamane
A11: Make Masuku | B11: 78723314 | D11: 0.3 | E11: 0.37152778 | G11: 1 | H11: =G11*200 -> 200 | I11: Nyamane
A12: Make Nkambule | B12: 76921429 | D12: 0.71597222 | E12: 0.75763889 | G12: 1 | H12: =G12*200 -> 200 | I12: Nyamane
A13: Make Mavuso | B13: 76436650 | D13: 0.42708333 | E13: 0.46875 | G13: 1 | H13: =G13*200 -> 200 | I13: Nyamane
A14: Babe Simelane | B14: 76689517 | D14: 0.47222222 | E14: 0.51388889 | G14: 1 | H14: =G14*200 -> 200 | I14: Nyamane
A15: Babe Josiah | B15: 76078266 | D15: 0.38194444 | E15: 0.42361111 | G15: 1 | H15: =G15*200 -> 200 | I15: Nyamane
A16: Make Phindile Fakudze | B16: 76158349 | D16: 0.25069444 | E16: 0.29236111 | G16: 1 | H16: =G16*200 -> 200 | I16: Lebovu
A17: Make Nzima | B17: 76861335 | D17: 0.31736111 | E17: 0.35902778 | G17: 1 | H17: =G17*200 -> 200 | I17: Nyamane
A18: Babe Nzima | B18: 76861335 | D18: 0.35972222 | E18: 0.40138889 | G18: 1 | H18: =G18*200 -> 200 | I18: Nyamane
A19: Sicelo Dlamini | D19: 0.33333333 | E19: 0.375 | G19: 1 | H19: =G19*200 -> 200 | I19: Lebovu
A20: Make Phakathi | B20: 76585854 | D20: 0.2375 | E20: 0.27083333 | G20: 1 | H20: =G20*200 -> 200 | I20: Nyamane
A21: Make Dlamini Ndubaz | B21: 76134639 | D21: 0.70486111 | E21: 0.74861111 | G21: 1 | H21: =G21*200 -> 200 | I21: Ndubazi
A22: Make Tsela | B22: 78334555 | G22: 1 | H22: =G22*200 -> 200 | I22: Makhosini
A23: Gabsile Manana | B23: 76922050 | D23: 0.61111111 | E23: 0.65972222 | G23: 1 | H23: =G23*200 -> 200 | I23: Emaplazini
A24: Nondumiso Msibi | B24: 78424819 | D24: 0.34791667 | E24: 0.39236111 | G24: 1 | H24: =G24*200 -> 200 | I24: Nyamane
A25: Mkhulu Simelane | B25: 76636743 | D25: 0.29305556 | E25: 0.33472222 | G25: 1 | H25: =G25*200 -> 200 | I25: Nyamane
A26: Jabulile Mdluli | B26: 76179708 | D26: 0.36180556 | E26: 0.40833333 | G26: 1 | H26: =G26*200 -> 200 | I26: Nyamane
A27: Andreas Macu | B27: 76643502 | D27: 0.25 | E27: 0.28472222 | G27: 1 | H27: =G27*200 -> 200 | I27: Machobeni
A28: Make Mkhaliphi | B28: 76501855 | D28: 0.32013889 | E28: 0.33402778 | G28: 1 | H28: =G28*200 -> 200 | I28: Machobeni
A29: Babe Ndlangamandla | B29: 76501855 | D29: 0.32291667 | E29: 0.35069444 | G29: 1 | H29: =G29*200 -> 200 | I29: Machobeni
A30: Senzo Mdluli | B30: 76353059 | D30: 0.46180556 | E30: 0.50347222 | G30: 1 | H30: =G30*200 -> 200 | I30: Machobeni
A31: Ntombifuthi Mdluli | B31: 78168227 | D31: 0.36111111 | E31: 0.40277778 | G31: 1 | H31: =G31*200 -> 200 | I31: Machobeni
A32: Babe Ndlangamandla | B32: 76925652 | D32: 0.40625 | E32: 0.44791667 | G32: 1 | H32: =G32*200 -> 200 | I32: Machobeni
A33: Zodwa Maseko | B33: 78151206 | D33: 0.41736111 | E33: 0.45902778 | G33: 1 | H33: =G33*200 -> 200 | I33: Nyamane
A34: Hlengiwe Msibi | B34: 76815410 | G34: 1 | H34: =G34*200 -> 200 | I34: Nyamane
A35: Emphakatsini | B35: 76806509 | D35: 0.39236111 | E35: 0.44791667 | G35: 1 | H35: =G35*200 -> 200 | I35: Umphakatsi
A36: Babe Mdluli | B36: 76806509 | D36: 0.29583333 | E36: 0.32986111 | G36: 1 | H36: =G36*200 -> 200 | I36: Khamsile
A37: Opah Mavuso | B37: 76441802 | D37: 0.34375 | E37: 0.375 | G37: 1 | H37: =G37*200 -> 200 | I37: Nyamane
A38: Molina Mavuso | B38: 76188339 | D38: 0.38541667 | E38: 0.4375 | G38: 1 | H38: =G38*200 -> 200 | I38: Next to Postoli
A39: Vusi Simelane | B39: 78101279 | D39: 0.62569444 | E39: 0.6875 | G39: 1 | H39: =G39*200 -> 200 | I39: Next to Roma
A40: Ntombenhle Malindzisa | B40: 76242801 | D40: 0.61458333 | E40: 0.65625 | G40: 1 | H40: =G40*200 -> 200 | I40: Ndubazi
A41: Siyabonga Malindzisa | B41: 76464004 | D41: 0.70833333 | E41: 0.76041667 | G41: 1 | H41: =G41*200 -> 200 | I41: Ndubazi
A42: Zandi Malindzisa | B42: 76331644 | D42: 0.65625 | E42: 0.69444444 | G42: 1 | H42: =G42*200 -> 200 | I42: Ndubazi
A43: Mthobisi Malindzisa | B43: 76547873 | D43: 0.70833333 | E43: 0.75 | G43: 1 | H43: =G43*200 -> 200 | I43: Ndubazi
A44: Musa Nhlabatsi | B44: 76147405 | D44: 0.61527778 | E44: 0.66388889 | G44: 1 | H44: =G44*200 -> 200 | I44: Ndubazi
A45: Thandiwe Fakudze | B45: 78103150 | D45: 0.38888889 | E45: 0.4375 | G45: 1 | H45: =G45*200 -> 200 | I45: Ndubazi
A46: Siphelele Dlamini | B46: 76709764 | D46: 0.50555556 | E46: 0.54722222 | G46: 1 | H46: =G46*200 -> 200 | I46: Nyamane
... A55: Mvelo Khumalo | B55: 76748789 | D55: 0.55902778 | E55: 0.59375 | G55: 1 | H55: =G55*200 -> 200 | I55: Ndubazi
H56: =G56*200 -> 0
H57: =G57*200 -> 0
E58: Total | F58: =SUM(F10:F57) -> 0 | G58: =SUM(G2:G57) -> 46 | H58: =SUM(H10:H57) -> 9200
E59: Total number of fields ploughed | F59: =COUNT(G10:G51) -> 42
D61: Checked By
D62: Signature
D63: Date

Sheet Sibovini
A1: ICBC Ploughing Project
B2: Completed
A3: Name of ICBC: | B3: Sibovini ICBC | E3: Name of Pastor | F3: Themba Nhleko
A4: Contractor 1 Full Name | B4: Khanyisile P. Sifundza | E4: Account Holder's Name | F4: Khanyisile P. Sifundza
A5: Bank | B5: Nedbank | E5: Account Number | F5: 30000332239
A7: Contractor 2 Full Name | B7: Zandile Mkhabela | E7: Account Holder's Name | F7: Zandile Mkhabela
A8: Bank | B8: FNB | E8: Account Number | F8: 62614516526
A10: Community Member’s Name & Surname | B10: Contact Details | C10: Date | D10: Start Time (Date & Time) | E10: Completion time (Date & Time) | F10: Number of Hours | G10: Actual Number of Hours | H10: Amount
A11: Make Xo Tfumbatsi | B11: 76399283 | G11: 1 | H11: =G11*200 -> 200
A12: Siyabonga Mhlongo | B12: 76226597 | G12: 1 | H12: =G12*200 -> 200
A13: Siphitsi Tfumbatsi | B13: 76226597 | G13: 1 | H13: =G13*200 -> 200
A14: Make Mngometulu | B14: 76501182 | G14: 2 | H14: =G14*200 -> 400
A15: \Masa Nhlabatsi | B15: 76756850 | G15: 0.5 | H15: =G15*200 -> 100
A16: Make Mabila | B16: 76501182 | G16: 2 | H16: =G16*200 -> 400
A17: Make LaShabangu | B17: 76832327 | G17: 1 | H17: =G17*200 -> 200
A18: Zethu Nhlabatsi | B18: 76501182 | G18: 1.5 | H18: =G18*200 -> 300
A20: Malome Gwebu | B20: 76485461 | G20: 1 | H20: =G20*200 -> 200
A21: Sifiso Ndzabandzaba | B21: 78540634 | G21: 1 | H21: =G21*200 -> 200
A22: Joseph Matsebula | B22: 76545161 | G22: 5 | H22: =G22*200 -> 1000
A23: Make Maziya Bongiwe | B23: 78297023 | G23: 2 | H23: =G23*200 -> 400
... A40: Milton Groening | B40: 78183389 | G40: 1 | H40: =G40*200 -> 200
E41: Total hours ploughed | F41: =SUM(F10:F19) -> 0 | G41: =SUM(G10:G40) -> 51 | H41: =SUM(H10:H40) -> 10200
E42: Total number of fields ploughed | F42: =COUNT(G11:G40) -> 29
D44: Checked By
D45: Signature
D46: Date

Sheet Phonjwane
A1: ICBC Ploughing Project
B2: Completed
A3: Name of ICBC: | B3: Phonjwane ICBC | E3: Name of Pastor | F3: Buhle Ndzabandzaba
A4: Contractor's Full Name | B4: National Maize Corporation | E4: Contractor's ID Number
A5: Bank | E5: Account Holder's Name
A6: Branch Code | E6: Account Number
A9: Community Member’s Name & Surname | B9: Contact Details | C9: Date | D9: Start Time (Date & Time) | E9: Completion time (Date & Time) | F9: Number of Hours | G9: Actual Number of Hours | H9: Amount | I9: Location
A10: Andrias Mamba | B10: 76054658 | C10: 10.11.25 | D10: 0.41041667 | E10: 0.49375 | G10: 2 | H10: =G10*200 -> 400
A11: Simon Dlamini | C11: 10.11.25 | D11: 0.41666667 | E11: 0.45833333 | G11: 1 | H11: =G11*200 -> 200
A12: Bongani Gamedze | C12: 10.11.25 | D12: 0.35416667 | E12: 0.39583333 | G12: 1 | H12: =G12*200 -> 200
A13: Ivy Gwebu | B13: 79527790 | C13: 10.11.25 | D13: 0.39583333 | E13: 0.47916667 | G13: 2 | H13: =G13*200 -> 400
A14: Samson Gamedze | C14: 10.11.25 | D14: 0.48263889 | E14: 0.52430556 | G14: 1 | H14: =G14*200 -> 200
A15: Mkhaliphi Ndoda | B15: 76404419 | C15: 10.11.25 | D15: 0.46875 | E15: 0.55208333 | G15: 2 | H15: =G15*200 -> 400
A16: Mrs Ndlovu | C16: 10.11.25 | D16: 0.51736111 | E16: 0.55902778 | G16: 1 | H16: =G16*200 -> 200
A17: Manono Ndwandwa | B17: 76902164 | C17: 10.11.25 | D17: 0.52083333 | E17: 0.60416667 | G17: 2 | H17: =G17*200 -> 400
A18: Sifiso Ndwandwa | B18: 76902164 | C18: 10.11.25 | D18: 0.625 | E18: 0.66666667 | G18: 1 | H18: =G18*200 -> 200
A19: Josphina Fakudze | B19: 76232361 | C19: 12.11.25 | D19: 0.4375 | E19: 0.52083333 | G19: 2 | H19: =G19*200 -> 400
A20: Gogo Vilakati | C20: 12.11.25 | D20: 0.51041667 | E20: 0.55208333 | G20: 1 | H20: =G20*200 -> 200
A21: Mthandi Gamedze | C21: 12.11.25 | D21: 0.51388889 | E21: 0.59722222 | G21: 2 | H21: =G21*200 -> 400
A22: Nomsa Sihlongonyane | C22: 12.11.25 | D22: 0.55069444 | E22: 0.63402778 | G22: 2 | H22: =G22*200 -> 400
A23: Thuli Dlamini | B23: 76278242 | C23: 12.11.25 | D23: 0.61458333 | E23: 0.69791667 | G23: 2 | H23: =G23*200 -> 400
A24: Nganono Gadlela | C24: 12.11.25 | D24: 0.55555556 | E24: 0.63888889 | G24: 2 | H24: =G24*200 -> 400
A25: Simile Kunene | C25: 12.11.25 | D25: 0.45833333 | E25: 0.58333333 | G25: 3 | H25: =G25*200 -> 600
A26: Mona Dlamini | C26: 12.11.25 | D26: 0.60069444 | E26: 0.64236111 | G26: 1 | H26: =G26*200 -> 200
A27: Siphilile Sihlongonyane | C27: 12.11.25 | D27: 0.66875 | E27: 0.75208333 | G27: 2 | H27: =G27*200 -> 400
A28: Emphakatsi | C28: 13.11.25 | D28: 0.45833333 | E28: 0.5 | G28: 1 | H28: =G28*200 -> 200
A29: Milton Ndzabandzaba | C29: 12.11.25 | D29: 0.52083333 | E29: 0.60416667 | G29: 2 | H29: =G29*200 -> 400
A30: Tengonini Shongwe | C30: 12.11.25 | D30: 0.625 | E30: 0.70833333 | G30: 2 | H30: =G30*200 -> 400
A31: Mciniseli Sihlongonyane | C31: 22.11.25 | D31: 0.39583333 | E31: 0.4375 | G31: 1 | H31: =G31*200 -> 200
A32: Muzi Myeni | C32: 22.11.25 | D32: 0.44444444 | E32: 0.52777778 | G32: 2 | H32: =G32*200 -> 400
A33: Gogo Ntolo | C33: 22.11.25 | D33: 0.54166667 | E33: 0.58333333 | G33: 1 | H33: =G33*200 -> 200
A34: Slevu Shlongonyane | C34: 22.11.25 | D34: 0.41666667 | E34: 0.45833333 | G34: 1 | H34: =G34*200 -> 200
A35: Micheal Gadlela | C35: 22.11.25 | D35: 0.47916667 | E35: 0.52083333 | G35: 1 | H35: =G35*200 -> 200
... A41: Sifiso Ngubeni | C41: 21.11.25 | D41: 0.625 | E41: 0.70833333 | G41: 2 | H41: =G41*200 -> 400
A42: Mrs Lukhele | C42: 22.11.25 | G42: 1 | H42: =G42*200 -> 200
A43: Gogo Maziya | C43: 22.11.25 | G43: 2 | H43: =G43*200 -> 400
H44: =G44*200 -> 0
E45: Total | F45: =SUM(F10:F44) -> 0 | G45: =SUM(G10:G44) -> 51 | H45: =SUM(H9:H44) -> 10200
E46: Total number of fields ploughed | F46: =COUNT(G10:G44) -> 34
D48: Checked By
D49: Signature
D50: Date

Sheet Ngwenya
A1: ICBC Ploughing Project
B2: In Progress
A3: Name of ICBC: | B3: Ngwenya ICBC | E3: Name of Pastor | F3: Mcolisi Promise Dlamini
A4: Contractor's Full Name | E4: Contractor's ID Number
A5: Bank | E5: Account Holder's Name
A6: Branch Code | E6: Account Number
A9: Community Member’s Name & Surname | B9: Contact Details | C9: Date | D9: Start Time (Date & Time) | E9: Completion time (Date & Time) | F9: Number of Hours | G9: Actual Number of Hours | H9: Amount | I9: Location
A10: Mr Doctor Magagula | B10: 76520250 | G10: 1 | H10: =G10*200 -> 200
A11: Mr Matthews Ncongwane | B11: 76538293 | G11: 1 | H11: =G11*200 -> 200
A12: Vusi Magagula | G12: 1 | H12: =G12*200 -> 200
A13: Jane Hlatjwako | G13: 1 | H13: =G13*200 -> 200
A14: Lucy Mavimbela | G14: 2 | H14: =G14*200 -> 400
A15: Dudu Motsa | G15: 1 | H15: =G15*200 -> 200
A16: Ncobile Hlatshwayo | B16: 76226075 | G16: 2 | H16: =G16*200 -> 400
A17: Bhekithemba Tshapile | G17: 1.5 | H17: =G17*200 -> 300
A18: Thandi Makhanya | G18: 1 | H18: =G18*200 -> 200
A19: Thulie Dlamini | G19: 1 | H19: =G19*200 -> 200
A20: John Mnisi | G20: 1 | H20: =G20*200 -> 200
A21: Thembi Mnisi | G21: 1 | H21: =G21*200 -> 200
A22: Mbongiseni Dlamini | G22: 1 | H22: =G22*200 -> 200
A23: LaNhlabatsi | G23: 1 | H23: =G23*200 -> 200
A24: Ngwenya CLC | B24: 76355660 | G24: 0.5 | H24: =G24*200 -> 100
A25: Bongani Makhanya | G25: 2 | H25: =G25*200 -> 400
A26: Hlengiwe Dlamini | G26: 2 | H26: =G26*200 -> 400
A27: Make Mgazi | G27: 2 | H27: =G27*200 -> 400
A28: Make Magagula | G28: 3 | H28: =G28*200 -> 600
A29: Siboniso Zwane | G29: 2 | H29: =G29*200 -> 400
A30: Nelisiwe Kunene | G30: 2 | H30: =G30*200 -> 400
A31: Missinoary Dlamini | G31: 3 | H31: =G31*200 -> 600
A32: Simon Zwane | G32: 2 | H32: =G32*200 -> 400
A33: Make Mbuyisa | G33: 1 | H33: =G33*200 -> 200
A34: Jabulani Mabuza | G34: 1 | H34: =G34*200 -> 200
A35: Nokuthla Masuku | G35: 3 | H35: =G35*200 -> 600
A36: Mduduzi Magongo | G36: 1 | H36: =G36*200 -> 200
... A40: Make Zwane | G40: 2 | H40: =G40*200 -> 400
G41: 1 | H41: =G41*200 -> 200
G42: 1 | H42: =G42*200 -> 200
H43: =G43*200 -> 0
H44: =G44*200 -> 0
H45: =G45*200 -> 0
E47: Total | F47: =SUM(F10:F45) -> 0 | G47: =SUM(G2:G45) -> 50 | H47: =SUM(H2:H45) -> 10000
E48: Total number of fields ploughed | F48: =COUNT(G10:G48) -> 34
D50: Checked By
D51: Signature
D52: Date

Sheet Phuzweni
A1: ICBC Ploughing Project
B2: Completed
A3: Name of ICBC: | B3: Phuzweni ICBC | E3: Name of Pastor | F3: Sipho Nkambule
A4: Contractor's Full Name | B4: National Maize Corporation | E4: Contractor's ID Number
A5: Bank | E5: Account Holder's Name
A6: Branch Code | E6: Account Number
A9: Community Member’s Name & Surname | B9: Contact Details | C9: Date | D9: Start Time (Date & Time) | E9: Completion time (Date & Time) | F9: Number of Hours | G9: Actual Number of Hours | H9: Amount | I9: Location
A10: Jaron Nyamane | B10: 78271355 | F10: 1 | G10: 1 | H10: =200*G10 -> 200
A11: Bhekinkosi Nyamane | B11: 76770744 | F11: 1 | G11: 1 | H11: =200*G11 -> 200
A12: Mmeli Mhlanga | B12: 76476244 | F12: 1 | G12: 1 | H12: =200*G12 -> 200
A13: Thandiwe Qondile | B13: 76256374 | F13: 1 | G13: 1 | H13: =200*G13 -> 200
A14: Cindy Mdlovu | B14: 76221431 | F14: 1 | G14: 1 | H14: =200*G14 -> 200
A15: Annie Shabangu | B15: 76347754 | F15: 1 | G15: 1 | H15: =200*G15 -> 200
A16: Thoko Shabangu | B16: 76335578 | F16: 1 | G16: 1 | H16: =200*G16 -> 200
A17: Sandile Dlamini | B17: 76331774 | F17: 1 | G17: 1 | H17: =200*G17 -> 200
A18: Mavela Nyamane | B18: 76666522 | F18: 1 | G18: 1 | H18: =200*G18 -> 200
A19: Wandile Nkambule | B19: 76611260 | F19: 1 | G19: 1 | H19: =200*G19 -> 200
A20: Thando Nyamane | B20: 76811847 | F20: 1 | G20: 1 | H20: =200*G20 -> 200
A21: Elias Nyamane | B21: 76739248 | F21: 1 | G21: 1 | H21: =200*G21 -> 200
A22: Shabangu Moses | B22: 78258632 | F22: 3 | G22: 3 | H22: =200*G22 -> 600
A23: Lomasonto Nyamane | F23: 1 | G23: 1 | H23: =200*G23 -> 200
A24: Zodwa Masilela | B24: 76447771 | F24: 1 | G24: 1 | H24: =200*G24 -> 200
A25: Khanyisile Mabuza | B25: 78251477 | F25: 1 | G25: 1 | H25: =200*G25 -> 200
A26: Khanyisile Mhlanga | B26: 76411301 | F26: 1 | G26: 1 | H26: =200*G26 -> 200
A27: Lomsombuluko Nyamane | B27: 76574204 | F27: 1 | G27: 1 | H27: =200*G27 -> 200
A28: Celiwe Simelane | B28: 76789796 | F28: 1 | G28: 1 | H28: =200*G28 -> 200
A29: Sibongile Sibanyoni | B29: 76630183 | F29: 1 | G29: 1 | H29: =200*G29 -> 200
A30: Dumsile Mhlanga | B30: 76394084 | F30: 2 | G30: 2 | H30: =200*G30 -> 400
A31: Zamani | B31: 76803355 | F31: 3 | G31: 3 | H31: =200*G31 -> 600
A32: Nolwazi Dlamini | B32: 78634009 | F32: 1 | G32: 1 | H32: =200*G32 -> 200
A33: Jabulile Dlamini | B33: 76539797 | F33: 1 | G33: 1 | H33: =200*G33 -> 200
A34: Hlonphile Matse | B34: 76936366 | F34: 1 | G34: 1 | H34: =200*G34 -> 200
A35: Celucolo Mhlanga | B35: 76800754 | F35: 1 | G35: 1 | H35: =200*G35 -> 200
... A45: Bongani | B45: 76422209 | F45: 1 | G45: 1 | H45: =200*G45 -> 200
H46: =200*G46 -> 0
H47: =200*G47 -> 0
H48: =200*G48 -> 0
H49: =200*G49 -> 0
H50: =200*G50 -> 0
H51: =200*G51 -> 0
H52: =200*G52 -> 0
H53: =200*G53 -> 0
H54: =200*G54 -> 0
H55: =200*G55 -> 0
E56: Total | F56: =SUM(F9:F55) -> 50 | G56: =SUM(G10:G55) -> 50 | H56: =SUM(H9:H55) -> 10000
E57: Total number of fields ploughed | F57: =COUNT(G10:G55) -> 36
D59: Checked By
D60: Signature
D61: Date

Sheet Nsubane
A1: ICBC Ploughing Project
B2: Completed
A3: Name of ICBC: | B3: Nsubane ICBC | E3: Name of Pastor | F3: Ncamsile Ndwandwe
A4: Contractor's Full Name | B4: Hezekiel S. Dlamini | E4: Contractor's ID Number | F4: 5604046100305
A5: Bank | B5: First National Bank | E5: Account Holder's Name | F5: Hezekiel S. Dlamini | K5: =SUM(H21:H33) -> 5400
A6: Branch Code | B6: 287364 | E6: Account Number | F6: 62009551567
A9: Community Member’s Name & Surname | B9: Contact Details | C9: Date | D9: Start Time (Date & Time) | E9: Completion time (Date & Time) | F9: Number of Hours | G9: Actual Number of Hours | H9: Amount | I9: Location
A10: Busisiwe Ndzimandze | B10: 76450231 | C10: 45989 | F10: 2 | G10: 2 | H10: =G10*200 -> 400
A11: Nokwanda Zwane | B11: 76450231 | C11: 45989 | F11: 1 | G11: 1 | H11: =G11*200 -> 200
A12: Alice Sibandze | C12: 45992 | F12: 1 | G12: 1 | H12: =G12*200 -> 200
A13: Annah Myeni | C13: 46004 | F13: 1 | G13: 1 | H13: =G13*200 -> 200
A14: Mirriam Dlamini | C14: 45993 | F14: 2 | G14: 2 | H14: =G14*200 -> 400
A15: Phindile Ndwandwe | B15: 76725532 | C15: 45993 | F15: 1 | G15: 1 | H15: =G15*200 -> 200
A16: Tozi Gina | B16: 76147453 | C16: 45997 | F16: 2 | G16: 2 | H16: =G16*200 -> 400
A17: Thobhi Gina | B17: 76147453 | C17: 45997 | F17: 2 | G17: 2 | H17: =G17*200 -> 400
A18: Sbongile Ngcamphalala | B18: 76591579 | C18: 46000 | F18: 1 | G18: 1 | H18: =G18*200 -> 200
A19: Khanyisile Ndwandwe | B19: 76384373 | C19: 46001 | F19: 3 | G19: 3 | H19: =G19*200 -> 600
A20: Nqobile Dlamini | B20: 76147453 | C20: 46002 | F20: 3 | G20: 3 | H20: =G20*200 -> 600
A21: Bongani Gina | B21: 7661147 | C21: 46032 | G21: 3 | H21: =G21*200 -> 600
A22: Helen Matsebula | B22: 78120290 | C22: 46034 | G22: 2 | H22: =G22*200 -> 400
A23: Mthembeni Dlamini | B23: 76527420 | C23: 46034 | G23: 1 | H23: =G23*200 -> 200
A24: Sabelo Gina | B24: 76122450 | C24: 46035 | G24: 2 | H24: =G24*200 -> 400
A25: Fikile Ndwandwe | B25: 76076623 | C25: 46035 | G25: 3 | H25: =G25*200 -> 600
A26: Xolile Dlamini | B26: 76317297 | C26: 46037 | G26: 2 | H26: =G26*200 -> 400
A27: Jabu Matsenjwa | B27: 76671865 | C27: 46038 | G27: 2 | H27: =G27*200 -> 400
A28: Jabulile Ndwandwe | B28: 76184163 | C28: 46039 | G28: 2 | H28: =G28*200 -> 400
A29: Nsubane ICBC | B29: 76764933 | C29: 46040 | G29: 3 | H29: =G29*200 -> 600
A30: Thulisile Ndwandwe | B30: 76374865 | C30: 46041 | G30: 2 | H30: =G30*200 -> 400
A31: Doris Gina | B31: 76147453 | C31: 46041 | G31: 2 | H31: =G31*200 -> 400
A32: Lindan Ndwandwe | B32: 76384373 | G32: 3 | H32: =G32*200 -> 600
H33: =G33*200 -> 0
A34: Roster Gina | B34: 76768361 | G34: 2 | H34: =G34*200 -> 400
A35: Khanyisile Ndwandwe | B35: 76384373 | G35: 3 | H35: =G35*200 -> 600
A36: Goodness Dlamini | B36: 76076623 | G36: 1 | H36: =G36*200 -> 200
A37: Fikile Ndwandwe | G37: 3 | H37: =G37*200 -> 600
A38: Nsubane ICBC | B38: 76384373 | G38: 4 | H38: =G38*200 -> 800
A39: Winile Gina | B39: 76707424 | G39: 2 | H39: =G39*200 -> 400
A40: Lindani Ndwandwe | B40: 76464456 | G40: 2 | H40: =G40*200 -> 400
A41: Ncobile Dlamini | G41: 2 | H41: =G41*200 -> 400
A42: Rejoice Mkhatshwa | G42: 2 | H42: =G42*200 -> 400
A43: Sabelo Gina | B43: 76122450 | G43: 3 | H43: =G43*200 -> 600
A44: Martha Dlamini | B44: 76288268 | G44: 2 | H44: =G44*200 -> 400
A45: Ntombenhle Mabuyakhulu | B45: 76384373 | G45: 2 | H45: =G45*200 -> 400
A46: Bongani Gina | B46: 76361147 | G46: 3 | H46: =G46*200 -> 600
A47: Thulisile Ndwandwe | B47: 76374865 | G47: 2 | H47: =G47*200 -> 400
A48: Gcina Ndwandwe | G48: 2 | H48: =G48*200 -> 400
H49: =G49*200 -> 0
H50: =G50*200 -> 0
H51: =G51*200 -> 0
H52: =G52*200 -> 0
H53: =G53*200 -> 0
E54: Total | F54: =SUM(F34:F48) -> 0 | G54: =SUM(G34:G48) -> 35 | H54: =SUM(H34:H48) -> 7000
E55: Total number of fields ploughed | F55: =COUNT(G34:G53) -> 15
D57: Checked By
D58: Signature
D59: Date

Sheet Sigangeni
A1: ICBC Ploughing Project
B2: Completed
A3: Name of ICBC: | B3: Sigangeni ICBC | E3: Name of Pastor | F3: Bongani Masombuka
A4: Contractor's Full Name | B4: Shongwe Investments | E4: Contractor's Number
A5: Bank | B5: FNB | E5: Account Holder's Name | F5: Mabandla Shongwe
A6: Branch Code | E6: Account Number | F6: 63112082845
A9: Community Member’s Name & Surname | B9: Contact Details | C9: Date | D9: Start Time (Date & Time) | E9: Completion time (Date & Time) | F9: Number of Hours | G9: Actual Number of Hours | H9: Amount | I9: Location
A10: Emphakatsi | G10: 1 | H10: =G10*200 -> 200
A11: B. Masombuka | B11: 76779281 | G11: 3 | H11: =G11*200 -> 600
A12: Make Shongwe | B12: 76278867 | G12: 2 | H12: =G12*200 -> 400
A13: Puleng | B13: 76176717 | G13: 2 | H13: =G13*200 -> 400
A14: Derick Shongwe | B14: 7613152 | G14: 3 | H14: =G14*200 -> 600
A15: Thishela Ndlangamandla | B15: 76432039 | G15: 3 | H15: =G15*200 -> 600
A16: Lwazi Dlamini | B16: 79565563 | G16: 3 | H16: =G16*200 -> 600
A17: Sabelo Masuku' | B17: 76914025 | G17: 2 | H17: =G17*200 -> 400
A18: Sozisa Shongwe | B18: 76413902 | G18: 2 | H18: =G18*200 -> 400
A19: Sabelo Maziya | B19: 76180741 | G19: 2 | H19: =G19*200 -> 400
A20: Ruth Masuku | B20: 76072436 | G20: 2 | H20: =G20*200 -> 400
A21: Mpilo Dlamini | B21: 76721038 | G21: 2 | H21: =G21*200 -> 400
A22: Agnes Khatsidze | B22: 76419031 | G22: 3 | H22: =G22*200 -> 600
... A26: Sipho Shongwe | B26: 76436320 | G26: 3 | H26: =G26*200 -> 600
A27: Nduku Shongwe | G27: 2 | H27: =G27*200 -> 400
A28: Sonto Maziya | B28: 78831593 | G28: 2 | H28: =G28*200 -> 400
A29: Lungile Khumalo | B29: 76433682 | G29: 3 | H29: =G29*200 -> 600
A30: Bheki Mabuza | B30: 76145568 | G30: 3 | H30: =G30*200 -> 600
A31: Steven Mabuza | B31: 78140180 | G31: 3 | H31: =G31*200 -> 600
H32: =G32*200 -> 0
H33: =G33*200 -> 0
H34: =G34*200 -> 0
H35: =G35*200 -> 0
H36: =G36*200 -> 0
H37: =G37*200 -> 0
H38: =G38*200 -> 0
H39: =G39*200 -> 0
H40: =G40*200 -> 0
H41: =G41*200 -> 0
H42: =G42*200 -> 0
H43: =G43*200 -> 0
... H47: =G47*200 -> 0
E48: Total | F48: =SUM(F10:F47) -> 0 | G48: =SUM(G2:G47) -> 52 | H48: =SUM(H10:H47) -> 10400
E49: Total number of fields ploughed | F49: =COUNT(G10:G38) -> 22
D51: Checked By
D52: Signature
D53: Date

Sheet Sigcaweni
A1: ICBC Ploughing Project
B2: Completed
A3: Name of ICBC: | B3: Esigcaweni ICBC | E3: Name of Pastor | F3: Zwelithini Mamba
A4: Contractor's Full Name | B4: Kuhlebomvakali Transport | E4: Contractor's ID Number
A5: Bank | B5: Eswatini Bank | E5: Account Holder's Name | F5: Sikelela Dlamini
A6: Branch Code | B6: 770011 | E6: Account Number | F6: 77401774362
A9: Community Member’s Name & Surname | B9: Contact Details | C9: Date | D9: Start Time (Date & Time) | E9: Completion time (Date & Time) | F9: Number of Hours | G9: Actual Number of Hours | H9: Amount | I9: Location
A10: Gogo Tsabedze | B10: 76961169 | C10: 45965 | G10: 2 | H10: =200*G10 -> 400 | I10: 26°33'46.2"S 31°39'57.7"E
A11: Mashudu Tsabedze | B11: 76910091 | C11: 45965 | G11: 3 | H11: =200*G11 -> 600
A12: Mkhulisi Tsabedze | B12: 76430978 | C12: 45965 | G12: 3 | H12: =200*G12 -> 600
A13: Msizi Tsabedze | B13: 76197786 | C13: 45966 | G13: 1 | H13: =200*G13 -> 200
A14: Sipho Tsabedze | B14: 78349170 | C14: 45966 | G14: 2 | H14: =200*G14 -> 400
A15: Babe Gamedze | B15: 79631963 | C15: 45966 | G15: 2 | H15: =200*G15 -> 400
A16: Make Tsabedze | B16: 76326946 | C16: 45966 | G16: 3 | H16: =200*G16 -> 600
A17: Sicelo Tfwala | B17: 76116469 | C17: 45967 | G17: 1 | H17: =200*G17 -> 200
A18: Ndokofane Shongwe | B18: 79355301 | C18: 45967 | G18: 1 | H18: =200*G18 -> 200
A19: Khenethi Tsabedze | B19: 76611805 | C19: 45967 | G19: 1 | H19: =200*G19 -> 200
A20: Thobile Tsabedze | B20: 76827179 | C20: 45967 | G20: 1 | H20: =200*G20 -> 200
A21: Mcolisi Dlamini | B21: 76305550 | C21: 45967 | G21: 2 | H21: =200*G21 -> 400
A22: Lungile Dlamini | B22: 76535629 | C22: 45967 | G22: 1 | H22: =200*G22 -> 200
... A24: Ndodebovu | B24: 78357319 | C24: 45968 | G24: 2 | H24: =200*G24 -> 400
A25: Maswidi Tfwala | C25: 45968 | G25: 1 | H25: =200*G25 -> 200
A26: Bonface Mamba | C26: 45968 | G26: 2 | H26: =200*G26 -> 400
A27: Make Fakudze | B27: 78322074 | C27: 45969 | G27: 2 | H27: =200*G27 -> 400
A28: Bhekithemba Ndlandla | B28: 76313158 | C28: 45969 | G28: 1 | H28: =200*G28 -> 200
A29: Siboniso Shongwe | B29: 76378346 | C29: 45969 | G29: 1 | H29: =200*G29 -> 200
A30: Colile Mkhatjwa | C30: 45969 | G30: 2 | H30: =200*G30 -> 400
A31: Nokwethu Shongwe | B31: 78515811 | C31: 45969 | G31: 1 | H31: =200*G31 -> 200
A32: Majahencwala Ndlandla | B32: 78042093 | C32: 45969 | G32: 2 | H32: =200*G32 -> 400
A33: Samkeliso Tsabedze | B33: 76513087 | C33: 45971 | G33: 2 | H33: =200*G33 -> 400
A34: Mbongeni Tfwala | B34: 76888799 | C34: 45973 | G34: 1 | H34: =200*G34 -> 200
A35: Vusumuzi Dlamini | B35: 76625115 | C35: 45973 | G35: 2 | H35: =200*G35 -> 400
A36: Khalosi Hlophe | B36: 76173627 | C36: 45973 | G36: 1 | H36: =200*G36 -> 200
A37: Phephile Ngozo | B37: 76457881 | C37: 45980 | G37: 1 | H37: =200*G37 -> 200
A38: Bhubesi Gwebu | B38: 76832817 | C38: 45980 | G38: 1 | H38: =200*G38 -> 200
A39: Gogo Tsabedze | B39: 76049195 | C39: 45980 | G39: 2 | H39: =200*G39 -> 400
A40: Make Gamedze | B40: 76079891 | C40: 45980 | G40: 1 | H40: =200*G40 -> 200
A41: Make Mamba | B41: 76127194 | C41: 45981 | G41: 1 | H41: =200*G41 -> 200
H42: =200*G42 -> 0
H43: =200*G43 -> 0
H44: =200*G44 -> 0
H45: =200*G45 -> 0
H46: =200*G46 -> 0
H47: =200*G47 -> 0
H48: =200*G48 -> 0
E49: Total | F49: =SUM(F10:F48) -> 0 | G49: =SUM(G10:G48) -> 50 | H49: =SUM(H10:H48) -> 10000
E50: Total number of fields ploughed | F50: =COUNT(G10:G48) -> 32
D52: Checked By
D53: Signature
D54: Date

Sheet Sigombeni
A1: ICBC Ploughing Project
B2: Completed
A3: Name of ICBC: | B3: Sigombeni ICBC | E3: Name of Pastor | F3: Sabelo Molefe
A4: Contractor's Full Name | B4: Doctor Banda Dlamini | E4: Contractor's ID Number | F4: 7607276100273
A5: Bank | B5: First National Bank | E5: Account Holder's Name | F5: Doctor Banda Dlamini
A6: Branch Code | B6: 283164 SIMUNYE | E6: Account Number | F6: 628 241 10879
A9: Community Member’s Name & Surname | B9: Contact Details | C9: Date | D9: Start Time (Date & Time) | E9: Completion time (Date & Time) | F9: Number of Hours | G9: Actual Number of Hours | H9: Amount | I9: Location
A10: Make Gulwako | B10: 78416560 | C10: 18/11/25 | G10: 2 | H10: =G10*200 -> 400
A11: Mapidi Jele | B11: 78578610 | G11: 2 | H11: =G11*200 -> 400
A12: Mampela Gama | B12: 76372638 | G12: 1 | H12: =G12*200 -> 200
A13: Make Lushaba | B13: 76238865 | G13: 1 | H13: =G13*200 -> 200
A14: Sabelo Jele | B14: 76119841 | G14: 2 | H14: =G14*200 -> 400
A15: Lindiwe Jele | B15: 76256491 | C15: 27/11/25 | G15: 2 | H15: =G15*200 -> 400
A16: Gogo Ndzimandze | B16: 76175108 | G16: 2 | H16: =G16*200 -> 400
A17: Lomakhala Dlamini | B17: 76805389 | G17: 1 | H17: =G17*200 -> 200
A18: Gogo Matsebula | B18: 76413556 | G18: 2 | H18: =G18*200 -> 400
A19: Sabelo Dlamini | G19: 1 | H19: =G19*200 -> 200
A20: Mduduzi Gama | B20: 76116572 | G20: 1 | H20: =G20*200 -> 200
A21: Babe Thenasi | B21: 76631816 | G21: 1 | H21: =G21*200 -> 200
A22: Celiwe Kunene | B22: 76504433 | G22: 1 | H22: =G22*200 -> 200
A23: Fana Simelane | B23: 76239227 | G23: 1 | H23: =G23*200 -> 200
A24: Sphelele Nkambule | G24: 1 | H24: =G24*200 -> 200
A25: Bhekithemba Dlamini | B25: 76580985 | G25: 2 | H25: =G25*200 -> 400
A26: Ncobile Simelane | B26: 76650864 | G26: 1 | H26: =G26*200 -> 200
A27: Mndeni Mabuza | G27: 1 | H27: =G27*200 -> 200
A28: Jika Lukhele | B28: 78559189 | G28: 1 | H28: =G28*200 -> 200
A29: Lumbi Dlamini | B29: 78490505 | G29: 2 | H29: =G29*200 -> 400
A30: Mr Mkhaliphi | B30: 76505814 | G30: 1 | H30: =G30*200 -> 200
A31: LaNtsetfwa | G31: 1 | H31: =G31*200 -> 200
A32: Mr Masilela | B32: 76885659 | G32: 1 | H32: =G32*200 -> 200
A33: Make Mamba | B33: 79911515 | G33: 1 | H33: =G33*200 -> 200
A34: Mr Makhukhula | B34: 78182124 | G34: 1 | H34: =G34*200 -> 200
A35: Umphakatsi | G35: 1 | H35: =G35*200 -> 200
A36: Melusi Madzinane | B36: 76513533 | G36: 1 | H36: =G36*200 -> 200
A37: Mfunwa Mkhatjwa | B37: 76117651 | G37: 1 | H37: =G37*200 -> 200
A38: Make Quma | G38: 1 | H38: =G38*200 -> 200
A39: Babe Boy | B39: 76773506 | G39: 1 | H39: =G39*200 -> 200
A40: Bishop Magongo | B40: 76319288 | G40: 1 | H40: =G40*200 -> 200
A41: Mr Kwanyane | B41: 76821015 | G41: 1 | H41: =G41*200 -> 200
A42: Thulani Dlamini | B42: 76156637 | G42: 3 | H42: =G42*200 -> 600
A43: Cebsile Ntjangase | B43: 76883148 | G43: 1 | H43: =G43*200 -> 200
A44: Gogo Sangweni | B44: 76481311 | G44: 1 | H44: =G44*200 -> 200
A45: Ndoda Jele | B45: 76422328 | G45: 1 | H45: =G45*200 -> 200
A46: Make Mdluli | B46: 76284865 | G46: 1 | H46: =G46*200 -> 200
A47: Babe Mkhonta | B47: 76089129 | G47: 1 | H47: =G47*200 -> 200
A48: Thulani Conco | B48: 76129705 | G48: 1 | H48: =G48*200 -> 200
A49: Make Lomthantazo | B49: 78578650 | G49: 1 | H49: =G49*200 -> 200
H50: =G50*200 -> 0
E51: Total | F51: =SUM(F8:F50) -> 0 | G51: =SUM(G10:G50) -> 50 | H51: =SUM(H8:H50) -> 10000
E52: Total number of fields ploughed | F52: =COUNT(G9:G50) -> 40
D54: Checked By
D55: Signature
D56: Date

Sheet Sigengeni
A1: ICBC Ploughing Project
B2: Completed
A3: Name of ICBC: | B3: Sigengeni ICBC | E3: Name of Pastor | F3: Samkeliso Fakudze
A4: Contractor's Full Name | B4: Nomcebo B. Simelane | E4: Contractor's ID Number | F4: 6210141100023
A5: Bank | B5: First National Bank | E5: Account Holder's Name | F5: Nomcebo B. Simelane
A6: Branch Code | B6: 282064 | E6: Account Number | F6: 62023477004
A9: Community Member’s Name & Surname | B9: Contact Details | C9: Date | D9: Start Time (Date & Time) | E9: Completion time (Date & Time) | F9: Number of Hours | G9: Actual Number of Hours | H9: Amount | I9: Location
A10: Wendy Hlatshwayo | B10: 76227079 | C10: 13.10.2025 | D10: 0.26319444 | E10: 0.42986111 | G10: 4 | H10: =G10*200 -> 800
A11: Celumusa Simelane | B11: 76459030 | C11: 13.10.2025 | D11: 0.45833333 | E11: 0.58333333 | G11: 3 | H11: =G11*200 -> 600
A12: Gugu Dlamini | B12: 78625317 | C12: 13.10.2025 | D12: 0.625 | E12: 0.66666667 | G12: 1 | H12: =G12*200 -> 200
A13: Philile Dlamini | B13: 76501958 | C13: 13.10.2025 | D13: 0.70833333 | E13: 0.79166667 | G13: 2 | H13: =G13*200 -> 400
A14: Simile Simelane | B14: 76194758 | C14: 14.10.2025 | D14: 0.24791667 | E14: 0.45625 | G14: 5 | H14: =G14*200 -> 1000
A15: Nkosingiphile Simelane | B15: 76459964 | C15: 14.10.2025 | D15: 0.47222222 | E15: 0.59722222 | G15: 3 | H15: =G15*200 -> 600
A16: Siniketiwe Dlamini | B16: 76965754 | C16: 14.10.2025 | D16: 0.60416667 | E16: 0.66666667 | G16: 1.5 | H16: =G16*200 -> 300
A17: Setsabile Dlamini | B17: 76583125 | C17: 14.10.2025 | D17: 0.67013889 | E17: 0.71180556 | G17: 1 | H17: =G17*200 -> 200
A18: Zanele Simelane | B18: 76673420 | C18: 14.10.2025 | D18: 0.73333333 | E18: 0.775 | G18: 1 | H18: =G18*200 -> 200
A19: Phumzile Dube | B19: 78115146 | C19: 15.10.2025 | D19: 0.35416667 | E19: 0.4375 | G19: 2 | H19: =G19*200 -> 400
A20: Lungile Ndwandwe | B20: 76277866 | C20: 15.10.2025 | D20: 0.4375 | E20: 0.5625 | G20: 3 | H20: =G20*200 -> 600
A21: Thabsile Simelane | B21: 76889125 | C21: 15.10.2025 | D21: 0.66666667 | E21: 0.75 | G21: 2 | H21: =G21*200 -> 400
... A26: Mduduzi Siziba | B26: 76279019 | C26: 11.11.2025 | D26: 0.16666667 | E26: 0.33333333 | G26: 4 | H26: =G26*200 -> 800
A27: Mlungisi Ndlangamandla | C27: 11.11.2025 | D27: 0.33333333 | E27: 0.375 | G27: 1 | H27: =G27*200 -> 200
A28: Gugu Dlamini | B28: 78625317 | C28: 11.11.2025 | D28: 0.375 | E28: 0.41666667 | G28: 1 | H28: =G28*200 -> 200
A29: Khetsiwe Vilakati | B29: 76226783 | C29: 11.11.2025 | D29: 0.41666667 | E29: 0.45833333 | G29: 1 | H29: =G29*200 -> 200
A30: Phephile Simelane | C30: 11.11.2025 | D30: 0.5 | E30: 0.58333333 | G30: 2 | H30: =G30*200 -> 400
A31: Gladys Simelane | B31: 76619675 | C31: 11.11.2025 | D31: 0.60416667 | E31: 0.64583333 | G31: 1 | H31: =G31*200 -> 200
A32: Lungile Ndwandwe | B32: 76277866 | C32: 12:11.2025 | D32: 0.38194444 | E32: 0.42361111 | G32: 1 | H32: =G32*200 -> 200
A33: Phetsile Mdziniso | B33: 78427796 | C33: 12:11.2026 | D33: 0.45833333 | E33: 0.5 | G33: 1 | H33: =G33*200 -> 200
A34: King Simelane | B34: 76673420 | C34: 12:11.2027 | D34: 0.54166667 | E34: 0.58333333 | G34: 1 | H34: =G34*200 -> 200
H35: =G35*200 -> 0
H36: =G36*200 -> 0
H37: =G37*200 -> 0
H38: =G38*200 -> 0
H39: =G39*200 -> 0
H40: =G40*200 -> 0
H41: =G41*200 -> 0
H42: =G42*200 -> 0
H43: =G43*200 -> 0
H44: =G44*200 -> 0
E45: Total | F45: =SUM(F8:F44) -> 0 | G45: =SUM(G8:G44) -> 50 | H45: =SUM(H8:H44) -> 10000
E46: Total number of fields ploughed | F46: =COUNT(G10:G44) -> 25
D48: Checked By
D49: Signature
D50: Date

Sheet Nyakeni
A1: ICBC Ploughing Project
B2: Completed
A3: Name of ICBC: | B3: Nyakeni ICBC | E3: Name of Pastor | F3: Nobuhle Gloria Nkambule
A4: Contractor's Full Name | E4: Contractor's ID Number
A5: Bank | E5: Account Holder's Name
A6: Branch Code | E6: Account Number
A7: Swift Code
A9: Community Member’s Name & Surname | B9: Contact Details | C9: Date | D9: Start Time (Date & Time) | E9: Completion time (Date & Time) | F9: Number of Hours | G9: Actual Number of Hours | H9: Amount | I9: Location
A10: Constance Nyawo | B10: 76031819 | C10: 45969 | D10: 9:25hrs | E10: 10:55hrs | G10: 1.5 | H10: =G10*200 -> 300
A11: Vincent Matsebula | B11: 76034295 | C11: 45969 | D11: 16:00hrs | E11: 1700hrs | G11: 1 | H11: =G11*200 -> 200
A12: Thabsile Ndwandwe | B12: 76045854 | C12: 45969 | G12: 1 | H12: =G12*200 -> 200
A13: Umphakatsi | B13: 76049782 | C13: 45976 | D13: 10:00hrs | E13: 11:00hrs | G13: 1 | H13: =G13*200 -> 200
A14: Lencane Mary Dlamini | B14: 76129406 | C14: 45969 | G14: 2.5 | H14: =G13*200 -> 200
A15: Nokuthula Msitsini | B15: 76137281 | C15: 45969 | D15: 1815hrs | E15: 19:20hrs | G15: 1 | H15: =G15*200 -> 200
A16: Mr Remember Matsenjwa | B16: 76145690 | C16: 45967 | D16: 1030hrs | E16: 1230hrs | G16: 2 | H16: =G16*200 -> 400
A17: Sikelela Sikhondze | B17: 76156037 | C17: 45967 | D17: 1450 hrs | E17: 1555hrs | G17: 1 | H17: =G17*200 -> 200
A18: Deleni L Lukhele | B18: 76253256 | C18: 45971 | D18: 12:10hrs | E18: 13:40hrs | G18: 1.5 | H18: =G18*200 -> 300
A19: Dudu Sithole | B19: 76282027 | C19: 45971 | D19: 1430hrs | E19: 1530hrs | G19: 3 | H19: =G19*200 -> 600
A20: Lomagugu Dlamini | B20: 76445948 | C20: 46004 | D20: 8:00hrs | E20: 9:00hrs | G20: 1 | H20: =G20*200 -> 200
A21: Funani Shongwe | B21: 76477628 | C21: 45971 | D21: 1430hrs | E21: 1630hrs | G21: 2 | H21: =G21*200 -> 400
A22: Simangele Sarah Tfwala | B22: 76746104 | C22: 45967 | G22: 0.5 | H22: =G22*200 -> 100
A23: Mpendulo Dlamini | B23: 76909451 | C23: 45976 | D23: 8:00hrs | E23: 9:00hrs | G23: 1 | H23: =G23*200 -> 200
A24: Thabsile Tfwala | B24: 76956160 | C24: 45967 | D24: 20:15hrs | E24: 2145hrs | G24: 1.5 | H24: =G24*200 -> 300
A25: Dudu Khoza | B25: 78272788 | C25: 46004 | D25: 8:00hrs | E25: 10:00hrs | G25: 1 | H25: =G25*200 -> 200
A26: Bongani Tfwala | B26: 78600525 | C26: 45967 | D26: 1810hrs | E26: 1910hrs | G26: 1.5 | H26: =G26*200 -> 300
A27: Mandla Mvelase | B27: 78600525 | C27: 45981 | G27: 2 | H27: =G27*200 -> 400
A28: Sive Qiniso Tfwala | B28: 78775573 | C28: 45971 | D28: 1945 hrs | E28: 2045hrs | G28: 1 | H28: =G28*200 -> 200
A29: Linah Sibongile Tfwala | B29: 7603 2525 | C29: 45967 | G29: 1 | H29: =G29*200 -> 200
A30: Nokthula Msitsini | B30: 76137281 | C30: 45969 | D30: 1815hrs | E30: 1920hrs | G30: 1 | H30: =G30*200 -> 200
A31: Lemcane Mary Dlamini | B31: 76124006 | C31: 45969 | D31: 1135hrs | E31: 1405hrs | G31: 2.5
A32: Mduduzi Dlamini | B32: 76936062 | C32: 45971 | D32: 1400hrs | E32: 1500hrs | G32: 1
H33: =G33*200 -> 0
E34: Total | F34: =SUM(F9:F33) -> 0 | G34: =27 -> 27 | H34: 5400
E35: Total number of fields ploughed | F35: =COUNT(G10:G33) -> 23
D37: Checked By
D38: Signature
D39: Date

Sheet Tibane
A1: ICBC Ploughing Project
B2: Completed
A3: Name of ICBC: | B3: Tibane ICBC | E3: Name of Pastor | F3: Goodman Mamba
A4: Contractor's Full Name | B4: Mfanzile S Dlamini | E4: Contractor's Number | F4: 78163415
A5: Bank | B5: FNB | E5: Account Holder's Name | F5: Mabhila Elias Mashaba
A6: Branch Code | E6: Account Number | F6: 63180498785
A9: Community Member’s Name & Surname | B9: Contact Details | C9: Date | D9: Start Time (Date & Time) | E9: Completion time (Date & Time) | F9: Number of Hours | G9: Actual Number of Hours | H9: Amount | I9: Location
A10: Vukani Kunene | B10: 76175181 | C10: 45966 | D10: 0.29166667 | E10: 0.70833333 | G10: 1 | H10: =200*G10 -> 200
A11: Sethabile Myeni | B11: 76447625 | C11: 45966 | D11: 0.29166667 | E11: 0.70833333 | G11: 2 | H11: =200*G11 -> 400
A12: Bhekithemba Sihlongonyane | B12: 78443180 | C12: 45966 | D12: 45969 | E12: 45974 | G12: 5 | H12: =200*G12 -> 1000
A13: Fikelephi Gumbi | B13: 78680159 | C13: 45967 | D13: 0.29166667 | E13: 0.6875 | G13: 2 | H13: =200*G13 -> 400
A14: Dumsile Mamba | B14: 76172716 | C14: 45967 | D14: 45967 | E14: 45996 | G14: 3 | H14: =200*G14 -> 600
A15: Ntokozo Tsabedze | B15: 76967141 | C15: 45967 | D15: 45967 | E15: 45988 | G15: 5 | H15: =200*G15 -> 1000
A16: Nokwanda Ndzabandzaba | B16: 76395649 | C16: 45969 | D16: 45969 | E16: 45986 | G16: 3 | H16: =200*G16 -> 600
A17: Bafana Simelane | B17: 78401824 | C17: 45969 | D17: 0.25 | E17: 0.75 | G17: 1 | H17: =200*G17 -> 200
A18: Jeremiya Zwane | B18: 76792117 | C18: 45969 | D18: 45969 | E18: 45996 | G18: 4 | H18: =200*G18 -> 800
A19: Linda Gumede | B19: 78014499 | C19: 45969 | D19: 45969 | E19: 45986 | G19: 2 | H19: =200*G19 -> 400
A20: Philisiwe Mngometulu | B20: 76771819 | C20: 45971 | D20: 45971 | E20: 45988 | G20: 4 | H20: =200*G20 -> 800
A21: Aslinah Khumalo | B21: 76755366 | C21: 45974 | D21: 45974 | E21: 45996 | G21: 3 | H21: =200*G21 -> 600
A22: Vusi Mamba | B22: 7611 5020 | C22: 45974 | D22: 0.29166667 | E22: 0.60138889 | G22: 3 | H22: =200*G22 -> 600
A23: Sifiso Simelane | B23: 76083602 | C23: 45986 | D23: 0.30555556 | E23: 0.69444444 | G23: 2 | H23: =200*G23 -> 400
A24: Mthandi Dlamini | B24: 76987656 | C24: 45988 | D24: 0.20833333 | E24: 0.77083333 | G24: 2 | H24: =200*G24 -> 400
A25: Nkokhelo Simelane | B25: 78423937 | C25: 45988 | D25: 45988 | E25: 45996 | G25: 4 | H25: =200*G25 -> 800
A26: Siyabonga Simelane | B26: 78123358 | C26: 45988 | D26: 0.20833333 | E26: 0.77083333 | G26: 2 | H26: =200*G26 -> 400
A27: Hlengiwe Magwaza | B27: 76270477 | C27: 45996 | D27: 0.22916667 | E27: 0.6875 | G27: 2 | H27: =200*G27 -> 400
H28: =200*G28 -> 0
H29: =200*G29 -> 0
E30: Total | F30: =SUM(F10:F29) -> 0 | G30: =SUM(G10:G29) -> 50 | H30: =SUM(H10:H29) -> 10000
E31: Total number of fields ploughed | F31: =COUNT(G10:G29) -> 18
D33: Checked By
D34: Signature
D35: Date

Sheet Zondwako
A1: ICBC Ploughing Project
B2: Completed
A3: Name of ICBC: | B3: Zondwako ICBC | E3: Name of Pastor | F3: Jan Dube
A4: Contractor's Full Name | B4: Gugu H. Hlatshwayo | E4: Contractor's ID Number
A5: Bank | B5: Building Society | E5: Account Holder's Name | F5: Hleziphi Hlatshwayo
A6: Branch Code | B6: 286064 | E6: Account Number
A9: Community Member’s Name & Surname | B9: Contact Details | C9: Date | D9: Start Time (Date & Time) | E9: Completion time (Date & Time) | F9: Number of Hours | G9: Actual Number of Hours | H9: Amount | I9: Location
A10: KaShongwe | B10: 78352255 | F10: 3 | G10: 3 | H10: =G10*200 -> 600
A11: Fikile Shabangu | B11: 78136451 | F11: 1 | G11: 1 | H11: =G11*200 -> 200
A12: Bonginkhosi | F12: 2 | G12: 2 | H12: =G12*200 -> 400
A13: Mthembeni | F13: 4 | G13: 4 | H13: =G13*200 -> 800
A14: Forward | F14: 1 | G14: 1 | H14: =G14*200 -> 200
A15: KaKhumalo | B15: 76245737 | F15: 1 | G15: 1 | H15: =G15*200 -> 200
A16: Ncabeni | F16: 1 | G16: 1 | H16: =G16*200 -> 200
A17: Yanda | B17: 76448233 | F17: 1.5 | G17: 1.5 | H17: =G17*200 -> 300
A18: Asikhuleni Mading | F18: 2 | G18: 2 | H18: =G18*200 -> 400
A19: Nabo Ciniso | B19: 76350065 | F19: 2 | G19: 2 | H19: =G19*200 -> 400
A20: Phindile Maseko | F20: 1 | G20: 1 | H20: =G20*200 -> 200
A21: Nabo Mbongiseni | F21: 1 | G21: 1 | H21: =G21*200 -> 200
A22: Make LaNkhosi | F22: 3 | G22: 3 | H22: =G22*200 -> 600
A23: KaMaseko | B23: 76184868 | F23: 1 | G23: 1 | H23: =G23*200 -> 200
A24: Make Thabile | F24: 2 | G24: 2 | H24: =G24*200 -> 400
A25: Make Minenhe Bhembe | B25: 76459955 | F25: 1 | G25: 1 | H25: =G25*200 -> 200
A26: Babe Boy | B26: 76652474 | F26: 2 | G26: 2 | H26: =G26*200 -> 400
A27: Babe Jan Dube | B27: 76435389 | F27: 3 | G27: 3 | H27: =G27*200 -> 600
A28: Methula | F28: 1 | G28: 1 | H28: =G28*200 -> 200
A29: Marandi | B29: 79967232 | F29: 1.5 | G29: 1.5 | H29: =G29*200 -> 300
A30: Bhembe Alex | B30: 78714768 | F30: 4 | G30: 4 | H30: =G30*200 -> 800
A31: Zodwa Nkambule | B31: 76970198 | F31: 5 | G31: 5 | H31: =G31*200 -> 1000
A32: Ndumiso Makhanya | B32: 76538264 | F32: 1 | G32: 1 | H32: =G32*200 -> 200
A33: Masuku B | B33: 76245914 | F33: 2 | G33: 2 | H33: =G33*200 -> 400
A34: Makwa Nomvuyo | F34: 1 | G34: 1 | H34: =G34*200 -> 200
A35: Masuku P. | B35: 78672991 | F35: 1 | G35: 1 | H35: =G35*200 -> 200
A36: Austin Nkhambule | B36: 76176842 | F36: 1 | G36: 1 | H36: =G36*200 -> 200
H37: =G37*200 -> 0
H38: =G38*200 -> 0
H39: =G39*200 -> 0
H40: =G40*200 -> 0
H41: =G41*200 -> 0
H42: =G42*200 -> 0
H43: =G43*200 -> 0
H44: =G44*200 -> 0
H45: =G45*200 -> 0
E47: Total | F47: =SUM(F10:F45) -> 50 | G47: =SUM(G2:G45) -> 50 | H47: =SUM(H2:H45) -> 10000
E48: Total number of fields ploughed | F48: =COUNT(F10:F45) -> 27
D50: Checked By
D51: Signature
D52: Date
