Workbook

Sheet Jul-24
D1: Number of Sundays | E1: 4 | S1: ICBC | T1: =+C7 -> Church Attendance: | U1: Adults | V1: Youth & Children | W1: Home Visits | X1: =+C12 -> Salvations
C3: Total ICBC | G3: 2024 | H3: =+G3 -> 2024 | I3: =+H3 -> 2024 | J3: =+I3 -> 2024 | K3: =+J3 -> 2024 | L3: =+K3 -> 2024 | M3: =+L3 -> 2024 | S3: =+C3 -> Total ICBC | T3: =+L7 -> 10013 | U3: =+L8+L9 -> 2329 | V3: =+L10+L11 -> 7684 | W3: =+L14 -> 534 | X3: =+L12 -> 142
C4: July 2024 | G4: Jul | H4: =+G4 -> Jul | I4: =+H4 -> Jul | J4: =+I4 -> Jul | K4: =+J4 -> Jul | L4: =+K4 -> Jul | M4: =+L4 -> Jul
G5: 7 | H5: 14 | I5: 21 | J5: 28 | K5: 0 | L5: Total | M5: Average
C7: Church Attendance: | G7: =SUM(G8:G11) -> 2459 | H7: =SUM(H8:H11) -> 2425 | I7: =SUM(I8:I11) -> 2644 | J7: =SUM(J8:J11) -> 2485 | K7: =SUM(K8:K11) -> 0 | L7: =SUM(L8:L11) -> 10013 | M7: =ROUND((L7/$E$1),0) -> 2503
D8: Men | G8: =+G24+G40+G56+G72+G88+G104+G120+G136+G152+G168+G184+G200+G216+G232+G248+G264+G280+G296+G312+G328+G344+G360+G376+G392+G408+G424+G440+G456+G472+G488+G504+G520+G536+G552+G568+G584+G600+G616+G632+G648+G664+G680+G696+G712+G728+G744+G760+G776+G792+G808 -> 167 | H8: =+H24+H40+H56+H72+H88+H104+H120+H136+H152+H168+H184+H200+H216+H232+H248+H264+H280+H296+H312+H328+H344+H360+H376+H392+H408+H424+H440+H456+H472+H488+H504+H520+H536+H552+H568+H584+H600+H616+H632+H648+H664+H680+H696+H712+H728+H744+H760+H776+H792+H808 -> 150 | I8: =+I24+I40+I56+I72+I88+I104+I120+I136+I152+I168+I184+I200+I216+I232+I248+I264+I280+I296+I312+I328+I344+I360+I376+I392+I408+I424+I440+I456+I472+I488+I504+I520+I536+I552+I568+I584+I600+I616+I632+I648+I664+I680+I696+I712+I728+I744+I760+I776+I792+I808 -> 161 | J8: =+J24+J40+J56+J72+J88+J104+J120+J136+J152+J168+J184+J200+J216+J232+J248+J264+J280+J296+J312+J328+J344+J360+J376+J392+J408+J424+J440+J456+J472+J488+J504+J520+J536+J552+J568+J584+J600+J616+J632+J648+J664+J680+J696+J712+J728+J744+J760+J776+J792+J808 -> 157 | K8: =+K24+K40+K56+K72+K88+K104+K120+K136+K152+K168+K184+K200+K216+K232+K248+K264+K280+K296+K312+K328+K344+K360+K376+K392+K408+K424+K440+K456+K472+K488+K504+K520+K536+K552+K568+K584+K600+K616+K632+K648+K664+K680+K696+K712+K728+K744+K760+K776+K792+K808 -> 0 | L8: =SUM(G8:K8) -> 635 | M8: =ROUND((L8/$E$1),0) -> 159
D9: Women | G9: =+G25+G41+G57+G73+G89+G105+G121+G137+G153+G169+G185+G201+G217+G233+G249+G265+G281+G297+G313+G329+G345+G361+G377+G393+G409+G425+G441+G457+G473+G489+G505+G521+G537+G553+G569+G585+G601+G617+G633+G649+G665+G681+G697+G713+G729+G745+G761+G777+G793+G809 -> 428 | H9: =+H25+H41+H57+H73+H89+H105+H121+H137+H153+H169+H185+H201+H217+H233+H249+H265+H281+H297+H313+H329+H345+H361+H377+H393+H409+H425+H441+H457+H473+H489+H505+H521+H537+H553+H569+H585+H601+H617+H633+H649+H665+H681+H697+H713+H729+H745+H761+H777+H793+H809 -> 412 | I9: =+I25+I41+I57+I73+I89+I105+I121+I137+I153+I169+I185+I201+I217+I233+I249+I265+I281+I297+I313+I329+I345+I361+I377+I393+I409+I425+I441+I457+I473+I489+I505+I521+I537+I553+I569+I585+I601+I617+I633+I649+I665+I681+I697+I713+I729+I745+I761+I777+I793+I809 -> 460 | J9: =+J25+J41+J57+J73+J89+J105+J121+J137+J153+J169+J185+J201+J217+J233+J249+J265+J281+J297+J313+J329+J345+J361+J377+J393+J409+J425+J441+J457+J473+J489+J505+J521+J537+J553+J569+J585+J601+J617+J633+J649+J665+J681+J697+J713+J729+J745+J761+J777+J793+J809 -> 394 | K9: =+K25+K41+K57+K73+K89+K105+K121+K137+K153+K169+K185+K201+K217+K233+K249+K265+K281+K297+K313+K329+K345+K361+K377+K393+K409+K425+K441+K457+K473+K489+K505+K521+K537+K553+K569+K585+K601+K617+K633+K649+K665+K681+K697+K713+K729+K745+K761+K777+K793+K809 -> 0 | L9: =SUM(G9:K9) -> 1694 | M9: =ROUND((L9/$E$1),0) -> 424
D10: Youth | G10: =+G26+G42+G58+G74+G90+G106+G122+G138+G154+G170+G186+G202+G218+G234+G250+G266+G282+G298+G314+G330+G346+G362+G378+G394+G410+G426+G442+G458+G474+G490+G506+G522+G538+G554+G570+G586+G602+G618+G634+G650+G666+G682+G698+G714+G730+G746+G762+G778+G794+G810 -> 619 | H10: =+H26+H42+H58+H74+H90+H106+H122+H138+H154+H170+H186+H202+H218+H234+H250+H266+H282+H298+H314+H330+H346+H362+H378+H394+H410+H426+H442+H458+H474+H490+H506+H522+H538+H554+H570+H586+H602+H618+H634+H650+H666+H682+H698+H714+H730+H746+H762+H778+H794+H810 -> 583 | I10: =+I26+I42+I58+I74+I90+I106+I122+I138+I154+I170+I186+I202+I218+I234+I250+I266+I282+I298+I314+I330+I346+I362+I378+I394+I410+I426+I442+I458+I474+I490+I506+I522+I538+I554+I570+I586+I602+I618+I634+I650+I666+I682+I698+I714+I730+I746+I762+I778+I794+I810 -> 668 | J10: =+J26+J42+J58+J74+J90+J106+J122+J138+J154+J170+J186+J202+J218+J234+J250+J266+J282+J298+J314+J330+J346+J362+J378+J394+J410+J426+J442+J458+J474+J490+J506+J522+J538+J554+J570+J586+J602+J618+J634+J650+J666+J682+J698+J714+J730+J746+J762+J778+J794+J810 -> 647 | K10: =+K26+K42+K58+K74+K90+K106+K122+K138+K154+K170+K186+K202+K218+K234+K250+K266+K282+K298+K314+K330+K346+K362+K378+K394+K410+K426+K442+K458+K474+K490+K506+K522+K538+K554+K570+K586+K602+K618+K634+K650+K666+K682+K698+K714+K730+K746+K762+K778+K794+K810 -> 0 | L10: =SUM(G10:K10) -> 2517 | M10: =ROUND((L10/$E$1),0) -> 629
D11: Children | G11: =+G27+G43+G59+G75+G91+G107+G123+G139+G155+G171+G187+G203+G219+G235+G251+G267+G283+G299+G315+G331+G347+G363+G379+G395+G411+G427+G443+G459+G475+G491+G507+G523+G539+G555+G571+G587+G603+G619+G635+G651+G667+G683+G699+G715+G731+G747+G763+G779+G795+G811 -> 1245 | H11: =+H27+H43+H59+H75+H91+H107+H123+H139+H155+H171+H187+H203+H219+H235+H251+H267+H283+H299+H315+H331+H347+H363+H379+H395+H411+H427+H443+H459+H475+H491+H507+H523+H539+H555+H571+H587+H603+H619+H635+H651+H667+H683+H699+H715+H731+H747+H763+H779+H795+H811 -> 1280 | I11: =+I27+I43+I59+I75+I91+I107+I123+I139+I155+I171+I187+I203+I219+I235+I251+I267+I283+I299+I315+I331+I347+I363+I379+I395+I411+I427+I443+I459+I475+I491+I507+I523+I539+I555+I571+I587+I603+I619+I635+I651+I667+I683+I699+I715+I731+I747+I763+I779+I795+I811 -> 1355 | J11: =+J27+J43+J59+J75+J91+J107+J123+J139+J155+J171+J187+J203+J219+J235+J251+J267+J283+J299+J315+J331+J347+J363+J379+J395+J411+J427+J443+J459+J475+J491+J507+J523+J539+J555+J571+J587+J603+J619+J635+J651+J667+J683+J699+J715+J731+J747+J763+J779+J795+J811 -> 1287 | K11: =+K27+K43+K59+K75+K91+K107+K123+K139+K155+K171+K187+K203+K219+K235+K251+K267+K283+K299+K315+K331+K347+K363+K379+K395+K411+K427+K443+K459+K475+K491+K507+K523+K539+K555+K571+K587+K603+K619+K635+K651+K667+K683+K699+K715+K731+K747+K763+K779+K795+K811 -> 0 | L11: =SUM(G11:K11) -> 5167 | M11: =ROUND((L11/$E$1),0) -> 1292
C12: Salvations | G12: =+G28+G44+G60+G76+G92+G108+G124+G140+G156+G172+G188+G204+G220+G236+G252+G268+G284+G300+G316+G332+G348+G364+G380+G396+G412+G428+G444+G460+G476+G492+G508+G524+G540+G556+G572+G588+G604+G620+G636+G652+G668+G684+G700+G716+G732+G748+G764+G780+G796+G812 -> 62 | H12: =+H28+H44+H60+H76+H92+H108+H124+H140+H156+H172+H188+H204+H220+H236+H252+H268+H284+H300+H316+H332+H348+H364+H380+H396+H412+H428+H444+H460+H476+H492+H508+H524+H540+H556+H572+H588+H604+H620+H636+H652+H668+H684+H700+H716+H732+H748+H764+H780+H796+H812 -> 19 | I12: =+I28+I44+I60+I76+I92+I108+I124+I140+I156+I172+I188+I204+I220+I236+I252+I268+I284+I300+I316+I332+I348+I364+I380+I396+I412+I428+I444+I460+I476+I492+I508+I524+I540+I556+I572+I588+I604+I620+I636+I652+I668+I684+I700+I716+I732+I748+I764+I780+I796+I812 -> 29 | J12: =+J28+J44+J60+J76+J92+J108+J124+J140+J156+J172+J188+J204+J220+J236+J252+J268+J284+J300+J316+J332+J348+J364+J380+J396+J412+J428+J444+J460+J476+J492+J508+J524+J540+J556+J572+J588+J604+J620+J636+J652+J668+J684+J700+J716+J732+J748+J764+J780+J796+J812 -> 32 | K12: =+K28+K44+K60+K76+K92+K108+K124+K140+K156+K172+K188+K204+K220+K236+K252+K268+K284+K300+K316+K332+K348+K364+K380+K396+K412+K428+K444+K460+K476+K492+K508+K524+K540+K556+K572+K588+K604+K620+K636+K652+K668+K684+K700+K716+K732+K748+K764+K780+K796+K812 -> 0 | L12: =SUM(G12:K12) -> 142 | M12: =ROUND((L12/$E$1),0) -> 36
C13: Baptisms | G13: =+G29+G45+G61+G77+G93+G109+G125+G141+G157+G173+G189+G205+G221+G237+G253+G269+G285+G301+G317+G333+G349+G365+G381+G397+G413+G429+G445+G461+G477+G493+G509+G525+G541+G557+G573+G589+G605+G621+G637+G653+G669+G685+G701+G717+G733+G749+G765+G781+G797+G813 -> 0 | H13: =+H29+H45+H61+H77+H93+H109+H125+H141+H157+H173+H189+H205+H221+H237+H253+H269+H285+H301+H317+H333+H349+H365+H381+H397+H413+H429+H445+H461+H477+H493+H509+H525+H541+H557+H573+H589+H605+H621+H637+H653+H669+H685+H701+H717+H733+H749+H765+H781+H797+H813 -> 0 | I13: =+I29+I45+I61+I77+I93+I109+I125+I141+I157+I173+I189+I205+I221+I237+I253+I269+I285+I301+I317+I333+I349+I365+I381+I397+I413+I429+I445+I461+I477+I493+I509+I525+I541+I557+I573+I589+I605+I621+I637+I653+I669+I685+I701+I717+I733+I749+I765+I781+I797+I813 -> 2 | J13: =+J29+J45+J61+J77+J93+J109+J125+J141+J157+J173+J189+J205+J221+J237+J253+J269+J285+J301+J317+J333+J349+J365+J381+J397+J413+J429+J445+J461+J477+J493+J509+J525+J541+J557+J573+J589+J605+J621+J637+J653+J669+J685+J701+J717+J733+J749+J765+J781+J797+J813 -> 0 | K13: =+K29+K45+K61+K77+K93+K109+K125+K141+K157+K173+K189+K205+K221+K237+K253+K269+K285+K301+K317+K333+K349+K365+K381+K397+K413+K429+K445+K461+K477+K493+K509+K525+K541+K557+K573+K589+K605+K621+K637+K653+K669+K685+K701+K717+K733+K749+K765+K781+K797+K813 -> 0 | L13: =SUM(G13:K13) -> 2 | M13: =ROUND((L13/$E$1),0) -> 1
C14: Home Visits | G14: =+G30+G46+G62+G78+G94+G110+G126+G142+G158+G174+G190+G206+G222+G238+G254+G270+G286+G302+G318+G334+G350+G366+G382+G398+G414+G430+G446+G462+G478+G494+G510+G526+G542+G558+G574+G590+G606+G622+G638+G654+G670+G686+G702+G718+G734+G750+G766+G782+G798+G814 -> 135 | H14: =+H30+H46+H62+H78+H94+H110+H126+H142+H158+H174+H190+H206+H222+H238+H254+H270+H286+H302+H318+H334+H350+H366+H382+H398+H414+H430+H446+H462+H478+H494+H510+H526+H542+H558+H574+H590+H606+H622+H638+H654+H670+H686+H702+H718+H734+H750+H766+H782+H798+H814 -> 141 | I14: =+I30+I46+I62+I78+I94+I110+I126+I142+I158+I174+I190+I206+I222+I238+I254+I270+I286+I302+I318+I334+I350+I366+I382+I398+I414+I430+I446+I462+I478+I494+I510+I526+I542+I558+I574+I590+I606+I622+I638+I654+I670+I686+I702+I718+I734+I750+I766+I782+I798+I814 -> 119 | J14: =+J30+J46+J62+J78+J94+J110+J126+J142+J158+J174+J190+J206+J222+J238+J254+J270+J286+J302+J318+J334+J350+J366+J382+J398+J414+J430+J446+J462+J478+J494+J510+J526+J542+J558+J574+J590+J606+J622+J638+J654+J670+J686+J702+J718+J734+J750+J766+J782+J798+J814 -> 139 | K14: =+K30+K46+K62+K78+K94+K110+K126+K142+K158+K174+K190+K206+K222+K238+K254+K270+K286+K302+K318+K334+K350+K366+K382+K398+K414+K430+K446+K462+K478+K494+K510+K526+K542+K558+K574+K590+K606+K622+K638+K654+K670+K686+K702+K718+K734+K750+K766+K782+K798+K814 -> 0 | L14: =SUM(G14:K14) -> 534 | M14: =ROUND((L14/$E$1),0) -> 134
C15: Meals / Food Packs | G15: =+G31+G47+G63+G79+G95+G111+G127+G143+G159+G175+G191+G207+G223+G239+G255+G271+G287+G303+G319+G335+G351+G367+G383+G399+G415+G431+G447+G463+G479+G495+G511+G527+G543+G559+G575+G591+G607+G623+G639+G655+G671+G687+G703+G719+G735+G751+G767+G783+G799+G815 -> 2734 | H15: =+H31+H47+H63+H79+H95+H111+H127+H143+H159+H175+H191+H207+H223+H239+H255+H271+H287+H303+H319+H335+H351+H367+H383+H399+H415+H431+H447+H463+H479+H495+H511+H527+H543+H559+H575+H591+H607+H623+H639+H655+H671+H687+H703+H719+H735+H751+H767+H783+H799+H815 -> 3207 | I15: =+I31+I47+I63+I79+I95+I111+I127+I143+I159+I175+I191+I207+I223+I239+I255+I271+I287+I303+I319+I335+I351+I367+I383+I399+I415+I431+I447+I463+I479+I495+I511+I527+I543+I559+I575+I591+I607+I623+I639+I655+I671+I687+I703+I719+I735+I751+I767+I783+I799+I815 -> 2063 | J15: =+J31+J47+J63+J79+J95+J111+J127+J143+J159+J175+J191+J207+J223+J239+J255+J271+J287+J303+J319+J335+J351+J367+J383+J399+J415+J431+J447+J463+J479+J495+J511+J527+J543+J559+J575+J591+J607+J623+J639+J655+J671+J687+J703+J719+J735+J751+J767+J783+J799+J815 -> 2115 | K15: =+K31+K47+K63+K79+K95+K111+K127+K143+K159+K175+K191+K207+K223+K239+K255+K271+K287+K303+K319+K335+K351+K367+K383+K399+K415+K431+K447+K463+K479+K495+K511+K527+K543+K559+K575+K591+K607+K623+K639+K655+K671+K687+K703+K719+K735+K751+K767+K783+K799+K815 -> 0 | L15: =SUM(G15:K15) -> 10119 | M15: =ROUND((L15/$E$1),0) -> 2530
C16: Preschool Attendance | G16: =+G32+G48+G64+G80+G96+G112+G128+G144+G160+G176+G192+G208+G224+G240+G256+G272+G288+G304+G320+G336+G352+G368+G384+G400+G416+G432+G448+G464+G480+G496+G512+G528+G544+G560+G576+G592+G608+G624+G640+G656+G672+G688+G704+G720+G736+G752+G768+G784+G800+G816 -> 237 | H16: =+H32+H48+H64+H80+H96+H112+H128+H144+H160+H176+H192+H208+H224+H240+H256+H272+H288+H304+H320+H336+H352+H368+H384+H400+H416+H432+H448+H464+H480+H496+H512+H528+H544+H560+H576+H592+H608+H624+H640+H656+H672+H688+H704+H720+H736+H752+H768+H784+H800+H816 -> 260 | I16: =+I32+I48+I64+I80+I96+I112+I128+I144+I160+I176+I192+I208+I224+I240+I256+I272+I288+I304+I320+I336+I352+I368+I384+I400+I416+I432+I448+I464+I480+I496+I512+I528+I544+I560+I576+I592+I608+I624+I640+I656+I672+I688+I704+I720+I736+I752+I768+I784+I800+I816 -> 40 | J16: =+J32+J48+J64+J80+J96+J112+J128+J144+J160+J176+J192+J208+J224+J240+J256+J272+J288+J304+J320+J336+J352+J368+J384+J400+J416+J432+J448+J464+J480+J496+J512+J528+J544+J560+J576+J592+J608+J624+J640+J656+J672+J688+J704+J720+J736+J752+J768+J784+J800+J816 -> 40 | K16: =+K32+K48+K64+K80+K96+K112+K128+K144+K160+K176+K192+K208+K224+K240+K256+K272+K288+K304+K320+K336+K352+K368+K384+K400+K416+K432+K448+K464+K480+K496+K512+K528+K544+K560+K576+K592+K608+K624+K640+K656+K672+K688+K704+K720+K736+K752+K768+K784+K800+K816 -> 0 | L16: =SUM(G16:K16) -> 577 | M16: =ROUND((L16/$E$1),0) -> 144
A19: 1 | C19: Hawane CLC Church | G19: =+$G$3 -> 2024 | H19: =+G19 -> 2024 | I19: =+H19 -> 2024 | J19: =+I19 -> 2024 | K19: =+J19 -> 2024 | L19: =+K19 -> 2024 | M19: =+L19 -> 2024 | S19: =+C19 -> Hawane CLC Church | T19: =+L23 -> 870 | U19: =+L24+L25 -> 233 | V19: =+L26+L27 -> 637 | W19: =+L30 -> 15 | X19: =+L28 -> 1
C20: =+$C4 -> July 2024 | G20: =+$G$4 -> Jul | H20: =+G20 -> Jul | I20: =+H20 -> Jul | J20: =+I20 -> Jul | K20: =+J20 -> Jul | L20: =+K20 -> Jul | M20: =+L20 -> Jul
G21: =+$G$5 -> 7 | H21: =+$H$5 -> 14 | I21: =+$I$5 -> 21 | J21: =+$J$5 -> 28 | K21: =+$K$5 -> 0 | L21: Total | M21: Average
C23: Church Attendance: | G23: =SUM(G24:G27) -> 193 | H23: =SUM(H24:H27) -> 234 | I23: =SUM(I24:I27) -> 231 | J23: =SUM(J24:J27) -> 212 | K23: =SUM(K24:K27) -> 0 | L23: =SUM(L24:L27) -> 870 | M23: =ROUND((L23/$E$1),0) -> 218
D24: Men | G24: 12 | H24: 20 | I24: 14 | J24: 18 | L24: =SUM(G24:K24) -> 64 | M24: =ROUND((L24/$E$1),0) -> 16
D25: Women | G25: 34 | H25: 46 | I25: 57 | J25: 32 | L25: =SUM(G25:K25) -> 169 | M25: =ROUND((L25/$E$1),0) -> 42
D26: Youth | G26: 77 | H26: 85 | I26: 90 | J26: 100 | L26: =SUM(G26:K26) -> 352 | M26: =ROUND((L26/$E$1),0) -> 88
D27: Children | G27: 70 | H27: 83 | I27: 70 | J27: 62 | L27: =SUM(G27:K27) -> 285 | M27: =ROUND((L27/$E$1),0) -> 71
C28: Salvations | J28: 1 | L28: =SUM(G28:K28) -> 1 | M28: =ROUND((L28/$E$1),0) -> 0
C29: Baptisms | L29: =SUM(G29:K29) -> 0 | M29: =ROUND((L29/$E$1),0) -> 0
C30: Home Visits | H30: 7 | I30: 3 | J30: 5 | L30: =SUM(G30:K30) -> 15 | M30: =ROUND((L30/$E$1),0) -> 4
C31: Meals / Food Packs | J31: 108 | L31: =SUM(G31:K31) -> 108 | M31: =ROUND((L31/$E$1),0) -> 27
C32: Preschool Attendance | L32: =SUM(G32:K32) -> 0 | M32: =ROUND((L32/$E$1),0) -> 0
A35: =+A19+1 -> 2 | C35: Ngwenya | G35: =+$G$3 -> 2024 | H35: =+G35 -> 2024 | I35: =+H35 -> 2024 | J35: =+I35 -> 2024 | K35: =+J35 -> 2024 | L35: =+K35 -> 2024 | M35: =+L35 -> 2024 | S35: =+C35 -> Ngwenya | T35: =+L39 -> 273 | U35: =+L40+L41 -> 63 | V35: =+L42+L43 -> 210 | W35: =+L46 -> 37 | X35: =+L44 -> 12
C36: =+$C20 -> July 2024 | G36: =+$G$4 -> Jul | H36: =+G36 -> Jul | I36: =+H36 -> Jul | J36: =+I36 -> Jul | K36: =+J36 -> Jul | L36: =+K36 -> Jul | M36: =+L36 -> Jul
G37: =+$G$5 -> 7 | H37: =+$H$5 -> 14 | I37: =+$I$5 -> 21 | J37: =+$J$5 -> 28 | K37: =+$K$5 -> 0 | L37: Total | M37: Average
C39: Church Attendance: | G39: =SUM(G40:G43) -> 63 | H39: =SUM(H40:H43) -> 57 | I39: =SUM(I40:I43) -> 80 | J39: =SUM(J40:J43) -> 73 | K39: =SUM(K40:K43) -> 0 | L39: =SUM(L40:L43) -> 273 | M39: =ROUND((L39/$E$1),0) -> 68
D40: Men | G40: 3 | H40: 2 | I40: 6 | J40: 4 | L40: =SUM(G40:K40) -> 15 | M40: =ROUND((L40/$E$1),0) -> 4
D41: Women | G41: 10 | H41: 10 | I41: 14 | J41: 14 | L41: =SUM(G41:K41) -> 48 | M41: =ROUND((L41/$E$1),0) -> 12
D42: Youth | G42: 15 | H42: 15 | I42: 20 | J42: 20 | L42: =SUM(G42:K42) -> 70 | M42: =ROUND((L42/$E$1),0) -> 18
D43: Children | G43: 35 | H43: 30 | I43: 40 | J43: 35 | L43: =SUM(G43:K43) -> 140 | M43: =ROUND((L43/$E$1),0) -> 35
C44: Salvations | G44: 5 | I44: 3 | J44: 4 | L44: =SUM(G44:K44) -> 12 | M44: =ROUND((L44/$E$1),0) -> 3
C45: Baptisms | L45: =SUM(G45:K45) -> 0 | M45: =ROUND((L45/$E$1),0) -> 0
C46: Home Visits | G46: 8 | H46: 12 | I46: 9 | J46: 8 | L46: =SUM(G46:K46) -> 37 | M46: =ROUND((L46/$E$1),0) -> 9
C47: Meals / Food Packs | G47: 144 | H47: 108 | I47: 144 | J47: 144 | L47: =SUM(G47:K47) -> 540 | M47: =ROUND((L47/$E$1),0) -> 135
C48: Preschool Attendance | L48: =SUM(G48:K48) -> 0 | M48: =ROUND((L48/$E$1),0) -> 0
A51: =+A35+1 -> 3 | C51: Lavumisa | G51: =+$G$3 -> 2024 | H51: =+G51 -> 2024 | I51: =+H51 -> 2024 | J51: =+I51 -> 2024 | K51: =+J51 -> 2024 | L51: =+K51 -> 2024 | M51: =+L51 -> 2024 | S51: =+C51 -> Lavumisa | T51: =+L55 -> 238 | U51: =+L56+L57 -> 66 | V51: =+L58+L59 -> 172 | W51: =+L62 -> 26 | X51: =+L60 -> 0
C52: =+$C36 -> July 2024 | G52: =+$G$4 -> Jul | H52: =+G52 -> Jul | I52: =+H52 -> Jul | J52: =+I52 -> Jul | K52: =+J52 -> Jul | L52: =+K52 -> Jul | M52: =+L52 -> Jul
G53: =+$G$5 -> 7 | H53: =+$H$5 -> 14 | I53: =+$I$5 -> 21 | J53: =+$J$5 -> 28 | K53: =+$K$5 -> 0 | L53: Total | M53: Average
C55: Church Attendance: | G55: =SUM(G56:G59) -> 59 | H55: =SUM(H56:H59) -> 66 | I55: =SUM(I56:I59) -> 69 | J55: =SUM(J56:J59) -> 44 | K55: =SUM(K56:K59) -> 0 | L55: =SUM(L56:L59) -> 238 | M55: =ROUND((L55/$E$1),0) -> 60
D56: Men | G56: 3 | H56: 2 | I56: 2 | J56: 2 | L56: =SUM(G56:K56) -> 9 | M56: =ROUND((L56/$E$1),0) -> 2
D57: Women | G57: 17 | H57: 13 | I57: 23 | J57: 4 | L57: =SUM(G57:K57) -> 57 | M57: =ROUND((L57/$E$1),0) -> 14
D58: Youth | G58: 19 | H58: 17 | I58: 8 | J58: 7 | L58: =SUM(G58:K58) -> 51 | M58: =ROUND((L58/$E$1),0) -> 13
D59: Children | G59: 20 | H59: 34 | I59: 36 | J59: 31 | L59: =SUM(G59:K59) -> 121 | M59: =ROUND((L59/$E$1),0) -> 30
C60: Salvations | L60: =SUM(G60:K60) -> 0 | M60: =ROUND((L60/$E$1),0) -> 0
C61: Baptisms | L61: =SUM(G61:K61) -> 0 | M61: =ROUND((L61/$E$1),0) -> 0
C62: Home Visits | G62: 8 | H62: 7 | I62: 5 | J62: 6 | L62: =SUM(G62:K62) -> 26 | M62: =ROUND((L62/$E$1),0) -> 7
C63: Meals / Food Packs | L63: =SUM(G63:K63) -> 0 | M63: =ROUND((L63/$E$1),0) -> 0
C64: Preschool Attendance | L64: =SUM(G64:K64) -> 0 | M64: =ROUND((L64/$E$1),0) -> 0
A67: =+A51+1 -> 4 | C67: Engcamini | G67: =+$G$3 -> 2024 | H67: =+G67 -> 2024 | I67: =+H67 -> 2024 | J67: =+I67 -> 2024 | K67: =+J67 -> 2024 | L67: =+K67 -> 2024 | M67: =+L67 -> 2024 | S67: =+C67 -> Engcamini | T67: =+L71 -> 417 | U67: =+L72+L73 -> 60 | V67: =+L74+L75 -> 357 | W67: =+L78 -> 2 | X67: =+L76 -> 38
C68: =+$C52 -> July 2024 | G68: =+$G$4 -> Jul | H68: =+G68 -> Jul | I68: =+H68 -> Jul | J68: =+I68 -> Jul | K68: =+J68 -> Jul | L68: =+K68 -> Jul | M68: =+L68 -> Jul
G69: =+$G$5 -> 7 | H69: =+$H$5 -> 14 | I69: =+$I$5 -> 21 | J69: =+$J$5 -> 28 | K69: =+$K$5 -> 0 | L69: Total | M69: Average
C71: Church Attendance: | G71: =SUM(G72:G75) -> 104 | H71: =SUM(H72:H75) -> 87 | I71: =SUM(I72:I75) -> 114 | J71: =SUM(J72:J75) -> 112 | K71: =SUM(K72:K75) -> 0 | L71: =SUM(L72:L75) -> 417 | M71: =ROUND((L71/$E$1),0) -> 104
D72: Men | G72: 3 | H72: 3 | I72: 4 | J72: 2 | L72: =SUM(G72:K72) -> 12 | M72: =ROUND((L72/$E$1),0) -> 3
D73: Women | G73: 14 | H73: 12 | I73: 13 | J73: 9 | L73: =SUM(G73:K73) -> 48 | M73: =ROUND((L73/$E$1),0) -> 12
D74: Youth | G74: 20 | H74: 11 | I74: 11 | J74: 9 | L74: =SUM(G74:K74) -> 51 | M74: =ROUND((L74/$E$1),0) -> 13
D75: Children | G75: 67 | H75: 61 | I75: 86 | J75: 92 | L75: =SUM(G75:K75) -> 306 | M75: =ROUND((L75/$E$1),0) -> 77
C76: Salvations | G76: 19 | I76: 14 | J76: 5 | L76: =SUM(G76:K76) -> 38 | M76: =ROUND((L76/$E$1),0) -> 10
C77: Baptisms | L77: =SUM(G77:K77) -> 0 | M77: =ROUND((L77/$E$1),0) -> 0
C78: Home Visits | I78: 2 | L78: =SUM(G78:K78) -> 2 | M78: =ROUND((L78/$E$1),0) -> 1
C79: Meals / Food Packs | G79: 180 | H79: 216 | I79: 140 | J79: 108 | L79: =SUM(G79:K79) -> 644 | M79: =ROUND((L79/$E$1),0) -> 161
C80: Preschool Attendance | L80: =SUM(G80:K80) -> 0 | M80: =ROUND((L80/$E$1),0) -> 0
A83: =+A67+1 -> 5 | C83: Pine Valley | G83: =+$G$3 -> 2024 | H83: =+G83 -> 2024 | I83: =+H83 -> 2024 | J83: =+I83 -> 2024 | K83: =+J83 -> 2024 | L83: =+K83 -> 2024 | M83: =+L83 -> 2024 | S83: =+C83 -> Pine Valley | T83: =+L87 -> 0 | U83: =+L88+L89 -> 0 | V83: =+L90+L91 -> 0 | W83: =+L94 -> 0 | X83: =+L92 -> 0
C84: =+$C68 -> July 2024 | G84: =+$G$4 -> Jul | H84: =+G84 -> Jul | I84: =+H84 -> Jul | J84: =+I84 -> Jul | K84: =+J84 -> Jul | L84: =+K84 -> Jul | M84: =+L84 -> Jul
G85: =+$G$5 -> 7 | H85: =+$H$5 -> 14 | I85: =+$I$5 -> 21 | J85: =+$J$5 -> 28 | K85: =+$K$5 -> 0 | L85: Total | M85: Average
C87: Church Attendance: | G87: =SUM(G88:G91) -> 0 | H87: =SUM(H88:H91) -> 0 | I87: =SUM(I88:I91) -> 0 | J87: =SUM(J88:J91) -> 0 | K87: =SUM(K88:K91) -> 0 | L87: =SUM(L88:L91) -> 0 | M87: =ROUND((L87/$E$1),0) -> 0
D88: Men | L88: =SUM(G88:K88) -> 0 | M88: =ROUND((L88/$E$1),0) -> 0
D89: Women | L89: =SUM(G89:K89) -> 0 | M89: =ROUND((L89/$E$1),0) -> 0
D90: Youth | L90: =SUM(G90:K90) -> 0 | M90: =ROUND((L90/$E$1),0) -> 0
D91: Children | L91: =SUM(G91:K91) -> 0 | M91: =ROUND((L91/$E$1),0) -> 0
C92: Salvations | L92: =SUM(G92:K92) -> 0 | M92: =ROUND((L92/$E$1),0) -> 0
C93: Baptisms | L93: =SUM(G93:K93) -> 0 | M93: =ROUND((L93/$E$1),0) -> 0
C94: Home Visits | L94: =SUM(G94:K94) -> 0 | M94: =ROUND((L94/$E$1),0) -> 0
C95: Meals / Food Packs | L95: =SUM(G95:K95) -> 0 | M95: =ROUND((L95/$E$1),0) -> 0
C96: Preschool Attendance | L96: =SUM(G96:K96) -> 0 | M96: =ROUND((L96/$E$1),0) -> 0
A99: =+A83+1 -> 6 | C99: Ngwempisi | G99: =+$G$3 -> 2024 | H99: =+G99 -> 2024 | I99: =+H99 -> 2024 | J99: =+I99 -> 2024 | K99: =+J99 -> 2024 | L99: =+K99 -> 2024 | M99: =+L99 -> 2024 | S99: =+C99 -> Ngwempisi | T99: =+L103 -> 338 | U99: =+L104+L105 -> 108 | V99: =+L106+L107 -> 230 | W99: =+L110 -> 10 | X99: =+L108 -> 0
C100: =+$C84 -> July 2024 | G100: =+$G$4 -> Jul | H100: =+G100 -> Jul | I100: =+H100 -> Jul | J100: =+I100 -> Jul | K100: =+J100 -> Jul | L100: =+K100 -> Jul | M100: =+L100 -> Jul
G101: =+$G$5 -> 7 | H101: =+$H$5 -> 14 | I101: =+$I$5 -> 21 | J101: =+$J$5 -> 28 | K101: =+$K$5 -> 0 | L101: Total | M101: Average
C103: Church Attendance: | G103: =SUM(G104:G107) -> 79 | H103: =SUM(H104:H107) -> 87 | I103: =SUM(I104:I107) -> 86 | J103: =SUM(J104:J107) -> 86 | K103: =SUM(K104:K107) -> 0 | L103: =SUM(L104:L107) -> 338 | M103: =ROUND((L103/$E$1),0) -> 85
D104: Men | G104: 4 | H104: 3 | I104: 3 | J104: 4 | L104: =SUM(G104:K104) -> 14 | M104: =ROUND((L104/$E$1),0) -> 4
D105: Women | G105: 23 | H105: 25 | I105: 23 | J105: 23 | L105: =SUM(G105:K105) -> 94 | M105: =ROUND((L105/$E$1),0) -> 24
D106: Youth | G106: 15 | H106: 21 | I106: 21 | J106: 21 | L106: =SUM(G106:K106) -> 78 | M106: =ROUND((L106/$E$1),0) -> 20
D107: Children | G107: 37 | H107: 38 | I107: 39 | J107: 38 | L107: =SUM(G107:K107) -> 152 | M107: =ROUND((L107/$E$1),0) -> 38
C108: Salvations | L108: =SUM(G108:K108) -> 0 | M108: =ROUND((L108/$E$1),0) -> 0
C109: Baptisms | L109: =SUM(G109:K109) -> 0 | M109: =ROUND((L109/$E$1),0) -> 0
C110: Home Visits | G110: 4 | H110: 6 | L110: =SUM(G110:K110) -> 10 | M110: =ROUND((L110/$E$1),0) -> 3
C111: Meals / Food Packs | L111: =SUM(G111:K111) -> 0 | M111: =ROUND((L111/$E$1),0) -> 0
C112: Preschool Attendance | L112: =SUM(G112:K112) -> 0 | M112: =ROUND((L112/$E$1),0) -> 0
A115: =+A99+1 -> 7 | C115: Gebeni | G115: =+$G$3 -> 2024 | H115: =+G115 -> 2024 | I115: =+H115 -> 2024 | J115: =+I115 -> 2024 | K115: =+J115 -> 2024 | L115: =+K115 -> 2024 | M115: =+L115 -> 2024 | S115: =+C115 -> Gebeni | T115: =+L119 -> 218 | U115: =+L120+L121 -> 52 | V115: =+L122+L123 -> 166 | W115: =+L126 -> 22 | X115: =+L124 -> 6
C116: =+$C100 -> July 2024 | G116: =+$G$4 -> Jul | H116: =+G116 -> Jul | I116: =+H116 -> Jul | J116: =+I116 -> Jul | K116: =+J116 -> Jul | L116: =+K116 -> Jul | M116: =+L116 -> Jul
G117: =+$G$5 -> 7 | H117: =+$H$5 -> 14 | I117: =+$I$5 -> 21 | J117: =+$J$5 -> 28 | K117: =+$K$5 -> 0 | L117: Total | M117: Average
C119: Church Attendance: | G119: =SUM(G120:G123) -> 45 | H119: =SUM(H120:H123) -> 53 | I119: =SUM(I120:I123) -> 47 | J119: =SUM(J120:J123) -> 73 | K119: =SUM(K120:K123) -> 0 | L119: =SUM(L120:L123) -> 218 | M119: =ROUND((L119/$E$1),0) -> 55
D120: Men | G120: 2 | H120: 3 | I120: 3 | J120: 3 | L120: =SUM(G120:K120) -> 11 | M120: =ROUND((L120/$E$1),0) -> 3
D121: Women | G121: 8 | H121: 9 | I121: 8 | J121: 16 | L121: =SUM(G121:K121) -> 41 | M121: =ROUND((L121/$E$1),0) -> 10
D122: Youth | G122: 12 | H122: 14 | I122: 18 | J122: 17 | L122: =SUM(G122:K122) -> 61 | M122: =ROUND((L122/$E$1),0) -> 15
D123: Children | G123: 23 | H123: 27 | I123: 18 | J123: 37 | L123: =SUM(G123:K123) -> 105 | M123: =ROUND((L123/$E$1),0) -> 26
...

Sheet Aug-24
D1: Number of Sundays | E1: 4 | S1: ICBC | T1: =+C7 -> Church Attendance: | U1: Adults | V1: Youth & Children | W1: Home Visits | X1: =+C12 -> Salvations
C3: Total ICBC | G3: 2024 | H3: =+G3 -> 2024 | I3: =+H3 -> 2024 | J3: =+I3 -> 2024 | K3: =+J3 -> 2024 | L3: =+K3 -> 2024 | M3: =+L3 -> 2024 | S3: =+C3 -> Total ICBC | T3: =+L7 -> 10298 | U3: =+L8+L9 -> 2499 | V3: =+L10+L11 -> 7799 | W3: =+L14 -> 587 | X3: =+L12 -> 122
C4: August 2024 | G4: Aug | H4: =+G4 -> Aug | I4: =+H4 -> Aug | J4: =+I4 -> Aug | K4: =+J4 -> Aug | L4: =+K4 -> Aug | M4: =+L4 -> Aug
G5: 4 | H5: 11 | I5: 18 | J5: 25 | K5: 0 | L5: Total | M5: Average
C7: Church Attendance: | G7: =SUM(G8:G11) -> 2369 | H7: =SUM(H8:H11) -> 2663 | I7: =SUM(I8:I11) -> 2681 | J7: =SUM(J8:J11) -> 2585 | K7: =SUM(K8:K11) -> 0 | L7: =SUM(L8:L11) -> 10298 | M7: =ROUND((L7/$E$1),0) -> 2575
D8: Men | G8: =+G24+G40+G56+G72+G88+G104+G120+G136+G152+G168+G184+G200+G216+G232+G248+G264+G280+G296+G312+G328+G344+G360+G376+G392+G408+G424+G440+G456+G472+G488+G504+G520+G536+G552+G568+G584+G600+G616+G632+G648+G664+G680+G696+G712+G728+G744+G760+G776+G792+G808 -> 156 | H8: =+H24+H40+H56+H72+H88+H104+H120+H136+H152+H168+H184+H200+H216+H232+H248+H264+H280+H296+H312+H328+H344+H360+H376+H392+H408+H424+H440+H456+H472+H488+H504+H520+H536+H552+H568+H584+H600+H616+H632+H648+H664+H680+H696+H712+H728+H744+H760+H776+H792+H808 -> 180 | I8: =+I24+I40+I56+I72+I88+I104+I120+I136+I152+I168+I184+I200+I216+I232+I248+I264+I280+I296+I312+I328+I344+I360+I376+I392+I408+I424+I440+I456+I472+I488+I504+I520+I536+I552+I568+I584+I600+I616+I632+I648+I664+I680+I696+I712+I728+I744+I760+I776+I792+I808 -> 173 | J8: =+J24+J40+J56+J72+J88+J104+J120+J136+J152+J168+J184+J200+J216+J232+J248+J264+J280+J296+J312+J328+J344+J360+J376+J392+J408+J424+J440+J456+J472+J488+J504+J520+J536+J552+J568+J584+J600+J616+J632+J648+J664+J680+J696+J712+J728+J744+J760+J776+J792+J808 -> 158 | K8: =+K24+K40+K56+K72+K88+K104+K120+K136+K152+K168+K184+K200+K216+K232+K248+K264+K280+K296+K312+K328+K344+K360+K376+K392+K408+K424+K440+K456+K472+K488+K504+K520+K536+K552+K568+K584+K600+K616+K632+K648+K664+K680+K696+K712+K728+K744+K760+K776+K792+K808 -> 0 | L8: =SUM(G8:K8) -> 667 | M8: =ROUND((L8/$E$1),0) -> 167
D9: Women | G9: =+G25+G41+G57+G73+G89+G105+G121+G137+G153+G169+G185+G201+G217+G233+G249+G265+G281+G297+G313+G329+G345+G361+G377+G393+G409+G425+G441+G457+G473+G489+G505+G521+G537+G553+G569+G585+G601+G617+G633+G649+G665+G681+G697+G713+G729+G745+G761+G777+G793+G809 -> 448 | H9: =+H25+H41+H57+H73+H89+H105+H121+H137+H153+H169+H185+H201+H217+H233+H249+H265+H281+H297+H313+H329+H345+H361+H377+H393+H409+H425+H441+H457+H473+H489+H505+H521+H537+H553+H569+H585+H601+H617+H633+H649+H665+H681+H697+H713+H729+H745+H761+H777+H793+H809 -> 487 | I9: =+I25+I41+I57+I73+I89+I105+I121+I137+I153+I169+I185+I201+I217+I233+I249+I265+I281+I297+I313+I329+I345+I361+I377+I393+I409+I425+I441+I457+I473+I489+I505+I521+I537+I553+I569+I585+I601+I617+I633+I649+I665+I681+I697+I713+I729+I745+I761+I777+I793+I809 -> 479 | J9: =+J25+J41+J57+J73+J89+J105+J121+J137+J153+J169+J185+J201+J217+J233+J249+J265+J281+J297+J313+J329+J345+J361+J377+J393+J409+J425+J441+J457+J473+J489+J505+J521+J537+J553+J569+J585+J601+J617+J633+J649+J665+J681+J697+J713+J729+J745+J761+J777+J793+J809 -> 418 | K9: =+K25+K41+K57+K73+K89+K105+K121+K137+K153+K169+K185+K201+K217+K233+K249+K265+K281+K297+K313+K329+K345+K361+K377+K393+K409+K425+K441+K457+K473+K489+K505+K521+K537+K553+K569+K585+K601+K617+K633+K649+K665+K681+K697+K713+K729+K745+K761+K777+K793+K809 -> 0 | L9: =SUM(G9:K9) -> 1832 | M9: =ROUND((L9/$E$1),0) -> 458
D10: Youth | G10: =+G26+G42+G58+G74+G90+G106+G122+G138+G154+G170+G186+G202+G218+G234+G250+G266+G282+G298+G314+G330+G346+G362+G378+G394+G410+G426+G442+G458+G474+G490+G506+G522+G538+G554+G570+G586+G602+G618+G634+G650+G666+G682+G698+G714+G730+G746+G762+G778+G794+G810 -> 653 | H10: =+H26+H42+H58+H74+H90+H106+H122+H138+H154+H170+H186+H202+H218+H234+H250+H266+H282+H298+H314+H330+H346+H362+H378+H394+H410+H426+H442+H458+H474+H490+H506+H522+H538+H554+H570+H586+H602+H618+H634+H650+H666+H682+H698+H714+H730+H746+H762+H778+H794+H810 -> 687 | I10: =+I26+I42+I58+I74+I90+I106+I122+I138+I154+I170+I186+I202+I218+I234+I250+I266+I282+I298+I314+I330+I346+I362+I378+I394+I410+I426+I442+I458+I474+I490+I506+I522+I538+I554+I570+I586+I602+I618+I634+I650+I666+I682+I698+I714+I730+I746+I762+I778+I794+I810 -> 657 | J10: =+J26+J42+J58+J74+J90+J106+J122+J138+J154+J170+J186+J202+J218+J234+J250+J266+J282+J298+J314+J330+J346+J362+J378+J394+J410+J426+J442+J458+J474+J490+J506+J522+J538+J554+J570+J586+J602+J618+J634+J650+J666+J682+J698+J714+J730+J746+J762+J778+J794+J810 -> 608 | K10: =+K26+K42+K58+K74+K90+K106+K122+K138+K154+K170+K186+K202+K218+K234+K250+K266+K282+K298+K314+K330+K346+K362+K378+K394+K410+K426+K442+K458+K474+K490+K506+K522+K538+K554+K570+K586+K602+K618+K634+K650+K666+K682+K698+K714+K730+K746+K762+K778+K794+K810 -> 0 | L10: =SUM(G10:K10) -> 2605 | M10: =ROUND((L10/$E$1),0) -> 651
D11: Children | G11: =+G27+G43+G59+G75+G91+G107+G123+G139+G155+G171+G187+G203+G219+G235+G251+G267+G283+G299+G315+G331+G347+G363+G379+G395+G411+G427+G443+G459+G475+G491+G507+G523+G539+G555+G571+G587+G603+G619+G635+G651+G667+G683+G699+G715+G731+G747+G763+G779+G795+G811 -> 1112 | H11: =+H27+H43+H59+H75+H91+H107+H123+H139+H155+H171+H187+H203+H219+H235+H251+H267+H283+H299+H315+H331+H347+H363+H379+H395+H411+H427+H443+H459+H475+H491+H507+H523+H539+H555+H571+H587+H603+H619+H635+H651+H667+H683+H699+H715+H731+H747+H763+H779+H795+H811 -> 1309 | I11: =+I27+I43+I59+I75+I91+I107+I123+I139+I155+I171+I187+I203+I219+I235+I251+I267+I283+I299+I315+I331+I347+I363+I379+I395+I411+I427+I443+I459+I475+I491+I507+I523+I539+I555+I571+I587+I603+I619+I635+I651+I667+I683+I699+I715+I731+I747+I763+I779+I795+I811 -> 1372 | J11: =+J27+J43+J59+J75+J91+J107+J123+J139+J155+J171+J187+J203+J219+J235+J251+J267+J283+J299+J315+J331+J347+J363+J379+J395+J411+J427+J443+J459+J475+J491+J507+J523+J539+J555+J571+J587+J603+J619+J635+J651+J667+J683+J699+J715+J731+J747+J763+J779+J795+J811 -> 1401 | K11: =+K27+K43+K59+K75+K91+K107+K123+K139+K155+K171+K187+K203+K219+K235+K251+K267+K283+K299+K315+K331+K347+K363+K379+K395+K411+K427+K443+K459+K475+K491+K507+K523+K539+K555+K571+K587+K603+K619+K635+K651+K667+K683+K699+K715+K731+K747+K763+K779+K795+K811 -> 0 | L11: =SUM(G11:K11) -> 5194 | M11: =ROUND((L11/$E$1),0) -> 1299
C12: Salvations | G12: =+G28+G44+G60+G76+G92+G108+G124+G140+G156+G172+G188+G204+G220+G236+G252+G268+G284+G300+G316+G332+G348+G364+G380+G396+G412+G428+G444+G460+G476+G492+G508+G524+G540+G556+G572+G588+G604+G620+G636+G652+G668+G684+G700+G716+G732+G748+G764+G780+G796+G812 -> 27 | H12: =+H28+H44+H60+H76+H92+H108+H124+H140+H156+H172+H188+H204+H220+H236+H252+H268+H284+H300+H316+H332+H348+H364+H380+H396+H412+H428+H444+H460+H476+H492+H508+H524+H540+H556+H572+H588+H604+H620+H636+H652+H668+H684+H700+H716+H732+H748+H764+H780+H796+H812 -> 28 | I12: =+I28+I44+I60+I76+I92+I108+I124+I140+I156+I172+I188+I204+I220+I236+I252+I268+I284+I300+I316+I332+I348+I364+I380+I396+I412+I428+I444+I460+I476+I492+I508+I524+I540+I556+I572+I588+I604+I620+I636+I652+I668+I684+I700+I716+I732+I748+I764+I780+I796+I812 -> 34 | J12: =+J28+J44+J60+J76+J92+J108+J124+J140+J156+J172+J188+J204+J220+J236+J252+J268+J284+J300+J316+J332+J348+J364+J380+J396+J412+J428+J444+J460+J476+J492+J508+J524+J540+J556+J572+J588+J604+J620+J636+J652+J668+J684+J700+J716+J732+J748+J764+J780+J796+J812 -> 33 | K12: =+K28+K44+K60+K76+K92+K108+K124+K140+K156+K172+K188+K204+K220+K236+K252+K268+K284+K300+K316+K332+K348+K364+K380+K396+K412+K428+K444+K460+K476+K492+K508+K524+K540+K556+K572+K588+K604+K620+K636+K652+K668+K684+K700+K716+K732+K748+K764+K780+K796+K812 -> 0 | L12: =SUM(G12:K12) -> 122 | M12: =ROUND((L12/$E$1),0) -> 31
C13: Baptisms | G13: =+G29+G45+G61+G77+G93+G109+G125+G141+G157+G173+G189+G205+G221+G237+G253+G269+G285+G301+G317+G333+G349+G365+G381+G397+G413+G429+G445+G461+G477+G493+G509+G525+G541+G557+G573+G589+G605+G621+G637+G653+G669+G685+G701+G717+G733+G749+G765+G781+G797+G813 -> 0 | H13: =+H29+H45+H61+H77+H93+H109+H125+H141+H157+H173+H189+H205+H221+H237+H253+H269+H285+H301+H317+H333+H349+H365+H381+H397+H413+H429+H445+H461+H477+H493+H509+H525+H541+H557+H573+H589+H605+H621+H637+H653+H669+H685+H701+H717+H733+H749+H765+H781+H797+H813 -> 0 | I13: =+I29+I45+I61+I77+I93+I109+I125+I141+I157+I173+I189+I205+I221+I237+I253+I269+I285+I301+I317+I333+I349+I365+I381+I397+I413+I429+I445+I461+I477+I493+I509+I525+I541+I557+I573+I589+I605+I621+I637+I653+I669+I685+I701+I717+I733+I749+I765+I781+I797+I813 -> 0 | J13: =+J29+J45+J61+J77+J93+J109+J125+J141+J157+J173+J189+J205+J221+J237+J253+J269+J285+J301+J317+J333+J349+J365+J381+J397+J413+J429+J445+J461+J477+J493+J509+J525+J541+J557+J573+J589+J605+J621+J637+J653+J669+J685+J701+J717+J733+J749+J765+J781+J797+J813 -> 0 | K13: =+K29+K45+K61+K77+K93+K109+K125+K141+K157+K173+K189+K205+K221+K237+K253+K269+K285+K301+K317+K333+K349+K365+K381+K397+K413+K429+K445+K461+K477+K493+K509+K525+K541+K557+K573+K589+K605+K621+K637+K653+K669+K685+K701+K717+K733+K749+K765+K781+K797+K813 -> 0 | L13: =SUM(G13:K13) -> 0 | M13: =ROUND((L13/$E$1),0) -> 0
C14: Home Visits | G14: =+G30+G46+G62+G78+G94+G110+G126+G142+G158+G174+G190+G206+G222+G238+G254+G270+G286+G302+G318+G334+G350+G366+G382+G398+G414+G430+G446+G462+G478+G494+G510+G526+G542+G558+G574+G590+G606+G622+G638+G654+G670+G686+G702+G718+G734+G750+G766+G782+G798+G814 -> 137 | H14: =+H30+H46+H62+H78+H94+H110+H126+H142+H158+H174+H190+H206+H222+H238+H254+H270+H286+H302+H318+H334+H350+H366+H382+H398+H414+H430+H446+H462+H478+H494+H510+H526+H542+H558+H574+H590+H606+H622+H638+H654+H670+H686+H702+H718+H734+H750+H766+H782+H798+H814 -> 154 | I14: =+I30+I46+I62+I78+I94+I110+I126+I142+I158+I174+I190+I206+I222+I238+I254+I270+I286+I302+I318+I334+I350+I366+I382+I398+I414+I430+I446+I462+I478+I494+I510+I526+I542+I558+I574+I590+I606+I622+I638+I654+I670+I686+I702+I718+I734+I750+I766+I782+I798+I814 -> 177 | J14: =+J30+J46+J62+J78+J94+J110+J126+J142+J158+J174+J190+J206+J222+J238+J254+J270+J286+J302+J318+J334+J350+J366+J382+J398+J414+J430+J446+J462+J478+J494+J510+J526+J542+J558+J574+J590+J606+J622+J638+J654+J670+J686+J702+J718+J734+J750+J766+J782+J798+J814 -> 119 | K14: =+K30+K46+K62+K78+K94+K110+K126+K142+K158+K174+K190+K206+K222+K238+K254+K270+K286+K302+K318+K334+K350+K366+K382+K398+K414+K430+K446+K462+K478+K494+K510+K526+K542+K558+K574+K590+K606+K622+K638+K654+K670+K686+K702+K718+K734+K750+K766+K782+K798+K814 -> 0 | L14: =SUM(G14:K14) -> 587 | M14: =ROUND((L14/$E$1),0) -> 147
C15: Meals / Food Packs | G15: =+G31+G47+G63+G79+G95+G111+G127+G143+G159+G175+G191+G207+G223+G239+G255+G271+G287+G303+G319+G335+G351+G367+G383+G399+G415+G431+G447+G463+G479+G495+G511+G527+G543+G559+G575+G591+G607+G623+G639+G655+G671+G687+G703+G719+G735+G751+G767+G783+G799+G815 -> 2054 | H15: =+H31+H47+H63+H79+H95+H111+H127+H143+H159+H175+H191+H207+H223+H239+H255+H271+H287+H303+H319+H335+H351+H367+H383+H399+H415+H431+H447+H463+H479+H495+H511+H527+H543+H559+H575+H591+H607+H623+H639+H655+H671+H687+H703+H719+H735+H751+H767+H783+H799+H815 -> 2112 | I15: =+I31+I47+I63+I79+I95+I111+I127+I143+I159+I175+I191+I207+I223+I239+I255+I271+I287+I303+I319+I335+I351+I367+I383+I399+I415+I431+I447+I463+I479+I495+I511+I527+I543+I559+I575+I591+I607+I623+I639+I655+I671+I687+I703+I719+I735+I751+I767+I783+I799+I815 -> 3046 | J15: =+J31+J47+J63+J79+J95+J111+J127+J143+J159+J175+J191+J207+J223+J239+J255+J271+J287+J303+J319+J335+J351+J367+J383+J399+J415+J431+J447+J463+J479+J495+J511+J527+J543+J559+J575+J591+J607+J623+J639+J655+J671+J687+J703+J719+J735+J751+J767+J783+J799+J815 -> 3238 | K15: =+K31+K47+K63+K79+K95+K111+K127+K143+K159+K175+K191+K207+K223+K239+K255+K271+K287+K303+K319+K335+K351+K367+K383+K399+K415+K431+K447+K463+K479+K495+K511+K527+K543+K559+K575+K591+K607+K623+K639+K655+K671+K687+K703+K719+K735+K751+K767+K783+K799+K815 -> 0 | L15: =SUM(G15:K15) -> 10450 | M15: =ROUND((L15/$E$1),0) -> 2613
C16: Preschool Attendance | G16: =+G32+G48+G64+G80+G96+G112+G128+G144+G160+G176+G192+G208+G224+G240+G256+G272+G288+G304+G320+G336+G352+G368+G384+G400+G416+G432+G448+G464+G480+G496+G512+G528+G544+G560+G576+G592+G608+G624+G640+G656+G672+G688+G704+G720+G736+G752+G768+G784+G800+G816 -> 0 | H16: =+H32+H48+H64+H80+H96+H112+H128+H144+H160+H176+H192+H208+H224+H240+H256+H272+H288+H304+H320+H336+H352+H368+H384+H400+H416+H432+H448+H464+H480+H496+H512+H528+H544+H560+H576+H592+H608+H624+H640+H656+H672+H688+H704+H720+H736+H752+H768+H784+H800+H816 -> 0 | I16: =+I32+I48+I64+I80+I96+I112+I128+I144+I160+I176+I192+I208+I224+I240+I256+I272+I288+I304+I320+I336+I352+I368+I384+I400+I416+I432+I448+I464+I480+I496+I512+I528+I544+I560+I576+I592+I608+I624+I640+I656+I672+I688+I704+I720+I736+I752+I768+I784+I800+I816 -> 0 | J16: =+J32+J48+J64+J80+J96+J112+J128+J144+J160+J176+J192+J208+J224+J240+J256+J272+J288+J304+J320+J336+J352+J368+J384+J400+J416+J432+J448+J464+J480+J496+J512+J528+J544+J560+J576+J592+J608+J624+J640+J656+J672+J688+J704+J720+J736+J752+J768+J784+J800+J816 -> 0 | K16: =+K32+K48+K64+K80+K96+K112+K128+K144+K160+K176+K192+K208+K224+K240+K256+K272+K288+K304+K320+K336+K352+K368+K384+K400+K416+K432+K448+K464+K480+K496+K512+K528+K544+K560+K576+K592+K608+K624+K640+K656+K672+K688+K704+K720+K736+K752+K768+K784+K800+K816 -> 0 | L16: =SUM(G16:K16) -> 0 | M16: =ROUND((L16/$E$1),0) -> 0
A19: 1 | C19: Hawane CLC Church | G19: =+$G$3 -> 2024 | H19: =+G19 -> 2024 | I19: =+H19 -> 2024 | J19: =+I19 -> 2024 | K19: =+J19 -> 2024 | L19: =+K19 -> 2024 | M19: =+L19 -> 2024 | S19: =+C19 -> Hawane CLC Church | T19: =+L23 -> 902 | U19: =+L24+L25 -> 274 | V19: =+L26+L27 -> 628 | W19: =+L30 -> 28 | X19: =+L28 -> 0
C20: =+$C4 -> August 2024 | G20: =+$G$4 -> Aug | H20: =+G20 -> Aug | I20: =+H20 -> Aug | J20: =+I20 -> Aug | K20: =+J20 -> Aug | L20: =+K20 -> Aug | M20: =+L20 -> Aug
G21: =+$G$5 -> 4 | H21: =+$H$5 -> 11 | I21: =+$I$5 -> 18 | J21: =+$J$5 -> 25 | K21: =+$K$5 -> 0 | L21: Total | M21: Average
C23: Church Attendance: | G23: =SUM(G24:G27) -> 204 | H23: =SUM(H24:H27) -> 226 | I23: =SUM(I24:I27) -> 248 | J23: =SUM(J24:J27) -> 224 | K23: =SUM(K24:K27) -> 0 | L23: =SUM(L24:L27) -> 902 | M23: =ROUND((L23/$E$1),0) -> 226
D24: Men | G24: 14 | H24: 18 | I24: 23 | J24: 20 | L24: =SUM(G24:K24) -> 75 | M24: =ROUND((L24/$E$1),0) -> 19
D25: Women | G25: 39 | H25: 45 | I25: 60 | J25: 55 | L25: =SUM(G25:K25) -> 199 | M25: =ROUND((L25/$E$1),0) -> 50
D26: Youth | G26: 74 | H26: 100 | I26: 85 | J26: 75 | L26: =SUM(G26:K26) -> 334 | M26: =ROUND((L26/$E$1),0) -> 84
D27: Children | G27: 77 | H27: 63 | I27: 80 | J27: 74 | L27: =SUM(G27:K27) -> 294 | M27: =ROUND((L27/$E$1),0) -> 74
C28: Salvations | L28: =SUM(G28:K28) -> 0 | M28: =ROUND((L28/$E$1),0) -> 0
C29: Baptisms | L29: =SUM(G29:K29) -> 0 | M29: =ROUND((L29/$E$1),0) -> 0
C30: Home Visits | G30: 6 | H30: 7 | I30: 8 | J30: 7 | L30: =SUM(G30:K30) -> 28 | M30: =ROUND((L30/$E$1),0) -> 7
C31: Meals / Food Packs | L31: =SUM(G31:K31) -> 0 | M31: =ROUND((L31/$E$1),0) -> 0
C32: Preschool Attendance | L32: =SUM(G32:K32) -> 0 | M32: =ROUND((L32/$E$1),0) -> 0
A35: =+A19+1 -> 2 | C35: Ngwenya | G35: =+$G$3 -> 2024 | H35: =+G35 -> 2024 | I35: =+H35 -> 2024 | J35: =+I35 -> 2024 | K35: =+J35 -> 2024 | L35: =+K35 -> 2024 | M35: =+L35 -> 2024 | S35: =+C35 -> Ngwenya | T35: =+L39 -> 295 | U35: =+L40+L41 -> 79 | V35: =+L42+L43 -> 216 | W35: =+L46 -> 40 | X35: =+L44 -> 4
C36: =+$C20 -> August 2024 | G36: =+$G$4 -> Aug | H36: =+G36 -> Aug | I36: =+H36 -> Aug | J36: =+I36 -> Aug | K36: =+J36 -> Aug | L36: =+K36 -> Aug | M36: =+L36 -> Aug
G37: =+$G$5 -> 4 | H37: =+$H$5 -> 11 | I37: =+$I$5 -> 18 | J37: =+$J$5 -> 25 | K37: =+$K$5 -> 0 | L37: Total | M37: Average
C39: Church Attendance: | G39: =SUM(G40:G43) -> 63 | H39: =SUM(H40:H43) -> 72 | I39: =SUM(I40:I43) -> 75 | J39: =SUM(J40:J43) -> 85 | K39: =SUM(K40:K43) -> 0 | L39: =SUM(L40:L43) -> 295 | M39: =ROUND((L39/$E$1),0) -> 74
D40: Men | G40: 6 | H40: 5 | I40: 5 | J40: 6 | L40: =SUM(G40:K40) -> 22 | M40: =ROUND((L40/$E$1),0) -> 6
D41: Women | G41: 12 | H41: 14 | I41: 16 | J41: 15 | L41: =SUM(G41:K41) -> 57 | M41: =ROUND((L41/$E$1),0) -> 14
D42: Youth | G42: 15 | H42: 18 | I42: 22 | J42: 24 | L42: =SUM(G42:K42) -> 79 | M42: =ROUND((L42/$E$1),0) -> 20
D43: Children | G43: 30 | H43: 35 | I43: 32 | J43: 40 | L43: =SUM(G43:K43) -> 137 | M43: =ROUND((L43/$E$1),0) -> 34
C44: Salvations | H44: 1 | I44: 2 | J44: 1 | L44: =SUM(G44:K44) -> 4 | M44: =ROUND((L44/$E$1),0) -> 1
C45: Baptisms | L45: =SUM(G45:K45) -> 0 | M45: =ROUND((L45/$E$1),0) -> 0
C46: Home Visits | G46: 10 | H46: 11 | I46: 10 | J46: 9 | L46: =SUM(G46:K46) -> 40 | M46: =ROUND((L46/$E$1),0) -> 10
C47: Meals / Food Packs | G47: 72 | H47: 144 | I47: 72 | J47: 144 | L47: =SUM(G47:K47) -> 432 | M47: =ROUND((L47/$E$1),0) -> 108
C48: Preschool Attendance | L48: =SUM(G48:K48) -> 0 | M48: =ROUND((L48/$E$1),0) -> 0
A51: =+A35+1 -> 3 | C51: Lavumisa | G51: =+$G$3 -> 2024 | H51: =+G51 -> 2024 | I51: =+H51 -> 2024 | J51: =+I51 -> 2024 | K51: =+J51 -> 2024 | L51: =+K51 -> 2024 | M51: =+L51 -> 2024 | S51: =+C51 -> Lavumisa | T51: =+L55 -> 256 | U51: =+L56+L57 -> 68 | V51: =+L58+L59 -> 188 | W51: =+L62 -> 29 | X51: =+L60 -> 0
C52: =+$C36 -> August 2024 | G52: =+$G$4 -> Aug | H52: =+G52 -> Aug | I52: =+H52 -> Aug | J52: =+I52 -> Aug | K52: =+J52 -> Aug | L52: =+K52 -> Aug | M52: =+L52 -> Aug
G53: =+$G$5 -> 4 | H53: =+$H$5 -> 11 | I53: =+$I$5 -> 18 | J53: =+$J$5 -> 25 | K53: =+$K$5 -> 0 | L53: Total | M53: Average
C55: Church Attendance: | G55: =SUM(G56:G59) -> 54 | H55: =SUM(H56:H59) -> 78 | I55: =SUM(I56:I59) -> 62 | J55: =SUM(J56:J59) -> 62 | K55: =SUM(K56:K59) -> 0 | L55: =SUM(L56:L59) -> 256 | M55: =ROUND((L55/$E$1),0) -> 64
D56: Men | G56: 4 | H56: 3 | I56: 2 | J56: 4 | L56: =SUM(G56:K56) -> 13 | M56: =ROUND((L56/$E$1),0) -> 3
D57: Women | G57: 14 | H57: 16 | I57: 12 | J57: 13 | L57: =SUM(G57:K57) -> 55 | M57: =ROUND((L57/$E$1),0) -> 14
D58: Youth | G58: 13 | H58: 18 | I58: 14 | J58: 14 | L58: =SUM(G58:K58) -> 59 | M58: =ROUND((L58/$E$1),0) -> 15
D59: Children | G59: 23 | H59: 41 | I59: 34 | J59: 31 | L59: =SUM(G59:K59) -> 129 | M59: =ROUND((L59/$E$1),0) -> 32
C60: Salvations | L60: =SUM(G60:K60) -> 0 | M60: =ROUND((L60/$E$1),0) -> 0
C61: Baptisms | L61: =SUM(G61:K61) -> 0 | M61: =ROUND((L61/$E$1),0) -> 0
C62: Home Visits | G62: 5 | H62: 9 | I62: 7 | J62: 8 | L62: =SUM(G62:K62) -> 29 | M62: =ROUND((L62/$E$1),0) -> 7
C63: Meals / Food Packs | L63: =SUM(G63:K63) -> 0 | M63: =ROUND((L63/$E$1),0) -> 0
C64: Preschool Attendance | L64: =SUM(G64:K64) -> 0 | M64: =ROUND((L64/$E$1),0) -> 0
A67: =+A51+1 -> 4 | C67: Engcamini | G67: =+$G$3 -> 2024 | H67: =+G67 -> 2024 | I67: =+H67 -> 2024 | J67: =+I67 -> 2024 | K67: =+J67 -> 2024 | L67: =+K67 -> 2024 | M67: =+L67 -> 2024 | S67: =+C67 -> Engcamini | T67: =+L71 -> 341 | U67: =+L72+L73 -> 62 | V67: =+L74+L75 -> 279 | W67: =+L78 -> 3 | X67: =+L76 -> 27
C68: =+$C52 -> August 2024 | G68: =+$G$4 -> Aug | H68: =+G68 -> Aug | I68: =+H68 -> Aug | J68: =+I68 -> Aug | K68: =+J68 -> Aug | L68: =+K68 -> Aug | M68: =+L68 -> Aug
G69: =+$G$5 -> 4 | H69: =+$H$5 -> 11 | I69: =+$I$5 -> 18 | J69: =+$J$5 -> 25 | K69: =+$K$5 -> 0 | L69: Total | M69: Average
C71: Church Attendance: | G71: =SUM(G72:G75) -> 55 | H71: =SUM(H72:H75) -> 79 | I71: =SUM(I72:I75) -> 100 | J71: =SUM(J72:J75) -> 107 | K71: =SUM(K72:K75) -> 0 | L71: =SUM(L72:L75) -> 341 | M71: =ROUND((L71/$E$1),0) -> 85
D72: Men | G72: 4 | H72: 3 | I72: 6 | J72: 3 | L72: =SUM(G72:K72) -> 16 | M72: =ROUND((L72/$E$1),0) -> 4
D73: Women | G73: 7 | H73: 14 | I73: 11 | J73: 14 | L73: =SUM(G73:K73) -> 46 | M73: =ROUND((L73/$E$1),0) -> 12
D74: Youth | G74: 7 | H74: 7 | I74: 15 | J74: 15 | L74: =SUM(G74:K74) -> 44 | M74: =ROUND((L74/$E$1),0) -> 11
D75: Children | G75: 37 | H75: 55 | I75: 68 | J75: 75 | L75: =SUM(G75:K75) -> 235 | M75: =ROUND((L75/$E$1),0) -> 59
C76: Salvations | G76: 5 | H76: 6 | I76: 5 | J76: 11 | L76: =SUM(G76:K76) -> 27 | M76: =ROUND((L76/$E$1),0) -> 7
C77: Baptisms | L77: =SUM(G77:K77) -> 0 | M77: =ROUND((L77/$E$1),0) -> 0
C78: Home Visits | H78: 1 | I78: 2 | L78: =SUM(G78:K78) -> 3 | M78: =ROUND((L78/$E$1),0) -> 1
C79: Meals / Food Packs | G79: 180 | H79: 90 | I79: 125 | J79: 288 | L79: =SUM(G79:K79) -> 683 | M79: =ROUND((L79/$E$1),0) -> 171
C80: Preschool Attendance | L80: =SUM(G80:K80) -> 0 | M80: =ROUND((L80/$E$1),0) -> 0
A83: =+A67+1 -> 5 | C83: Pine Valley | G83: =+$G$3 -> 2024 | H83: =+G83 -> 2024 | I83: =+H83 -> 2024 | J83: =+I83 -> 2024 | K83: =+J83 -> 2024 | L83: =+K83 -> 2024 | M83: =+L83 -> 2024 | S83: =+C83 -> Pine Valley | T83: =+L87 -> 0 | U83: =+L88+L89 -> 0 | V83: =+L90+L91 -> 0 | W83: =+L94 -> 0 | X83: =+L92 -> 0
C84: =+$C68 -> August 2024 | G84: =+$G$4 -> Aug | H84: =+G84 -> Aug | I84: =+H84 -> Aug | J84: =+I84 -> Aug | K84: =+J84 -> Aug | L84: =+K84 -> Aug | M84: =+L84 -> Aug
G85: =+$G$5 -> 4 | H85: =+$H$5 -> 11 | I85: =+$I$5 -> 18 | J85: =+$J$5 -> 25 | K85: =+$K$5 -> 0 | L85: Total | M85: Average
C87: Church Attendance: | G87: =SUM(G88:G91) -> 0 | H87: =SUM(H88:H91) -> 0 | I87: =SUM(I88:I91) -> 0 | J87: =SUM(J88:J91) -> 0 | K87: =SUM(K88:K91) -> 0 | L87: =SUM(L88:L91) -> 0 | M87: =ROUND((L87/$E$1),0) -> 0
D88: Men | L88: =SUM(G88:K88) -> 0 | M88: =ROUND((L88/$E$1),0) -> 0
D89: Women | L89: =SUM(G89:K89) -> 0 | M89: =ROUND((L89/$E$1),0) -> 0
D90: Youth | L90: =SUM(G90:K90) -> 0 | M90: =ROUND((L90/$E$1),0) -> 0
D91: Children | L91: =SUM(G91:K91) -> 0 | M91: =ROUND((L91/$E$1),0) -> 0
C92: Salvations | L92: =SUM(G92:K92) -> 0 | M92: =ROUND((L92/$E$1),0) -> 0
C93: Baptisms | L93: =SUM(G93:K93) -> 0 | M93: =ROUND((L93/$E$1),0) -> 0
C94: Home Visits | L94: =SUM(G94:K94) -> 0 | M94: =ROUND((L94/$E$1),0) -> 0
C95: Meals / Food Packs | L95: =SUM(G95:K95) -> 0 | M95: =ROUND((L95/$E$1),0) -> 0
C96: Preschool Attendance | L96: =SUM(G96:K96) -> 0 | M96: =ROUND((L96/$E$1),0) -> 0
A99: =+A83+1 -> 6 | C99: Ngwempisi | G99: =+$G$3 -> 2024 | H99: =+G99 -> 2024 | I99: =+H99 -> 2024 | J99: =+I99 -> 2024 | K99: =+J99 -> 2024 | L99: =+K99 -> 2024 | M99: =+L99 -> 2024 | S99: =+C99 -> Ngwempisi | T99: =+L103 -> 145 | U99: =+L104+L105 -> 45 | V99: =+L106+L107 -> 100 | W99: =+L110 -> 11 | X99: =+L108 -> 0
C100: =+$C84 -> August 2024 | G100: =+$G$4 -> Aug | H100: =+G100 -> Aug | I100: =+H100 -> Aug | J100: =+I100 -> Aug | K100: =+J100 -> Aug | L100: =+K100 -> Aug | M100: =+L100 -> Aug
G101: =+$G$5 -> 4 | H101: =+$H$5 -> 11 | I101: =+$I$5 -> 18 | J101: =+$J$5 -> 25 | K101: =+$K$5 -> 0 | L101: Total | M101: Average | P101: NB: No report at point of submission for 2nd week
C103: Church Attendance: | G103: =SUM(G104:G107) -> 73 | H103: =SUM(H104:H107) -> 0 | I103: =SUM(I104:I107) -> 72 | J103: =SUM(J104:J107) -> 0 | K103: =SUM(K104:K107) -> 0 | L103: =SUM(L104:L107) -> 145 | M103: =ROUND((L103/$E$1),0) -> 36
D104: Men | G104: 3 | I104: 5 | L104: =SUM(G104:K104) -> 8 | M104: =ROUND((L104/$E$1),0) -> 2
D105: Women | G105: 18 | I105: 19 | L105: =SUM(G105:K105) -> 37 | M105: =ROUND((L105/$E$1),0) -> 9
D106: Youth | G106: 16 | I106: 14 | L106: =SUM(G106:K106) -> 30 | M106: =ROUND((L106/$E$1),0) -> 8
D107: Children | G107: 36 | I107: 34 | L107: =SUM(G107:K107) -> 70 | M107: =ROUND((L107/$E$1),0) -> 18
C108: Salvations | L108: =SUM(G108:K108) -> 0 | M108: =ROUND((L108/$E$1),0) -> 0
C109: Baptisms | L109: =SUM(G109:K109) -> 0 | M109: =ROUND((L109/$E$1),0) -> 0
C110: Home Visits | G110: 6 | I110: 5 | L110: =SUM(G110:K110) -> 11 | M110: =ROUND((L110/$E$1),0) -> 3
C111: Meals / Food Packs | L111: =SUM(G111:K111) -> 0 | M111: =ROUND((L111/$E$1),0) -> 0
C112: Preschool Attendance | L112: =SUM(G112:K112) -> 0 | M112: =ROUND((L112/$E$1),0) -> 0
A115: =+A99+1 -> 7 | C115: Gebeni | G115: =+$G$3 -> 2024 | H115: =+G115 -> 2024 | I115: =+H115 -> 2024 | J115: =+I115 -> 2024 | K115: =+J115 -> 2024 | L115: =+K115 -> 2024 | M115: =+L115 -> 2024 | S115: =+C115 -> Gebeni | T115: =+L119 -> 226 | U115: =+L120+L121 -> 59 | V115: =+L122+L123 -> 167 | W115: =+L126 -> 16 | X115: =+L124 -> 6
C116: =+$C100 -> August 2024 | G116: =+$G$4 -> Aug | H116: =+G116 -> Aug | I116: =+H116 -> Aug | J116: =+I116 -> Aug | K116: =+J116 -> Aug | L116: =+K116 -> Aug | M116: =+L116 -> Aug
G117: =+$G$5 -> 4 | H117: =+$H$5 -> 11 | I117: =+$I$5 -> 18 | J117: =+$J$5 -> 25 | K117: =+$K$5 -> 0 | L117: Total | M117: Average
C119: Church Attendance: | G119: =SUM(G120:G123) -> 47 | H119: =SUM(H120:H123) -> 49 | I119: =SUM(I120:I123) -> 72 | J119: =SUM(J120:J123) -> 58 | K119: =SUM(K120:K123) -> 0 | L119: =SUM(L120:L123) -> 226 | M119: =ROUND((L119/$E$1),0) -> 57
D120: Men | G120: 5 | H120: 6 | I120: 3 | J120: 4 | L120: =SUM(G120:K120) -> 18 | M120: =ROUND((L120/$E$1),0) -> 5
D121: Women | G121: 6 | H121: 12 | I121: 13 | J121: 10 | L121: =SUM(G121:K121) -> 41 | M121: =ROUND((L121/$E$1),0) -> 10
D122: Youth | G122: 15 | H122: 10 | I122: 18 | J122: 19 | L122: =SUM(G122:K122) -> 62 | M122: =ROUND((L122/$E$1),0) -> 16
D123: Children | G123: 21 | H123: 21 | I123: 38 | J123: 25 | L123: =SUM(G123:K123) -> 105 | M123: =ROUND((L123/$E$1),0) -> 26
...

Sheet Sep-24
D1: Number of Sundays | E1: 5 | S1: ICBC | T1: =+C7 -> Church Attendance: | U1: Adults | V1: Youth & Children | W1: Home Visits | X1: =+C12 -> Salvations
C3: Total ICBC | G3: 2024 | H3: =+G3 -> 2024 | I3: =+H3 -> 2024 | J3: =+I3 -> 2024 | K3: =+J3 -> 2024 | L3: =+K3 -> 2024 | M3: =+L3 -> 2024 | S3: =+C3 -> Total ICBC | T3: =+L7 -> 13012 | U3: =+L8+L9 -> 3311 | V3: =+L10+L11 -> 9701 | W3: =+L14 -> 1252 | X3: =+L12 -> 150
C4: September 2024 | G4: Sep | H4: =+G4 -> Sep | I4: =+H4 -> Sep | J4: =+I4 -> Sep | K4: =+J4 -> Sep | L4: =+K4 -> Sep | M4: =+L4 -> Sep
G5: 1 | H5: 8 | I5: 15 | J5: 22 | K5: 29 | L5: Total | M5: Average
C7: Church Attendance: | G7: =SUM(G8:G11) -> 2569 | H7: =SUM(H8:H11) -> 2918 | I7: =SUM(I8:I11) -> 2513 | J7: =SUM(J8:J11) -> 1956 | K7: =SUM(K8:K11) -> 3056 | L7: =SUM(L8:L11) -> 13012 | M7: =ROUND((L7/$E$1),0) -> 2602
D8: Men | G8: =+G24+G40+G56+G72+G88+G104+G120+G136+G152+G168+G184+G200+G216+G232+G248+G264+G280+G296+G312+G328+G344+G360+G376+G392+G408+G424+G440+G456+G472+G488+G504+G520+G536+G552+G568+G584+G600+G616+G632+G648+G664+G680+G696+G712+G728+G744+G760+G776+G792+G808 -> 168 | H8: =+H24+H40+H56+H72+H88+H104+H120+H136+H152+H168+H184+H200+H216+H232+H248+H264+H280+H296+H312+H328+H344+H360+H376+H392+H408+H424+H440+H456+H472+H488+H504+H520+H536+H552+H568+H584+H600+H616+H632+H648+H664+H680+H696+H712+H728+H744+H760+H776+H792+H808 -> 202 | I8: =+I24+I40+I56+I72+I88+I104+I120+I136+I152+I168+I184+I200+I216+I232+I248+I264+I280+I296+I312+I328+I344+I360+I376+I392+I408+I424+I440+I456+I472+I488+I504+I520+I536+I552+I568+I584+I600+I616+I632+I648+I664+I680+I696+I712+I728+I744+I760+I776+I792+I808 -> 161 | J8: =+J24+J40+J56+J72+J88+J104+J120+J136+J152+J168+J184+J200+J216+J232+J248+J264+J280+J296+J312+J328+J344+J360+J376+J392+J408+J424+J440+J456+J472+J488+J504+J520+J536+J552+J568+J584+J600+J616+J632+J648+J664+J680+J696+J712+J728+J744+J760+J776+J792+J808 -> 154 | K8: =+K24+K40+K56+K72+K88+K104+K120+K136+K152+K168+K184+K200+K216+K232+K248+K264+K280+K296+K312+K328+K344+K360+K376+K392+K408+K424+K440+K456+K472+K488+K504+K520+K536+K552+K568+K584+K600+K616+K632+K648+K664+K680+K696+K712+K728+K744+K760+K776+K792+K808 -> 237 | L8: =SUM(G8:K8) -> 922 | M8: =ROUND((L8/$E$1),0) -> 184
D9: Women | G9: =+G25+G41+G57+G73+G89+G105+G121+G137+G153+G169+G185+G201+G217+G233+G249+G265+G281+G297+G313+G329+G345+G361+G377+G393+G409+G425+G441+G457+G473+G489+G505+G521+G537+G553+G569+G585+G601+G617+G633+G649+G665+G681+G697+G713+G729+G745+G761+G777+G793+G809 -> 459 | H9: =+H25+H41+H57+H73+H89+H105+H121+H137+H153+H169+H185+H201+H217+H233+H249+H265+H281+H297+H313+H329+H345+H361+H377+H393+H409+H425+H441+H457+H473+H489+H505+H521+H537+H553+H569+H585+H601+H617+H633+H649+H665+H681+H697+H713+H729+H745+H761+H777+H793+H809 -> 533 | I9: =+I25+I41+I57+I73+I89+I105+I121+I137+I153+I169+I185+I201+I217+I233+I249+I265+I281+I297+I313+I329+I345+I361+I377+I393+I409+I425+I441+I457+I473+I489+I505+I521+I537+I553+I569+I585+I601+I617+I633+I649+I665+I681+I697+I713+I729+I745+I761+I777+I793+I809 -> 457 | J9: =+J25+J41+J57+J73+J89+J105+J121+J137+J153+J169+J185+J201+J217+J233+J249+J265+J281+J297+J313+J329+J345+J361+J377+J393+J409+J425+J441+J457+J473+J489+J505+J521+J537+J553+J569+J585+J601+J617+J633+J649+J665+J681+J697+J713+J729+J745+J761+J777+J793+J809 -> 384 | K9: =+K25+K41+K57+K73+K89+K105+K121+K137+K153+K169+K185+K201+K217+K233+K249+K265+K281+K297+K313+K329+K345+K361+K377+K393+K409+K425+K441+K457+K473+K489+K505+K521+K537+K553+K569+K585+K601+K617+K633+K649+K665+K681+K697+K713+K729+K745+K761+K777+K793+K809 -> 556 | L9: =SUM(G9:K9) -> 2389 | M9: =ROUND((L9/$E$1),0) -> 478
D10: Youth | G10: =+G26+G42+G58+G74+G90+G106+G122+G138+G154+G170+G186+G202+G218+G234+G250+G266+G282+G298+G314+G330+G346+G362+G378+G394+G410+G426+G442+G458+G474+G490+G506+G522+G538+G554+G570+G586+G602+G618+G634+G650+G666+G682+G698+G714+G730+G746+G762+G778+G794+G810 -> 638 | H10: =+H26+H42+H58+H74+H90+H106+H122+H138+H154+H170+H186+H202+H218+H234+H250+H266+H282+H298+H314+H330+H346+H362+H378+H394+H410+H426+H442+H458+H474+H490+H506+H522+H538+H554+H570+H586+H602+H618+H634+H650+H666+H682+H698+H714+H730+H746+H762+H778+H794+H810 -> 768 | I10: =+I26+I42+I58+I74+I90+I106+I122+I138+I154+I170+I186+I202+I218+I234+I250+I266+I282+I298+I314+I330+I346+I362+I378+I394+I410+I426+I442+I458+I474+I490+I506+I522+I538+I554+I570+I586+I602+I618+I634+I650+I666+I682+I698+I714+I730+I746+I762+I778+I794+I810 -> 678 | J10: =+J26+J42+J58+J74+J90+J106+J122+J138+J154+J170+J186+J202+J218+J234+J250+J266+J282+J298+J314+J330+J346+J362+J378+J394+J410+J426+J442+J458+J474+J490+J506+J522+J538+J554+J570+J586+J602+J618+J634+J650+J666+J682+J698+J714+J730+J746+J762+J778+J794+J810 -> 499 | K10: =+K26+K42+K58+K74+K90+K106+K122+K138+K154+K170+K186+K202+K218+K234+K250+K266+K282+K298+K314+K330+K346+K362+K378+K394+K410+K426+K442+K458+K474+K490+K506+K522+K538+K554+K570+K586+K602+K618+K634+K650+K666+K682+K698+K714+K730+K746+K762+K778+K794+K810 -> 766 | L10: =SUM(G10:K10) -> 3349 | M10: =ROUND((L10/$E$1),0) -> 670
D11: Children | G11: =+G27+G43+G59+G75+G91+G107+G123+G139+G155+G171+G187+G203+G219+G235+G251+G267+G283+G299+G315+G331+G347+G363+G379+G395+G411+G427+G443+G459+G475+G491+G507+G523+G539+G555+G571+G587+G603+G619+G635+G651+G667+G683+G699+G715+G731+G747+G763+G779+G795+G811 -> 1304 | H11: =+H27+H43+H59+H75+H91+H107+H123+H139+H155+H171+H187+H203+H219+H235+H251+H267+H283+H299+H315+H331+H347+H363+H379+H395+H411+H427+H443+H459+H475+H491+H507+H523+H539+H555+H571+H587+H603+H619+H635+H651+H667+H683+H699+H715+H731+H747+H763+H779+H795+H811 -> 1415 | I11: =+I27+I43+I59+I75+I91+I107+I123+I139+I155+I171+I187+I203+I219+I235+I251+I267+I283+I299+I315+I331+I347+I363+I379+I395+I411+I427+I443+I459+I475+I491+I507+I523+I539+I555+I571+I587+I603+I619+I635+I651+I667+I683+I699+I715+I731+I747+I763+I779+I795+I811 -> 1217 | J11: =+J27+J43+J59+J75+J91+J107+J123+J139+J155+J171+J187+J203+J219+J235+J251+J267+J283+J299+J315+J331+J347+J363+J379+J395+J411+J427+J443+J459+J475+J491+J507+J523+J539+J555+J571+J587+J603+J619+J635+J651+J667+J683+J699+J715+J731+J747+J763+J779+J795+J811 -> 919 | K11: =+K27+K43+K59+K75+K91+K107+K123+K139+K155+K171+K187+K203+K219+K235+K251+K267+K283+K299+K315+K331+K347+K363+K379+K395+K411+K427+K443+K459+K475+K491+K507+K523+K539+K555+K571+K587+K603+K619+K635+K651+K667+K683+K699+K715+K731+K747+K763+K779+K795+K811 -> 1497 | L11: =SUM(G11:K11) -> 6352 | M11: =ROUND((L11/$E$1),0) -> 1270
C12: Salvations | G12: =+G28+G44+G60+G76+G92+G108+G124+G140+G156+G172+G188+G204+G220+G236+G252+G268+G284+G300+G316+G332+G348+G364+G380+G396+G412+G428+G444+G460+G476+G492+G508+G524+G540+G556+G572+G588+G604+G620+G636+G652+G668+G684+G700+G716+G732+G748+G764+G780+G796+G812 -> 31 | H12: =+H28+H44+H60+H76+H92+H108+H124+H140+H156+H172+H188+H204+H220+H236+H252+H268+H284+H300+H316+H332+H348+H364+H380+H396+H412+H428+H444+H460+H476+H492+H508+H524+H540+H556+H572+H588+H604+H620+H636+H652+H668+H684+H700+H716+H732+H748+H764+H780+H796+H812 -> 29 | I12: =+I28+I44+I60+I76+I92+I108+I124+I140+I156+I172+I188+I204+I220+I236+I252+I268+I284+I300+I316+I332+I348+I364+I380+I396+I412+I428+I444+I460+I476+I492+I508+I524+I540+I556+I572+I588+I604+I620+I636+I652+I668+I684+I700+I716+I732+I748+I764+I780+I796+I812 -> 19 | J12: =+J28+J44+J60+J76+J92+J108+J124+J140+J156+J172+J188+J204+J220+J236+J252+J268+J284+J300+J316+J332+J348+J364+J380+J396+J412+J428+J444+J460+J476+J492+J508+J524+J540+J556+J572+J588+J604+J620+J636+J652+J668+J684+J700+J716+J732+J748+J764+J780+J796+J812 -> 26 | K12: =+K28+K44+K60+K76+K92+K108+K124+K140+K156+K172+K188+K204+K220+K236+K252+K268+K284+K300+K316+K332+K348+K364+K380+K396+K412+K428+K444+K460+K476+K492+K508+K524+K540+K556+K572+K588+K604+K620+K636+K652+K668+K684+K700+K716+K732+K748+K764+K780+K796+K812 -> 45 | L12: =SUM(G12:K12) -> 150 | M12: =ROUND((L12/$E$1),0) -> 30
C13: Baptisms | G13: =+G29+G45+G61+G77+G93+G109+G125+G141+G157+G173+G189+G205+G221+G237+G253+G269+G285+G301+G317+G333+G349+G365+G381+G397+G413+G429+G445+G461+G477+G493+G509+G525+G541+G557+G573+G589+G605+G621+G637+G653+G669+G685+G701+G717+G733+G749+G765+G781+G797+G813 -> 0 | H13: =+H29+H45+H61+H77+H93+H109+H125+H141+H157+H173+H189+H205+H221+H237+H253+H269+H285+H301+H317+H333+H349+H365+H381+H397+H413+H429+H445+H461+H477+H493+H509+H525+H541+H557+H573+H589+H605+H621+H637+H653+H669+H685+H701+H717+H733+H749+H765+H781+H797+H813 -> 0 | I13: =+I29+I45+I61+I77+I93+I109+I125+I141+I157+I173+I189+I205+I221+I237+I253+I269+I285+I301+I317+I333+I349+I365+I381+I397+I413+I429+I445+I461+I477+I493+I509+I525+I541+I557+I573+I589+I605+I621+I637+I653+I669+I685+I701+I717+I733+I749+I765+I781+I797+I813 -> 0 | J13: =+J29+J45+J61+J77+J93+J109+J125+J141+J157+J173+J189+J205+J221+J237+J253+J269+J285+J301+J317+J333+J349+J365+J381+J397+J413+J429+J445+J461+J477+J493+J509+J525+J541+J557+J573+J589+J605+J621+J637+J653+J669+J685+J701+J717+J733+J749+J765+J781+J797+J813 -> 0 | K13: =+K29+K45+K61+K77+K93+K109+K125+K141+K157+K173+K189+K205+K221+K237+K253+K269+K285+K301+K317+K333+K349+K365+K381+K397+K413+K429+K445+K461+K477+K493+K509+K525+K541+K557+K573+K589+K605+K621+K637+K653+K669+K685+K701+K717+K733+K749+K765+K781+K797+K813 -> 0 | L13: =SUM(G13:K13) -> 0 | M13: =ROUND((L13/$E$1),0) -> 0
C14: Home Visits | G14: =+G30+G46+G62+G78+G94+G110+G126+G142+G158+G174+G190+G206+G222+G238+G254+G270+G286+G302+G318+G334+G350+G366+G382+G398+G414+G430+G446+G462+G478+G494+G510+G526+G542+G558+G574+G590+G606+G622+G638+G654+G670+G686+G702+G718+G734+G750+G766+G782+G798+G814 -> 285 | H14: =+H30+H46+H62+H78+H94+H110+H126+H142+H158+H174+H190+H206+H222+H238+H254+H270+H286+H302+H318+H334+H350+H366+H382+H398+H414+H430+H446+H462+H478+H494+H510+H526+H542+H558+H574+H590+H606+H622+H638+H654+H670+H686+H702+H718+H734+H750+H766+H782+H798+H814 -> 293 | I14: =+I30+I46+I62+I78+I94+I110+I126+I142+I158+I174+I190+I206+I222+I238+I254+I270+I286+I302+I318+I334+I350+I366+I382+I398+I414+I430+I446+I462+I478+I494+I510+I526+I542+I558+I574+I590+I606+I622+I638+I654+I670+I686+I702+I718+I734+I750+I766+I782+I798+I814 -> 224 | J14: =+J30+J46+J62+J78+J94+J110+J126+J142+J158+J174+J190+J206+J222+J238+J254+J270+J286+J302+J318+J334+J350+J366+J382+J398+J414+J430+J446+J462+J478+J494+J510+J526+J542+J558+J574+J590+J606+J622+J638+J654+J670+J686+J702+J718+J734+J750+J766+J782+J798+J814 -> 167 | K14: =+K30+K46+K62+K78+K94+K110+K126+K142+K158+K174+K190+K206+K222+K238+K254+K270+K286+K302+K318+K334+K350+K366+K382+K398+K414+K430+K446+K462+K478+K494+K510+K526+K542+K558+K574+K590+K606+K622+K638+K654+K670+K686+K702+K718+K734+K750+K766+K782+K798+K814 -> 283 | L14: =SUM(G14:K14) -> 1252 | M14: =ROUND((L14/$E$1),0) -> 250
C15: Meals / Food Packs | G15: =+G31+G47+G63+G79+G95+G111+G127+G143+G159+G175+G191+G207+G223+G239+G255+G271+G287+G303+G319+G335+G351+G367+G383+G399+G415+G431+G447+G463+G479+G495+G511+G527+G543+G559+G575+G591+G607+G623+G639+G655+G671+G687+G703+G719+G735+G751+G767+G783+G799+G815 -> 1246 | H15: =+H31+H47+H63+H79+H95+H111+H127+H143+H159+H175+H191+H207+H223+H239+H255+H271+H287+H303+H319+H335+H351+H367+H383+H399+H415+H431+H447+H463+H479+H495+H511+H527+H543+H559+H575+H591+H607+H623+H639+H655+H671+H687+H703+H719+H735+H751+H767+H783+H799+H815 -> 1685 | I15: =+I31+I47+I63+I79+I95+I111+I127+I143+I159+I175+I191+I207+I223+I239+I255+I271+I287+I303+I319+I335+I351+I367+I383+I399+I415+I431+I447+I463+I479+I495+I511+I527+I543+I559+I575+I591+I607+I623+I639+I655+I671+I687+I703+I719+I735+I751+I767+I783+I799+I815 -> 2188 | J15: =+J31+J47+J63+J79+J95+J111+J127+J143+J159+J175+J191+J207+J223+J239+J255+J271+J287+J303+J319+J335+J351+J367+J383+J399+J415+J431+J447+J463+J479+J495+J511+J527+J543+J559+J575+J591+J607+J623+J639+J655+J671+J687+J703+J719+J735+J751+J767+J783+J799+J815 -> 1434 | K15: =+K31+K47+K63+K79+K95+K111+K127+K143+K159+K175+K191+K207+K223+K239+K255+K271+K287+K303+K319+K335+K351+K367+K383+K399+K415+K431+K447+K463+K479+K495+K511+K527+K543+K559+K575+K591+K607+K623+K639+K655+K671+K687+K703+K719+K735+K751+K767+K783+K799+K815 -> 1039 | L15: =SUM(G15:K15) -> 7592 | M15: =ROUND((L15/$E$1),0) -> 1518
C16: Preschool Attendance | G16: =+G32+G48+G64+G80+G96+G112+G128+G144+G160+G176+G192+G208+G224+G240+G256+G272+G288+G304+G320+G336+G352+G368+G384+G400+G416+G432+G448+G464+G480+G496+G512+G528+G544+G560+G576+G592+G608+G624+G640+G656+G672+G688+G704+G720+G736+G752+G768+G784+G800+G816 -> 0 | H16: =+H32+H48+H64+H80+H96+H112+H128+H144+H160+H176+H192+H208+H224+H240+H256+H272+H288+H304+H320+H336+H352+H368+H384+H400+H416+H432+H448+H464+H480+H496+H512+H528+H544+H560+H576+H592+H608+H624+H640+H656+H672+H688+H704+H720+H736+H752+H768+H784+H800+H816 -> 0 | I16: =+I32+I48+I64+I80+I96+I112+I128+I144+I160+I176+I192+I208+I224+I240+I256+I272+I288+I304+I320+I336+I352+I368+I384+I400+I416+I432+I448+I464+I480+I496+I512+I528+I544+I560+I576+I592+I608+I624+I640+I656+I672+I688+I704+I720+I736+I752+I768+I784+I800+I816 -> 0 | J16: =+J32+J48+J64+J80+J96+J112+J128+J144+J160+J176+J192+J208+J224+J240+J256+J272+J288+J304+J320+J336+J352+J368+J384+J400+J416+J432+J448+J464+J480+J496+J512+J528+J544+J560+J576+J592+J608+J624+J640+J656+J672+J688+J704+J720+J736+J752+J768+J784+J800+J816 -> 0 | K16: =+K32+K48+K64+K80+K96+K112+K128+K144+K160+K176+K192+K208+K224+K240+K256+K272+K288+K304+K320+K336+K352+K368+K384+K400+K416+K432+K448+K464+K480+K496+K512+K528+K544+K560+K576+K592+K608+K624+K640+K656+K672+K688+K704+K720+K736+K752+K768+K784+K800+K816 -> 0 | L16: =SUM(G16:K16) -> 0 | M16: =ROUND((L16/$E$1),0) -> 0
A19: 1 | C19: Hawane CLC Church | G19: =+$G$3 -> 2024 | H19: =+G19 -> 2024 | I19: =+H19 -> 2024 | J19: =+I19 -> 2024 | K19: =+J19 -> 2024 | L19: =+K19 -> 2024 | M19: =+L19 -> 2024 | S19: =+C19 -> Hawane CLC Church | T19: =+L23 -> 1046 | U19: =+L24+L25 -> 343 | V19: =+L26+L27 -> 703 | W19: =+L30 -> 27 | X19: =+L28 -> 0
C20: =+$C4 -> September 2024 | G20: =+$G$4 -> Sep | H20: =+G20 -> Sep | I20: =+H20 -> Sep | J20: =+I20 -> Sep | K20: =+J20 -> Sep | L20: =+K20 -> Sep | M20: =+L20 -> Sep
G21: =+$G$5 -> 1 | H21: =+$H$5 -> 8 | I21: =+$I$5 -> 15 | J21: =+$J$5 -> 22 | K21: =+$K$5 -> 29 | L21: Total | M21: Average
C23: Church Attendance: | G23: =SUM(G24:G27) -> 190 | H23: =SUM(H24:H27) -> 235 | I23: =SUM(I24:I27) -> 247 | J23: =SUM(J24:J27) -> 161 | K23: =SUM(K24:K27) -> 213 | L23: =SUM(L24:L27) -> 1046 | M23: =ROUND((L23/$E$1),0) -> 209
D24: Men | G24: 26 | H24: 18 | I24: 21 | J24: 28 | K24: 18 | L24: =SUM(G24:K24) -> 111 | M24: =ROUND((L24/$E$1),0) -> 22
D25: Women | G25: 44 | H25: 47 | I25: 59 | J25: 34 | K25: 48 | L25: =SUM(G25:K25) -> 232 | M25: =ROUND((L25/$E$1),0) -> 46
D26: Youth | G26: 66 | H26: 98 | I26: 86 | J26: 63 | K26: 88 | L26: =SUM(G26:K26) -> 401 | M26: =ROUND((L26/$E$1),0) -> 80
D27: Children | G27: 54 | H27: 72 | I27: 81 | J27: 36 | K27: 59 | L27: =SUM(G27:K27) -> 302 | M27: =ROUND((L27/$E$1),0) -> 60
C28: Salvations | L28: =SUM(G28:K28) -> 0 | M28: =ROUND((L28/$E$1),0) -> 0
C29: Baptisms | L29: =SUM(G29:K29) -> 0 | M29: =ROUND((L29/$E$1),0) -> 0
C30: Home Visits | G30: 5 | H30: 6 | I30: 9 | J30: 1 | K30: 6 | L30: =SUM(G30:K30) -> 27 | M30: =ROUND((L30/$E$1),0) -> 5
C31: Meals / Food Packs | L31: =SUM(G31:K31) -> 0 | M31: =ROUND((L31/$E$1),0) -> 0
C32: Preschool Attendance | L32: =SUM(G32:K32) -> 0 | M32: =ROUND((L32/$E$1),0) -> 0
A35: =+A19+1 -> 2 | C35: Ngwenya | G35: =+$G$3 -> 2024 | H35: =+G35 -> 2024 | I35: =+H35 -> 2024 | J35: =+I35 -> 2024 | K35: =+J35 -> 2024 | L35: =+K35 -> 2024 | M35: =+L35 -> 2024 | S35: =+C35 -> Ngwenya | T35: =+L39 -> 405 | U35: =+L40+L41 -> 99 | V35: =+L42+L43 -> 306 | W35: =+L46 -> 62 | X35: =+L44 -> 7
C36: =+$C20 -> September 2024 | G36: =+$G$4 -> Sep | H36: =+G36 -> Sep | I36: =+H36 -> Sep | J36: =+I36 -> Sep | K36: =+J36 -> Sep | L36: =+K36 -> Sep | M36: =+L36 -> Sep
G37: =+$G$5 -> 1 | H37: =+$H$5 -> 8 | I37: =+$I$5 -> 15 | J37: =+$J$5 -> 22 | K37: =+$K$5 -> 29 | L37: Total | M37: Average
C39: Church Attendance: | G39: =SUM(G40:G43) -> 82 | H39: =SUM(H40:H43) -> 81 | I39: =SUM(I40:I43) -> 86 | J39: =SUM(J40:J43) -> 56 | K39: =SUM(K40:K43) -> 100 | L39: =SUM(L40:L43) -> 405 | M39: =ROUND((L39/$E$1),0) -> 81
D40: Men | G40: 6 | H40: 4 | I40: 6 | J40: 3 | K40: 5 | L40: =SUM(G40:K40) -> 24 | M40: =ROUND((L40/$E$1),0) -> 5
D41: Women | G41: 16 | H41: 15 | I41: 16 | J41: 10 | K41: 18 | L41: =SUM(G41:K41) -> 75 | M41: =ROUND((L41/$E$1),0) -> 15
D42: Youth | G42: 20 | H42: 22 | I42: 20 | J42: 13 | K42: 35 | L42: =SUM(G42:K42) -> 110 | M42: =ROUND((L42/$E$1),0) -> 22
D43: Children | G43: 40 | H43: 40 | I43: 44 | J43: 30 | K43: 42 | L43: =SUM(G43:K43) -> 196 | M43: =ROUND((L43/$E$1),0) -> 39
C44: Salvations | I44: 2 | K44: 5 | L44: =SUM(G44:K44) -> 7 | M44: =ROUND((L44/$E$1),0) -> 1
C45: Baptisms | L45: =SUM(G45:K45) -> 0 | M45: =ROUND((L45/$E$1),0) -> 0
C46: Home Visits | G46: 12 | H46: 11 | I46: 12 | J46: 13 | K46: 14 | L46: =SUM(G46:K46) -> 62 | M46: =ROUND((L46/$E$1),0) -> 12
C47: Meals / Food Packs | G47: 108 | H47: 72 | I47: 144 | J47: 96 | K47: 128 | L47: =SUM(G47:K47) -> 548 | M47: =ROUND((L47/$E$1),0) -> 110
C48: Preschool Attendance | L48: =SUM(G48:K48) -> 0 | M48: =ROUND((L48/$E$1),0) -> 0
A51: =+A35+1 -> 3 | C51: Lavumisa | G51: =+$G$3 -> 2024 | H51: =+G51 -> 2024 | I51: =+H51 -> 2024 | J51: =+I51 -> 2024 | K51: =+J51 -> 2024 | L51: =+K51 -> 2024 | M51: =+L51 -> 2024 | S51: =+C51 -> Lavumisa | T51: =+L55 -> 348 | U51: =+L56+L57 -> 90 | V51: =+L58+L59 -> 258 | W51: =+L62 -> 32 | X51: =+L60 -> 0
C52: =+$C36 -> September 2024 | G52: =+$G$4 -> Sep | H52: =+G52 -> Sep | I52: =+H52 -> Sep | J52: =+I52 -> Sep | K52: =+J52 -> Sep | L52: =+K52 -> Sep | M52: =+L52 -> Sep
G53: =+$G$5 -> 1 | H53: =+$H$5 -> 8 | I53: =+$I$5 -> 15 | J53: =+$J$5 -> 22 | K53: =+$K$5 -> 29 | L53: Total | M53: Average
C55: Church Attendance: | G55: =SUM(G56:G59) -> 80 | H55: =SUM(H56:H59) -> 88 | I55: =SUM(I56:I59) -> 76 | J55: =SUM(J56:J59) -> 30 | K55: =SUM(K56:K59) -> 74 | L55: =SUM(L56:L59) -> 348 | M55: =ROUND((L55/$E$1),0) -> 70
D56: Men | G56: 4 | H56: 4 | I56: 2 | J56: 3 | K56: 3 | L56: =SUM(G56:K56) -> 16 | M56: =ROUND((L56/$E$1),0) -> 3
D57: Women | G57: 16 | H57: 17 | I57: 15 | J57: 9 | K57: 17 | L57: =SUM(G57:K57) -> 74 | M57: =ROUND((L57/$E$1),0) -> 15
D58: Youth | G58: 18 | H58: 48 | I58: 26 | J58: 12 | K58: 21 | L58: =SUM(G58:K58) -> 125 | M58: =ROUND((L58/$E$1),0) -> 25
D59: Children | G59: 42 | H59: 19 | I59: 33 | J59: 6 | K59: 33 | L59: =SUM(G59:K59) -> 133 | M59: =ROUND((L59/$E$1),0) -> 27
C60: Salvations | L60: =SUM(G60:K60) -> 0 | M60: =ROUND((L60/$E$1),0) -> 0
C61: Baptisms | L61: =SUM(G61:K61) -> 0 | M61: =ROUND((L61/$E$1),0) -> 0
C62: Home Visits | G62: 4 | H62: 8 | I62: 6 | J62: 6 | K62: 8 | L62: =SUM(G62:K62) -> 32 | M62: =ROUND((L62/$E$1),0) -> 6
C63: Meals / Food Packs | L63: =SUM(G63:K63) -> 0 | M63: =ROUND((L63/$E$1),0) -> 0
C64: Preschool Attendance | L64: =SUM(G64:K64) -> 0 | M64: =ROUND((L64/$E$1),0) -> 0
A67: =+A51+1 -> 4 | C67: Engcamini | G67: =+$G$3 -> 2024 | H67: =+G67 -> 2024 | I67: =+H67 -> 2024 | J67: =+I67 -> 2024 | K67: =+J67 -> 2024 | L67: =+K67 -> 2024 | M67: =+L67 -> 2024 | S67: =+C67 -> Engcamini | T67: =+L71 -> 471 | U67: =+L72+L73 -> 75 | V67: =+L74+L75 -> 396 | W67: =+L78 -> 6 | X67: =+L76 -> 29
C68: =+$C52 -> September 2024 | G68: =+$G$4 -> Sep | H68: =+G68 -> Sep | I68: =+H68 -> Sep | J68: =+I68 -> Sep | K68: =+J68 -> Sep | L68: =+K68 -> Sep | M68: =+L68 -> Sep
G69: =+$G$5 -> 1 | H69: =+$H$5 -> 8 | I69: =+$I$5 -> 15 | J69: =+$J$5 -> 22 | K69: =+$K$5 -> 29 | L69: Total | M69: Average
C71: Church Attendance: | G71: =SUM(G72:G75) -> 95 | H71: =SUM(H72:H75) -> 103 | I71: =SUM(I72:I75) -> 89 | J71: =SUM(J72:J75) -> 79 | K71: =SUM(K72:K75) -> 105 | L71: =SUM(L72:L75) -> 471 | M71: =ROUND((L71/$E$1),0) -> 94
D72: Men | G72: 3 | H72: 3 | I72: 4 | J72: 3 | K72: 3 | L72: =SUM(G72:K72) -> 16 | M72: =ROUND((L72/$E$1),0) -> 3
D73: Women | G73: 15 | H73: 13 | I73: 9 | J73: 10 | K73: 12 | L73: =SUM(G73:K73) -> 59 | M73: =ROUND((L73/$E$1),0) -> 12
D74: Youth | G74: 9 | H74: 10 | I74: 14 | J74: 4 | K74: 11 | L74: =SUM(G74:K74) -> 48 | M74: =ROUND((L74/$E$1),0) -> 10
D75: Children | G75: 68 | H75: 77 | I75: 62 | J75: 62 | K75: 79 | L75: =SUM(G75:K75) -> 348 | M75: =ROUND((L75/$E$1),0) -> 70
C76: Salvations | H76: 6 | J76: 15 | K76: 8 | L76: =SUM(G76:K76) -> 29 | M76: =ROUND((L76/$E$1),0) -> 6
C77: Baptisms | L77: =SUM(G77:K77) -> 0 | M77: =ROUND((L77/$E$1),0) -> 0
C78: Home Visits | H78: 2 | I78: 2 | K78: 2 | L78: =SUM(G78:K78) -> 6 | M78: =ROUND((L78/$E$1),0) -> 1
C79: Meals / Food Packs | H79: 120 | I79: 320 | L79: =SUM(G79:K79) -> 440 | M79: =ROUND((L79/$E$1),0) -> 88
C80: Preschool Attendance | L80: =SUM(G80:K80) -> 0 | M80: =ROUND((L80/$E$1),0) -> 0
A83: =+A67+1 -> 5 | C83: Pine Valley | G83: =+$G$3 -> 2024 | H83: =+G83 -> 2024 | I83: =+H83 -> 2024 | J83: =+I83 -> 2024 | K83: =+J83 -> 2024 | L83: =+K83 -> 2024 | M83: =+L83 -> 2024 | S83: =+C83 -> Pine Valley | T83: =+L87 -> 0 | U83: =+L88+L89 -> 0 | V83: =+L90+L91 -> 0 | W83: =+L94 -> 0 | X83: =+L92 -> 0
C84: =+$C68 -> September 2024 | G84: =+$G$4 -> Sep | H84: =+G84 -> Sep | I84: =+H84 -> Sep | J84: =+I84 -> Sep | K84: =+J84 -> Sep | L84: =+K84 -> Sep | M84: =+L84 -> Sep
G85: =+$G$5 -> 1 | H85: =+$H$5 -> 8 | I85: =+$I$5 -> 15 | J85: =+$J$5 -> 22 | K85: =+$K$5 -> 29 | L85: Total | M85: Average
C87: Church Attendance: | G87: =SUM(G88:G91) -> 0 | H87: =SUM(H88:H91) -> 0 | I87: =SUM(I88:I91) -> 0 | J87: =SUM(J88:J91) -> 0 | K87: =SUM(K88:K91) -> 0 | L87: =SUM(L88:L91) -> 0 | M87: =ROUND((L87/$E$1),0) -> 0
D88: Men | L88: =SUM(G88:K88) -> 0 | M88: =ROUND((L88/$E$1),0) -> 0
D89: Women | L89: =SUM(G89:K89) -> 0 | M89: =ROUND((L89/$E$1),0) -> 0
D90: Youth | L90: =SUM(G90:K90) -> 0 | M90: =ROUND((L90/$E$1),0) -> 0
D91: Children | L91: =SUM(G91:K91) -> 0 | M91: =ROUND((L91/$E$1),0) -> 0
C92: Salvations | L92: =SUM(G92:K92) -> 0 | M92: =ROUND((L92/$E$1),0) -> 0
C93: Baptisms | L93: =SUM(G93:K93) -> 0 | M93: =ROUND((L93/$E$1),0) -> 0
C94: Home Visits | L94: =SUM(G94:K94) -> 0 | M94: =ROUND((L94/$E$1),0) -> 0
C95: Meals / Food Packs | L95: =SUM(G95:K95) -> 0 | M95: =ROUND((L95/$E$1),0) -> 0
C96: Preschool Attendance | L96: =SUM(G96:K96) -> 0 | M96: =ROUND((L96/$E$1),0) -> 0
A99: =+A83+1 -> 6 | C99: Ngwempisi | G99: =+$G$3 -> 2024 | H99: =+G99 -> 2024 | I99: =+H99 -> 2024 | J99: =+I99 -> 2024 | K99: =+J99 -> 2024 | L99: =+K99 -> 2024 | M99: =+L99 -> 2024 | S99: =+C99 -> Ngwempisi | T99: =+L103 -> 369 | U99: =+L104+L105 -> 127 | V99: =+L106+L107 -> 242 | W99: =+L110 -> 25 | X99: =+L108 -> 0
C100: =+$C84 -> September 2024 | G100: =+$G$4 -> Sep | H100: =+G100 -> Sep | I100: =+H100 -> Sep | J100: =+I100 -> Sep | K100: =+J100 -> Sep | L100: =+K100 -> Sep | M100: =+L100 -> Sep
G101: =+$G$5 -> 1 | H101: =+$H$5 -> 8 | I101: =+$I$5 -> 15 | J101: =+$J$5 -> 22 | K101: =+$K$5 -> 29 | L101: Total | M101: Average
C103: Church Attendance: | G103: =SUM(G104:G107) -> 79 | H103: =SUM(H104:H107) -> 70 | I103: =SUM(I104:I107) -> 67 | J103: =SUM(J104:J107) -> 74 | K103: =SUM(K104:K107) -> 79 | L103: =SUM(L104:L107) -> 369 | M103: =ROUND((L103/$E$1),0) -> 74
D104: Men | G104: 4 | H104: 2 | I104: 4 | J104: 3 | K104: 4 | L104: =SUM(G104:K104) -> 17 | M104: =ROUND((L104/$E$1),0) -> 3
D105: Women | G105: 23 | H105: 23 | I105: 18 | J105: 23 | K105: 23 | L105: =SUM(G105:K105) -> 110 | M105: =ROUND((L105/$E$1),0) -> 22
D106: Youth | G106: 16 | H106: 12 | I106: 16 | J106: 16 | K106: 16 | L106: =SUM(G106:K106) -> 76 | M106: =ROUND((L106/$E$1),0) -> 15
D107: Children | G107: 36 | H107: 33 | I107: 29 | J107: 32 | K107: 36 | L107: =SUM(G107:K107) -> 166 | M107: =ROUND((L107/$E$1),0) -> 33
C108: Salvations | L108: =SUM(G108:K108) -> 0 | M108: =ROUND((L108/$E$1),0) -> 0
C109: Baptisms | L109: =SUM(G109:K109) -> 0 | M109: =ROUND((L109/$E$1),0) -> 0
C110: Home Visits | H110: 6 | J110: 7 | K110: 12 | L110: =SUM(G110:K110) -> 25 | M110: =ROUND((L110/$E$1),0) -> 5
C111: Meals / Food Packs | L111: =SUM(G111:K111) -> 0 | M111: =ROUND((L111/$E$1),0) -> 0
C112: Preschool Attendance | L112: =SUM(G112:K112) -> 0 | M112: =ROUND((L112/$E$1),0) -> 0
A115: =+A99+1 -> 7 | C115: Gebeni | G115: =+$G$3 -> 2024 | H115: =+G115 -> 2024 | I115: =+H115 -> 2024 | J115: =+I115 -> 2024 | K115: =+J115 -> 2024 | L115: =+K115 -> 2024 | M115: =+L115 -> 2024 | S115: =+C115 -> Gebeni | T115: =+L119 -> 319 | U115: =+L120+L121 -> 86 | V115: =+L122+L123 -> 233 | W115: =+L126 -> 23 | X115: =+L124 -> 12
C116: =+$C100 -> September 2024 | G116: =+$G$4 -> Sep | H116: =+G116 -> Sep | I116: =+H116 -> Sep | J116: =+I116 -> Sep | K116: =+J116 -> Sep | L116: =+K116 -> Sep | M116: =+L116 -> Sep
G117: =+$G$5 -> 1 | H117: =+$H$5 -> 8 | I117: =+$I$5 -> 15 | J117: =+$J$5 -> 22 | K117: =+$K$5 -> 29 | L117: Total | M117: Average
C119: Church Attendance: | G119: =SUM(G120:G123) -> 67 | H119: =SUM(H120:H123) -> 59 | I119: =SUM(I120:I123) -> 66 | J119: =SUM(J120:J123) -> 57 | K119: =SUM(K120:K123) -> 70 | L119: =SUM(L120:L123) -> 319 | M119: =ROUND((L119/$E$1),0) -> 64
D120: Men | G120: 4 | H120: 5 | I120: 5 | J120: 4 | K120: 6 | L120: =SUM(G120:K120) -> 24 | M120: =ROUND((L120/$E$1),0) -> 5
D121: Women | G121: 10 | H121: 14 | I121: 15 | J121: 8 | K121: 15 | L121: =SUM(G121:K121) -> 62 | M121: =ROUND((L121/$E$1),0) -> 12
D122: Youth | G122: 23 | H122: 27 | I122: 18 | J122: 17 | K122: 20 | L122: =SUM(G122:K122) -> 105 | M122: =ROUND((L122/$E$1),0) -> 21
D123: Children | G123: 30 | H123: 13 | I123: 28 | J123: 28 | K123: 29 | L123: =SUM(G123:K123) -> 128 | M123: =ROUND((L123/$E$1),0) -> 26
...

Sheet Oct-24
D1: Number of Sundays | E1: 4 | S1: ICBC | T1: =+C7 -> Church Attendance: | U1: Adults | V1: Youth & Children | W1: Home Visits | X1: =+C12 -> Salvations
C3: Total ICBC | G3: 2024 | H3: =+G3 -> 2024 | I3: =+H3 -> 2024 | J3: =+I3 -> 2024 | K3: =+J3 -> 2024 | L3: =+K3 -> 2024 | M3: =+L3 -> 2024 | S3: =+C3 -> Total ICBC | T3: =+L7 -> 11252 | U3: =+L8+L9 -> 2634 | V3: =+L10+L11 -> 8618 | W3: =+L14 -> 566 | X3: =+L12 -> 196
C4: October 2024 | G4: Oct | H4: =+G4 -> Oct | I4: =+H4 -> Oct | J4: =+I4 -> Oct | K4: =+J4 -> Oct | L4: =+K4 -> Oct | M4: =+L4 -> Oct
G5: 6 | H5: 13 | I5: 20 | J5: 27 | K5: 0 | L5: Total | M5: Average
C7: Church Attendance: | G7: =SUM(G8:G11) -> 3164 | H7: =SUM(H8:H11) -> 2866 | I7: =SUM(I8:I11) -> 2624 | J7: =SUM(J8:J11) -> 2598 | K7: =SUM(K8:K11) -> 0 | L7: =SUM(L8:L11) -> 11252 | M7: =ROUND((L7/$E$1),0) -> 2813
D8: Men | G8: =+G24+G40+G56+G72+G88+G104+G120+G136+G152+G168+G184+G200+G216+G232+G248+G264+G280+G296+G312+G328+G344+G360+G376+G392+G408+G424+G440+G456+G472+G488+G504+G520+G536+G552+G568+G584+G600+G616+G632+G648+G664+G680+G696+G712+G728+G744+G760+G776+G792+G808 -> 199 | H8: =+H24+H40+H56+H72+H88+H104+H120+H136+H152+H168+H184+H200+H216+H232+H248+H264+H280+H296+H312+H328+H344+H360+H376+H392+H408+H424+H440+H456+H472+H488+H504+H520+H536+H552+H568+H584+H600+H616+H632+H648+H664+H680+H696+H712+H728+H744+H760+H776+H792+H808 -> 211 | I8: =+I24+I40+I56+I72+I88+I104+I120+I136+I152+I168+I184+I200+I216+I232+I248+I264+I280+I296+I312+I328+I344+I360+I376+I392+I408+I424+I440+I456+I472+I488+I504+I520+I536+I552+I568+I584+I600+I616+I632+I648+I664+I680+I696+I712+I728+I744+I760+I776+I792+I808 -> 177 | J8: =+J24+J40+J56+J72+J88+J104+J120+J136+J152+J168+J184+J200+J216+J232+J248+J264+J280+J296+J312+J328+J344+J360+J376+J392+J408+J424+J440+J456+J472+J488+J504+J520+J536+J552+J568+J584+J600+J616+J632+J648+J664+J680+J696+J712+J728+J744+J760+J776+J792+J808 -> 162 | K8: =+K24+K40+K56+K72+K88+K104+K120+K136+K152+K168+K184+K200+K216+K232+K248+K264+K280+K296+K312+K328+K344+K360+K376+K392+K408+K424+K440+K456+K472+K488+K504+K520+K536+K552+K568+K584+K600+K616+K632+K648+K664+K680+K696+K712+K728+K744+K760+K776+K792+K808 -> 0 | L8: =SUM(G8:K8) -> 749 | M8: =ROUND((L8/$E$1),0) -> 187
D9: Women | G9: =+G25+G41+G57+G73+G89+G105+G121+G137+G153+G169+G185+G201+G217+G233+G249+G265+G281+G297+G313+G329+G345+G361+G377+G393+G409+G425+G441+G457+G473+G489+G505+G521+G537+G553+G569+G585+G601+G617+G633+G649+G665+G681+G697+G713+G729+G745+G761+G777+G793+G809 -> 502 | H9: =+H25+H41+H57+H73+H89+H105+H121+H137+H153+H169+H185+H201+H217+H233+H249+H265+H281+H297+H313+H329+H345+H361+H377+H393+H409+H425+H441+H457+H473+H489+H505+H521+H537+H553+H569+H585+H601+H617+H633+H649+H665+H681+H697+H713+H729+H745+H761+H777+H793+H809 -> 491 | I9: =+I25+I41+I57+I73+I89+I105+I121+I137+I153+I169+I185+I201+I217+I233+I249+I265+I281+I297+I313+I329+I345+I361+I377+I393+I409+I425+I441+I457+I473+I489+I505+I521+I537+I553+I569+I585+I601+I617+I633+I649+I665+I681+I697+I713+I729+I745+I761+I777+I793+I809 -> 466 | J9: =+J25+J41+J57+J73+J89+J105+J121+J137+J153+J169+J185+J201+J217+J233+J249+J265+J281+J297+J313+J329+J345+J361+J377+J393+J409+J425+J441+J457+J473+J489+J505+J521+J537+J553+J569+J585+J601+J617+J633+J649+J665+J681+J697+J713+J729+J745+J761+J777+J793+J809 -> 426 | K9: =+K25+K41+K57+K73+K89+K105+K121+K137+K153+K169+K185+K201+K217+K233+K249+K265+K281+K297+K313+K329+K345+K361+K377+K393+K409+K425+K441+K457+K473+K489+K505+K521+K537+K553+K569+K585+K601+K617+K633+K649+K665+K681+K697+K713+K729+K745+K761+K777+K793+K809 -> 0 | L9: =SUM(G9:K9) -> 1885 | M9: =ROUND((L9/$E$1),0) -> 471
D10: Youth | G10: =+G26+G42+G58+G74+G90+G106+G122+G138+G154+G170+G186+G202+G218+G234+G250+G266+G282+G298+G314+G330+G346+G362+G378+G394+G410+G426+G442+G458+G474+G490+G506+G522+G538+G554+G570+G586+G602+G618+G634+G650+G666+G682+G698+G714+G730+G746+G762+G778+G794+G810 -> 953 | H10: =+H26+H42+H58+H74+H90+H106+H122+H138+H154+H170+H186+H202+H218+H234+H250+H266+H282+H298+H314+H330+H346+H362+H378+H394+H410+H426+H442+H458+H474+H490+H506+H522+H538+H554+H570+H586+H602+H618+H634+H650+H666+H682+H698+H714+H730+H746+H762+H778+H794+H810 -> 695 | I10: =+I26+I42+I58+I74+I90+I106+I122+I138+I154+I170+I186+I202+I218+I234+I250+I266+I282+I298+I314+I330+I346+I362+I378+I394+I410+I426+I442+I458+I474+I490+I506+I522+I538+I554+I570+I586+I602+I618+I634+I650+I666+I682+I698+I714+I730+I746+I762+I778+I794+I810 -> 646 | J10: =+J26+J42+J58+J74+J90+J106+J122+J138+J154+J170+J186+J202+J218+J234+J250+J266+J282+J298+J314+J330+J346+J362+J378+J394+J410+J426+J442+J458+J474+J490+J506+J522+J538+J554+J570+J586+J602+J618+J634+J650+J666+J682+J698+J714+J730+J746+J762+J778+J794+J810 -> 617 | K10: =+K26+K42+K58+K74+K90+K106+K122+K138+K154+K170+K186+K202+K218+K234+K250+K266+K282+K298+K314+K330+K346+K362+K378+K394+K410+K426+K442+K458+K474+K490+K506+K522+K538+K554+K570+K586+K602+K618+K634+K650+K666+K682+K698+K714+K730+K746+K762+K778+K794+K810 -> 0 | L10: =SUM(G10:K10) -> 2911 | M10: =ROUND((L10/$E$1),0) -> 728
D11: Children | G11: =+G27+G43+G59+G75+G91+G107+G123+G139+G155+G171+G187+G203+G219+G235+G251+G267+G283+G299+G315+G331+G347+G363+G379+G395+G411+G427+G443+G459+G475+G491+G507+G523+G539+G555+G571+G587+G603+G619+G635+G651+G667+G683+G699+G715+G731+G747+G763+G779+G795+G811 -> 1510 | H11: =+H27+H43+H59+H75+H91+H107+H123+H139+H155+H171+H187+H203+H219+H235+H251+H267+H283+H299+H315+H331+H347+H363+H379+H395+H411+H427+H443+H459+H475+H491+H507+H523+H539+H555+H571+H587+H603+H619+H635+H651+H667+H683+H699+H715+H731+H747+H763+H779+H795+H811 -> 1469 | I11: =+I27+I43+I59+I75+I91+I107+I123+I139+I155+I171+I187+I203+I219+I235+I251+I267+I283+I299+I315+I331+I347+I363+I379+I395+I411+I427+I443+I459+I475+I491+I507+I523+I539+I555+I571+I587+I603+I619+I635+I651+I667+I683+I699+I715+I731+I747+I763+I779+I795+I811 -> 1335 | J11: =+J27+J43+J59+J75+J91+J107+J123+J139+J155+J171+J187+J203+J219+J235+J251+J267+J283+J299+J315+J331+J347+J363+J379+J395+J411+J427+J443+J459+J475+J491+J507+J523+J539+J555+J571+J587+J603+J619+J635+J651+J667+J683+J699+J715+J731+J747+J763+J779+J795+J811 -> 1393 | K11: =+K27+K43+K59+K75+K91+K107+K123+K139+K155+K171+K187+K203+K219+K235+K251+K267+K283+K299+K315+K331+K347+K363+K379+K395+K411+K427+K443+K459+K475+K491+K507+K523+K539+K555+K571+K587+K603+K619+K635+K651+K667+K683+K699+K715+K731+K747+K763+K779+K795+K811 -> 0 | L11: =SUM(G11:K11) -> 5707 | M11: =ROUND((L11/$E$1),0) -> 1427
C12: Salvations | G12: =+G28+G44+G60+G76+G92+G108+G124+G140+G156+G172+G188+G204+G220+G236+G252+G268+G284+G300+G316+G332+G348+G364+G380+G396+G412+G428+G444+G460+G476+G492+G508+G524+G540+G556+G572+G588+G604+G620+G636+G652+G668+G684+G700+G716+G732+G748+G764+G780+G796+G812 -> 112 | H12: =+H28+H44+H60+H76+H92+H108+H124+H140+H156+H172+H188+H204+H220+H236+H252+H268+H284+H300+H316+H332+H348+H364+H380+H396+H412+H428+H444+H460+H476+H492+H508+H524+H540+H556+H572+H588+H604+H620+H636+H652+H668+H684+H700+H716+H732+H748+H764+H780+H796+H812 -> 34 | I12: =+I28+I44+I60+I76+I92+I108+I124+I140+I156+I172+I188+I204+I220+I236+I252+I268+I284+I300+I316+I332+I348+I364+I380+I396+I412+I428+I444+I460+I476+I492+I508+I524+I540+I556+I572+I588+I604+I620+I636+I652+I668+I684+I700+I716+I732+I748+I764+I780+I796+I812 -> 33 | J12: =+J28+J44+J60+J76+J92+J108+J124+J140+J156+J172+J188+J204+J220+J236+J252+J268+J284+J300+J316+J332+J348+J364+J380+J396+J412+J428+J444+J460+J476+J492+J508+J524+J540+J556+J572+J588+J604+J620+J636+J652+J668+J684+J700+J716+J732+J748+J764+J780+J796+J812 -> 17 | K12: =+K28+K44+K60+K76+K92+K108+K124+K140+K156+K172+K188+K204+K220+K236+K252+K268+K284+K300+K316+K332+K348+K364+K380+K396+K412+K428+K444+K460+K476+K492+K508+K524+K540+K556+K572+K588+K604+K620+K636+K652+K668+K684+K700+K716+K732+K748+K764+K780+K796+K812 -> 0 | L12: =SUM(G12:K12) -> 196 | M12: =ROUND((L12/$E$1),0) -> 49
C13: Baptisms | G13: =+G29+G45+G61+G77+G93+G109+G125+G141+G157+G173+G189+G205+G221+G237+G253+G269+G285+G301+G317+G333+G349+G365+G381+G397+G413+G429+G445+G461+G477+G493+G509+G525+G541+G557+G573+G589+G605+G621+G637+G653+G669+G685+G701+G717+G733+G749+G765+G781+G797+G813 -> 0 | H13: =+H29+H45+H61+H77+H93+H109+H125+H141+H157+H173+H189+H205+H221+H237+H253+H269+H285+H301+H317+H333+H349+H365+H381+H397+H413+H429+H445+H461+H477+H493+H509+H525+H541+H557+H573+H589+H605+H621+H637+H653+H669+H685+H701+H717+H733+H749+H765+H781+H797+H813 -> 0 | I13: =+I29+I45+I61+I77+I93+I109+I125+I141+I157+I173+I189+I205+I221+I237+I253+I269+I285+I301+I317+I333+I349+I365+I381+I397+I413+I429+I445+I461+I477+I493+I509+I525+I541+I557+I573+I589+I605+I621+I637+I653+I669+I685+I701+I717+I733+I749+I765+I781+I797+I813 -> 0 | J13: =+J29+J45+J61+J77+J93+J109+J125+J141+J157+J173+J189+J205+J221+J237+J253+J269+J285+J301+J317+J333+J349+J365+J381+J397+J413+J429+J445+J461+J477+J493+J509+J525+J541+J557+J573+J589+J605+J621+J637+J653+J669+J685+J701+J717+J733+J749+J765+J781+J797+J813 -> 0 | K13: =+K29+K45+K61+K77+K93+K109+K125+K141+K157+K173+K189+K205+K221+K237+K253+K269+K285+K301+K317+K333+K349+K365+K381+K397+K413+K429+K445+K461+K477+K493+K509+K525+K541+K557+K573+K589+K605+K621+K637+K653+K669+K685+K701+K717+K733+K749+K765+K781+K797+K813 -> 0 | L13: =SUM(G13:K13) -> 0 | M13: =ROUND((L13/$E$1),0) -> 0
C14: Home Visits | G14: =+G30+G46+G62+G78+G94+G110+G126+G142+G158+G174+G190+G206+G222+G238+G254+G270+G286+G302+G318+G334+G350+G366+G382+G398+G414+G430+G446+G462+G478+G494+G510+G526+G542+G558+G574+G590+G606+G622+G638+G654+G670+G686+G702+G718+G734+G750+G766+G782+G798+G814 -> 116 | H14: =+H30+H46+H62+H78+H94+H110+H126+H142+H158+H174+H190+H206+H222+H238+H254+H270+H286+H302+H318+H334+H350+H366+H382+H398+H414+H430+H446+H462+H478+H494+H510+H526+H542+H558+H574+H590+H606+H622+H638+H654+H670+H686+H702+H718+H734+H750+H766+H782+H798+H814 -> 198 | I14: =+I30+I46+I62+I78+I94+I110+I126+I142+I158+I174+I190+I206+I222+I238+I254+I270+I286+I302+I318+I334+I350+I366+I382+I398+I414+I430+I446+I462+I478+I494+I510+I526+I542+I558+I574+I590+I606+I622+I638+I654+I670+I686+I702+I718+I734+I750+I766+I782+I798+I814 -> 119 | J14: =+J30+J46+J62+J78+J94+J110+J126+J142+J158+J174+J190+J206+J222+J238+J254+J270+J286+J302+J318+J334+J350+J366+J382+J398+J414+J430+J446+J462+J478+J494+J510+J526+J542+J558+J574+J590+J606+J622+J638+J654+J670+J686+J702+J718+J734+J750+J766+J782+J798+J814 -> 133 | K14: =+K30+K46+K62+K78+K94+K110+K126+K142+K158+K174+K190+K206+K222+K238+K254+K270+K286+K302+K318+K334+K350+K366+K382+K398+K414+K430+K446+K462+K478+K494+K510+K526+K542+K558+K574+K590+K606+K622+K638+K654+K670+K686+K702+K718+K734+K750+K766+K782+K798+K814 -> 0 | L14: =SUM(G14:K14) -> 566 | M14: =ROUND((L14/$E$1),0) -> 142
C15: Meals / Food Packs | G15: =+G31+G47+G63+G79+G95+G111+G127+G143+G159+G175+G191+G207+G223+G239+G255+G271+G287+G303+G319+G335+G351+G367+G383+G399+G415+G431+G447+G463+G479+G495+G511+G527+G543+G559+G575+G591+G607+G623+G639+G655+G671+G687+G703+G719+G735+G751+G767+G783+G799+G815 -> 1798 | H15: =+H31+H47+H63+H79+H95+H111+H127+H143+H159+H175+H191+H207+H223+H239+H255+H271+H287+H303+H319+H335+H351+H367+H383+H399+H415+H431+H447+H463+H479+H495+H511+H527+H543+H559+H575+H591+H607+H623+H639+H655+H671+H687+H703+H719+H735+H751+H767+H783+H799+H815 -> 1832 | I15: =+I31+I47+I63+I79+I95+I111+I127+I143+I159+I175+I191+I207+I223+I239+I255+I271+I287+I303+I319+I335+I351+I367+I383+I399+I415+I431+I447+I463+I479+I495+I511+I527+I543+I559+I575+I591+I607+I623+I639+I655+I671+I687+I703+I719+I735+I751+I767+I783+I799+I815 -> 1871 | J15: =+J31+J47+J63+J79+J95+J111+J127+J143+J159+J175+J191+J207+J223+J239+J255+J271+J287+J303+J319+J335+J351+J367+J383+J399+J415+J431+J447+J463+J479+J495+J511+J527+J543+J559+J575+J591+J607+J623+J639+J655+J671+J687+J703+J719+J735+J751+J767+J783+J799+J815 -> 1600 | K15: =+K31+K47+K63+K79+K95+K111+K127+K143+K159+K175+K191+K207+K223+K239+K255+K271+K287+K303+K319+K335+K351+K367+K383+K399+K415+K431+K447+K463+K479+K495+K511+K527+K543+K559+K575+K591+K607+K623+K639+K655+K671+K687+K703+K719+K735+K751+K767+K783+K799+K815 -> 0 | L15: =SUM(G15:K15) -> 7101 | M15: =ROUND((L15/$E$1),0) -> 1775
C16: Preschool Attendance | G16: =+G32+G48+G64+G80+G96+G112+G128+G144+G160+G176+G192+G208+G224+G240+G256+G272+G288+G304+G320+G336+G352+G368+G384+G400+G416+G432+G448+G464+G480+G496+G512+G528+G544+G560+G576+G592+G608+G624+G640+G656+G672+G688+G704+G720+G736+G752+G768+G784+G800+G816 -> 0 | H16: =+H32+H48+H64+H80+H96+H112+H128+H144+H160+H176+H192+H208+H224+H240+H256+H272+H288+H304+H320+H336+H352+H368+H384+H400+H416+H432+H448+H464+H480+H496+H512+H528+H544+H560+H576+H592+H608+H624+H640+H656+H672+H688+H704+H720+H736+H752+H768+H784+H800+H816 -> 0 | I16: =+I32+I48+I64+I80+I96+I112+I128+I144+I160+I176+I192+I208+I224+I240+I256+I272+I288+I304+I320+I336+I352+I368+I384+I400+I416+I432+I448+I464+I480+I496+I512+I528+I544+I560+I576+I592+I608+I624+I640+I656+I672+I688+I704+I720+I736+I752+I768+I784+I800+I816 -> 0 | J16: =+J32+J48+J64+J80+J96+J112+J128+J144+J160+J176+J192+J208+J224+J240+J256+J272+J288+J304+J320+J336+J352+J368+J384+J400+J416+J432+J448+J464+J480+J496+J512+J528+J544+J560+J576+J592+J608+J624+J640+J656+J672+J688+J704+J720+J736+J752+J768+J784+J800+J816 -> 0 | K16: =+K32+K48+K64+K80+K96+K112+K128+K144+K160+K176+K192+K208+K224+K240+K256+K272+K288+K304+K320+K336+K352+K368+K384+K400+K416+K432+K448+K464+K480+K496+K512+K528+K544+K560+K576+K592+K608+K624+K640+K656+K672+K688+K704+K720+K736+K752+K768+K784+K800+K816 -> 0 | L16: =SUM(G16:K16) -> 0 | M16: =ROUND((L16/$E$1),0) -> 0
A19: 1 | C19: Hawane CLC Church | G19: =+$G$3 -> 2024 | H19: =+G19 -> 2024 | I19: =+H19 -> 2024 | J19: =+I19 -> 2024 | K19: =+J19 -> 2024 | L19: =+K19 -> 2024 | M19: =+L19 -> 2024 | S19: =+C19 -> Hawane CLC Church | T19: =+L23 -> 893 | U19: =+L24+L25 -> 298 | V19: =+L26+L27 -> 595 | W19: =+L30 -> 12 | X19: =+L28 -> 0
C20: =+$C4 -> October 2024 | G20: =+$G$4 -> Oct | H20: =+G20 -> Oct | I20: =+H20 -> Oct | J20: =+I20 -> Oct | K20: =+J20 -> Oct | L20: =+K20 -> Oct | M20: =+L20 -> Oct
G21: =+$G$5 -> 6 | H21: =+$H$5 -> 13 | I21: =+$I$5 -> 20 | J21: =+$J$5 -> 27 | K21: =+$K$5 -> 0 | L21: Total | M21: Average
C23: Church Attendance: | G23: =SUM(G24:G27) -> 222 | H23: =SUM(H24:H27) -> 249 | I23: =SUM(I24:I27) -> 204 | J23: =SUM(J24:J27) -> 218 | K23: =SUM(K24:K27) -> 0 | L23: =SUM(L24:L27) -> 893 | M23: =ROUND((L23/$E$1),0) -> 223
D24: Men | G24: 22 | H24: 15 | I24: 28 | J24: 25 | L24: =SUM(G24:K24) -> 90 | M24: =ROUND((L24/$E$1),0) -> 23
D25: Women | G25: 48 | H25: 68 | I25: 47 | J25: 45 | L25: =SUM(G25:K25) -> 208 | M25: =ROUND((L25/$E$1),0) -> 52
D26: Youth | G26: 84 | H26: 80 | I26: 65 | J26: 68 | L26: =SUM(G26:K26) -> 297 | M26: =ROUND((L26/$E$1),0) -> 74
D27: Children | G27: 68 | H27: 86 | I27: 64 | J27: 80 | L27: =SUM(G27:K27) -> 298 | M27: =ROUND((L27/$E$1),0) -> 75
C28: Salvations | L28: =SUM(G28:K28) -> 0 | M28: =ROUND((L28/$E$1),0) -> 0
C29: Baptisms | L29: =SUM(G29:K29) -> 0 | M29: =ROUND((L29/$E$1),0) -> 0
C30: Home Visits | G30: 5 | J30: 7 | L30: =SUM(G30:K30) -> 12 | M30: =ROUND((L30/$E$1),0) -> 3
C31: Meals / Food Packs | L31: =SUM(G31:K31) -> 0 | M31: =ROUND((L31/$E$1),0) -> 0
C32: Preschool Attendance | L32: =SUM(G32:K32) -> 0 | M32: =ROUND((L32/$E$1),0) -> 0
A35: =+A19+1 -> 2 | C35: Ngwenya | G35: =+$G$3 -> 2024 | H35: =+G35 -> 2024 | I35: =+H35 -> 2024 | J35: =+I35 -> 2024 | K35: =+J35 -> 2024 | L35: =+K35 -> 2024 | M35: =+L35 -> 2024 | S35: =+C35 -> Ngwenya | T35: =+L39 -> 377 | U35: =+L40+L41 -> 127 | V35: =+L42+L43 -> 250 | W35: =+L46 -> 45 | X35: =+L44 -> 16
C36: =+$C20 -> October 2024 | G36: =+$G$4 -> Oct | H36: =+G36 -> Oct | I36: =+H36 -> Oct | J36: =+I36 -> Oct | K36: =+J36 -> Oct | L36: =+K36 -> Oct | M36: =+L36 -> Oct
G37: =+$G$5 -> 6 | H37: =+$H$5 -> 13 | I37: =+$I$5 -> 20 | J37: =+$J$5 -> 27 | K37: =+$K$5 -> 0 | L37: Total | M37: Average
C39: Church Attendance: | G39: =SUM(G40:G43) -> 93 | H39: =SUM(H40:H43) -> 120 | I39: =SUM(I40:I43) -> 81 | J39: =SUM(J40:J43) -> 83 | K39: =SUM(K40:K43) -> 0 | L39: =SUM(L40:L43) -> 377 | M39: =ROUND((L39/$E$1),0) -> 94
D40: Men | G40: 8 | H40: 55 | I40: 5 | J40: 3 | L40: =SUM(G40:K40) -> 71 | M40: =ROUND((L40/$E$1),0) -> 18
D41: Women | G41: 20 | H41: 5 | I41: 16 | J41: 15 | L41: =SUM(G41:K41) -> 56 | M41: =ROUND((L41/$E$1),0) -> 14
D42: Youth | G42: 25 | H42: 15 | I42: 20 | J42: 20 | L42: =SUM(G42:K42) -> 80 | M42: =ROUND((L42/$E$1),0) -> 20
D43: Children | G43: 40 | H43: 45 | I43: 40 | J43: 45 | L43: =SUM(G43:K43) -> 170 | M43: =ROUND((L43/$E$1),0) -> 43
C44: Salvations | G44: 3 | H44: 10 | J44: 3 | L44: =SUM(G44:K44) -> 16 | M44: =ROUND((L44/$E$1),0) -> 4
C45: Baptisms | L45: =SUM(G45:K45) -> 0 | M45: =ROUND((L45/$E$1),0) -> 0
C46: Home Visits | G46: 12 | H46: 12 | I46: 11 | J46: 10 | L46: =SUM(G46:K46) -> 45 | M46: =ROUND((L46/$E$1),0) -> 11
C47: Meals / Food Packs | G47: 64 | H47: 96 | I47: 64 | J47: 96 | L47: =SUM(G47:K47) -> 320 | M47: =ROUND((L47/$E$1),0) -> 80
C48: Preschool Attendance | L48: =SUM(G48:K48) -> 0 | M48: =ROUND((L48/$E$1),0) -> 0
A51: =+A35+1 -> 3 | C51: Lavumisa | G51: =+$G$3 -> 2024 | H51: =+G51 -> 2024 | I51: =+H51 -> 2024 | J51: =+I51 -> 2024 | K51: =+J51 -> 2024 | L51: =+K51 -> 2024 | M51: =+L51 -> 2024 | S51: =+C51 -> Lavumisa | T51: =+L55 -> 300 | U51: =+L56+L57 -> 69 | V51: =+L58+L59 -> 231 | W51: =+L62 -> 25 | X51: =+L60 -> 0
C52: =+$C36 -> October 2024 | G52: =+$G$4 -> Oct | H52: =+G52 -> Oct | I52: =+H52 -> Oct | J52: =+I52 -> Oct | K52: =+J52 -> Oct | L52: =+K52 -> Oct | M52: =+L52 -> Oct
G53: =+$G$5 -> 6 | H53: =+$H$5 -> 13 | I53: =+$I$5 -> 20 | J53: =+$J$5 -> 27 | K53: =+$K$5 -> 0 | L53: Total | M53: Average
C55: Church Attendance: | G55: =SUM(G56:G59) -> 100 | H55: =SUM(H56:H59) -> 75 | I55: =SUM(I56:I59) -> 58 | J55: =SUM(J56:J59) -> 67 | K55: =SUM(K56:K59) -> 0 | L55: =SUM(L56:L59) -> 300 | M55: =ROUND((L55/$E$1),0) -> 75
D56: Men | G56: 4 | H56: 3 | I56: 3 | J56: 2 | L56: =SUM(G56:K56) -> 12 | M56: =ROUND((L56/$E$1),0) -> 3
D57: Women | G57: 15 | H57: 15 | I57: 15 | J57: 12 | L57: =SUM(G57:K57) -> 57 | M57: =ROUND((L57/$E$1),0) -> 14
D58: Youth | G58: 24 | H58: 23 | I58: 22 | J58: 16 | L58: =SUM(G58:K58) -> 85 | M58: =ROUND((L58/$E$1),0) -> 21
D59: Children | G59: 57 | H59: 34 | I59: 18 | J59: 37 | L59: =SUM(G59:K59) -> 146 | M59: =ROUND((L59/$E$1),0) -> 37
C60: Salvations | L60: =SUM(G60:K60) -> 0 | M60: =ROUND((L60/$E$1),0) -> 0
C61: Baptisms | L61: =SUM(G61:K61) -> 0 | M61: =ROUND((L61/$E$1),0) -> 0
C62: Home Visits | G62: 7 | H62: 6 | I62: 6 | J62: 6 | L62: =SUM(G62:K62) -> 25 | M62: =ROUND((L62/$E$1),0) -> 6
C63: Meals / Food Packs | L63: =SUM(G63:K63) -> 0 | M63: =ROUND((L63/$E$1),0) -> 0
C64: Preschool Attendance | L64: =SUM(G64:K64) -> 0 | M64: =ROUND((L64/$E$1),0) -> 0
A67: =+A51+1 -> 4 | C67: Engcamini | G67: =+$G$3 -> 2024 | H67: =+G67 -> 2024 | I67: =+H67 -> 2024 | J67: =+I67 -> 2024 | K67: =+J67 -> 2024 | L67: =+K67 -> 2024 | M67: =+L67 -> 2024 | S67: =+C67 -> Engcamini | T67: =+L71 -> 407 | U67: =+L72+L73 -> 52 | V67: =+L74+L75 -> 355 | W67: =+L78 -> 9 | X67: =+L76 -> 15
C68: =+$C52 -> October 2024 | G68: =+$G$4 -> Oct | H68: =+G68 -> Oct | I68: =+H68 -> Oct | J68: =+I68 -> Oct | K68: =+J68 -> Oct | L68: =+K68 -> Oct | M68: =+L68 -> Oct
G69: =+$G$5 -> 6 | H69: =+$H$5 -> 13 | I69: =+$I$5 -> 20 | J69: =+$J$5 -> 27 | K69: =+$K$5 -> 0 | L69: Total | M69: Average
C71: Church Attendance: | G71: =SUM(G72:G75) -> 112 | H71: =SUM(H72:H75) -> 71 | I71: =SUM(I72:I75) -> 94 | J71: =SUM(J72:J75) -> 130 | K71: =SUM(K72:K75) -> 0 | L71: =SUM(L72:L75) -> 407 | M71: =ROUND((L71/$E$1),0) -> 102
D72: Men | G72: 3 | H72: 1 | I72: 3 | J72: 5 | L72: =SUM(G72:K72) -> 12 | M72: =ROUND((L72/$E$1),0) -> 3
D73: Women | G73: 12 | H73: 4 | I73: 8 | J73: 16 | L73: =SUM(G73:K73) -> 40 | M73: =ROUND((L73/$E$1),0) -> 10
D74: Youth | G74: 7 | H74: 8 | I74: 15 | J74: 7 | L74: =SUM(G74:K74) -> 37 | M74: =ROUND((L74/$E$1),0) -> 9
D75: Children | G75: 90 | H75: 58 | I75: 68 | J75: 102 | L75: =SUM(G75:K75) -> 318 | M75: =ROUND((L75/$E$1),0) -> 80
C76: Salvations | I76: 15 | L76: =SUM(G76:K76) -> 15 | M76: =ROUND((L76/$E$1),0) -> 4
C77: Baptisms | L77: =SUM(G77:K77) -> 0 | M77: =ROUND((L77/$E$1),0) -> 0
C78: Home Visits | G78: 2 | H78: 2 | I78: 2 | J78: 3 | L78: =SUM(G78:K78) -> 9 | M78: =ROUND((L78/$E$1),0) -> 2
C79: Meals / Food Packs | G79: 112 | L79: =SUM(G79:K79) -> 112 | M79: =ROUND((L79/$E$1),0) -> 28
C80: Preschool Attendance | L80: =SUM(G80:K80) -> 0 | M80: =ROUND((L80/$E$1),0) -> 0
A83: =+A67+1 -> 5 | C83: Pine Valley | G83: =+$G$3 -> 2024 | H83: =+G83 -> 2024 | I83: =+H83 -> 2024 | J83: =+I83 -> 2024 | K83: =+J83 -> 2024 | L83: =+K83 -> 2024 | M83: =+L83 -> 2024 | S83: =+C83 -> Pine Valley | T83: =+L87 -> 0 | U83: =+L88+L89 -> 0 | V83: =+L90+L91 -> 0 | W83: =+L94 -> 0 | X83: =+L92 -> 0
C84: =+$C68 -> October 2024 | G84: =+$G$4 -> Oct | H84: =+G84 -> Oct | I84: =+H84 -> Oct | J84: =+I84 -> Oct | K84: =+J84 -> Oct | L84: =+K84 -> Oct | M84: =+L84 -> Oct
G85: =+$G$5 -> 6 | H85: =+$H$5 -> 13 | I85: =+$I$5 -> 20 | J85: =+$J$5 -> 27 | K85: =+$K$5 -> 0 | L85: Total | M85: Average
C87: Church Attendance: | G87: =SUM(G88:G91) -> 0 | H87: =SUM(H88:H91) -> 0 | I87: =SUM(I88:I91) -> 0 | J87: =SUM(J88:J91) -> 0 | K87: =SUM(K88:K91) -> 0 | L87: =SUM(L88:L91) -> 0 | M87: =ROUND((L87/$E$1),0) -> 0
D88: Men | L88: =SUM(G88:K88) -> 0 | M88: =ROUND((L88/$E$1),0) -> 0
D89: Women | L89: =SUM(G89:K89) -> 0 | M89: =ROUND((L89/$E$1),0) -> 0
D90: Youth | L90: =SUM(G90:K90) -> 0 | M90: =ROUND((L90/$E$1),0) -> 0
D91: Children | L91: =SUM(G91:K91) -> 0 | M91: =ROUND((L91/$E$1),0) -> 0
C92: Salvations | L92: =SUM(G92:K92) -> 0 | M92: =ROUND((L92/$E$1),0) -> 0
C93: Baptisms | L93: =SUM(G93:K93) -> 0 | M93: =ROUND((L93/$E$1),0) -> 0
C94: Home Visits | L94: =SUM(G94:K94) -> 0 | M94: =ROUND((L94/$E$1),0) -> 0
C95: Meals / Food Packs | L95: =SUM(G95:K95) -> 0 | M95: =ROUND((L95/$E$1),0) -> 0
C96: Preschool Attendance | L96: =SUM(G96:K96) -> 0 | M96: =ROUND((L96/$E$1),0) -> 0
A99: =+A83+1 -> 6 | C99: Ngwempisi | G99: =+$G$3 -> 2024 | H99: =+G99 -> 2024 | I99: =+H99 -> 2024 | J99: =+I99 -> 2024 | K99: =+J99 -> 2024 | L99: =+K99 -> 2024 | M99: =+L99 -> 2024 | S99: =+C99 -> Ngwempisi | T99: =+L103 -> 235 | U99: =+L104+L105 -> 78 | V99: =+L106+L107 -> 157 | W99: =+L110 -> 7 | X99: =+L108 -> 0
C100: =+$C84 -> October 2024 | G100: =+$G$4 -> Oct | H100: =+G100 -> Oct | I100: =+H100 -> Oct | J100: =+I100 -> Oct | K100: =+J100 -> Oct | L100: =+K100 -> Oct | M100: =+L100 -> Oct
G101: =+$G$5 -> 6 | H101: =+$H$5 -> 13 | I101: =+$I$5 -> 20 | J101: =+$J$5 -> 27 | K101: =+$K$5 -> 0 | L101: Total | M101: Average | P101: NB: No report at time of Submission
C103: Church Attendance: | G103: =SUM(G104:G107) -> 78 | H103: =SUM(H104:H107) -> 71 | I103: =SUM(I104:I107) -> 86 | J103: =SUM(J104:J107) -> 0 | K103: =SUM(K104:K107) -> 0 | L103: =SUM(L104:L107) -> 235 | M103: =ROUND((L103/$E$1),0) -> 59
D104: Men | G104: 3 | H104: 2 | I104: 2 | L104: =SUM(G104:K104) -> 7 | M104: =ROUND((L104/$E$1),0) -> 2
D105: Women | G105: 23 | H105: 23 | I105: 25 | L105: =SUM(G105:K105) -> 71 | M105: =ROUND((L105/$E$1),0) -> 18
D106: Youth | G106: 16 | H106: 12 | I106: 21 | L106: =SUM(G106:K106) -> 49 | M106: =ROUND((L106/$E$1),0) -> 12
D107: Children | G107: 36 | H107: 34 | I107: 38 | L107: =SUM(G107:K107) -> 108 | M107: =ROUND((L107/$E$1),0) -> 27
C108: Salvations | L108: =SUM(G108:K108) -> 0 | M108: =ROUND((L108/$E$1),0) -> 0
C109: Baptisms | L109: =SUM(G109:K109) -> 0 | M109: =ROUND((L109/$E$1),0) -> 0
C110: Home Visits | G110: 7 | L110: =SUM(G110:K110) -> 7 | M110: =ROUND((L110/$E$1),0) -> 2
C111: Meals / Food Packs | L111: =SUM(G111:K111) -> 0 | M111: =ROUND((L111/$E$1),0) -> 0
C112: Preschool Attendance | L112: =SUM(G112:K112) -> 0 | M112: =ROUND((L112/$E$1),0) -> 0
A115: =+A99+1 -> 7 | C115: Gebeni | G115: =+$G$3 -> 2024 | H115: =+G115 -> 2024 | I115: =+H115 -> 2024 | J115: =+I115 -> 2024 | K115: =+J115 -> 2024 | L115: =+K115 -> 2024 | M115: =+L115 -> 2024 | S115: =+C115 -> Gebeni | T115: =+L119 -> 258 | U115: =+L120+L121 -> 63 | V115: =+L122+L123 -> 195 | W115: =+L126 -> 15 | X115: =+L124 -> 6
C116: =+$C100 -> October 2024 | G116: =+$G$4 -> Oct | H116: =+G116 -> Oct | I116: =+H116 -> Oct | J116: =+I116 -> Oct | K116: =+J116 -> Oct | L116: =+K116 -> Oct | M116: =+L116 -> Oct
G117: =+$G$5 -> 6 | H117: =+$H$5 -> 13 | I117: =+$I$5 -> 20 | J117: =+$J$5 -> 27 | K117: =+$K$5 -> 0 | L117: Total | M117: Average
C119: Church Attendance: | G119: =SUM(G120:G123) -> 62 | H119: =SUM(H120:H123) -> 71 | I119: =SUM(I120:I123) -> 69 | J119: =SUM(J120:J123) -> 56 | K119: =SUM(K120:K123) -> 0 | L119: =SUM(L120:L123) -> 258 | M119: =ROUND((L119/$E$1),0) -> 65
D120: Men | G120: 5 | H120: 5 | I120: 6 | J120: 3 | L120: =SUM(G120:K120) -> 19 | M120: =ROUND((L120/$E$1),0) -> 5
D121: Women | G121: 10 | H121: 12 | I121: 11 | J121: 11 | L121: =SUM(G121:K121) -> 44 | M121: =ROUND((L121/$E$1),0) -> 11
D122: Youth | G122: 22 | H122: 23 | I122: 18 | J122: 15 | L122: =SUM(G122:K122) -> 78 | M122: =ROUND((L122/$E$1),0) -> 20
D123: Children | G123: 25 | H123: 31 | I123: 34 | J123: 27 | L123: =SUM(G123:K123) -> 117 | M123: =ROUND((L123/$E$1),0) -> 29
...

Sheet Nov-24
D1: Number of Sundays | E1: 4 | S1: ICBC | T1: =+C7 -> Church Attendance: | U1: Adults | V1: Youth & Children | W1: Home Visits | X1: =+C12 -> Salvations
C3: Total ICBC | G3: Year | H3: =+G3 -> Year | I3: =+H3 -> Year | J3: =+I3 -> Year | K3: =+J3 -> Year | L3: =+K3 -> Year | M3: =+L3 -> Year | S3: =+C3 -> Total ICBC | T3: =+L7 -> 10984 | U3: =+L8+L9 -> 2775 | V3: =+L10+L11 -> 8209 | W3: =+L14 -> 512 | X3: =+L12 -> 124
C4: November 2024 | G4: Mnt | H4: =+G4 -> Mnt | I4: =+H4 -> Mnt | J4: =+I4 -> Mnt | K4: =+J4 -> Mnt | L4: =+K4 -> Mnt | M4: =+L4 -> Mnt
G5: 3 | H5: 10 | I5: 17 | J5: 24 | K5: 0 | L5: Total | M5: Average
C7: Church Attendance: | G7: =SUM(G8:G11) -> 3020 | H7: =SUM(H8:H11) -> 2460 | I7: =SUM(I8:I11) -> 2823 | J7: =SUM(J8:J11) -> 2681 | K7: =SUM(K8:K11) -> 0 | L7: =SUM(L8:L11) -> 10984 | M7: =ROUND((L7/$E$1),0) -> 2746
D8: Men | G8: =+G24+G40+G56+G72+G88+G104+G120+G136+G152+G168+G184+G200+G216+G232+G248+G264+G280+G296+G312+G328+G344+G360+G376+G392+G408+G424+G440+G456+G472+G488+G504+G520+G536+G552+G568+G584+G600+G616+G632+G648+G664+G680+G696+G712+G728+G744+G760+G776+G792+G808 -> 189 | H8: =+H24+H40+H56+H72+H88+H104+H120+H136+H152+H168+H184+H200+H216+H232+H248+H264+H280+H296+H312+H328+H344+H360+H376+H392+H408+H424+H440+H456+H472+H488+H504+H520+H536+H552+H568+H584+H600+H616+H632+H648+H664+H680+H696+H712+H728+H744+H760+H776+H792+H808 -> 153 | I8: =+I24+I40+I56+I72+I88+I104+I120+I136+I152+I168+I184+I200+I216+I232+I248+I264+I280+I296+I312+I328+I344+I360+I376+I392+I408+I424+I440+I456+I472+I488+I504+I520+I536+I552+I568+I584+I600+I616+I632+I648+I664+I680+I696+I712+I728+I744+I760+I776+I792+I808 -> 163 | J8: =+J24+J40+J56+J72+J88+J104+J120+J136+J152+J168+J184+J200+J216+J232+J248+J264+J280+J296+J312+J328+J344+J360+J376+J392+J408+J424+J440+J456+J472+J488+J504+J520+J536+J552+J568+J584+J600+J616+J632+J648+J664+J680+J696+J712+J728+J744+J760+J776+J792+J808 -> 171 | K8: =+K24+K40+K56+K72+K88+K104+K120+K136+K152+K168+K184+K200+K216+K232+K248+K264+K280+K296+K312+K328+K344+K360+K376+K392+K408+K424+K440+K456+K472+K488+K504+K520+K536+K552+K568+K584+K600+K616+K632+K648+K664+K680+K696+K712+K728+K744+K760+K776+K792+K808 -> 0 | L8: =SUM(G8:K8) -> 676 | M8: =ROUND((L8/$E$1),0) -> 169
D9: Women | G9: =+G25+G41+G57+G73+G89+G105+G121+G137+G153+G169+G185+G201+G217+G233+G249+G265+G281+G297+G313+G329+G345+G361+G377+G393+G409+G425+G441+G457+G473+G489+G505+G521+G537+G553+G569+G585+G601+G617+G633+G649+G665+G681+G697+G713+G729+G745+G761+G777+G793+G809 -> 593 | H9: =+H25+H41+H57+H73+H89+H105+H121+H137+H153+H169+H185+H201+H217+H233+H249+H265+H281+H297+H313+H329+H345+H361+H377+H393+H409+H425+H441+H457+H473+H489+H505+H521+H537+H553+H569+H585+H601+H617+H633+H649+H665+H681+H697+H713+H729+H745+H761+H777+H793+H809 -> 470 | I9: =+I25+I41+I57+I73+I89+I105+I121+I137+I153+I169+I185+I201+I217+I233+I249+I265+I281+I297+I313+I329+I345+I361+I377+I393+I409+I425+I441+I457+I473+I489+I505+I521+I537+I553+I569+I585+I601+I617+I633+I649+I665+I681+I697+I713+I729+I745+I761+I777+I793+I809 -> 508 | J9: =+J25+J41+J57+J73+J89+J105+J121+J137+J153+J169+J185+J201+J217+J233+J249+J265+J281+J297+J313+J329+J345+J361+J377+J393+J409+J425+J441+J457+J473+J489+J505+J521+J537+J553+J569+J585+J601+J617+J633+J649+J665+J681+J697+J713+J729+J745+J761+J777+J793+J809 -> 528 | K9: =+K25+K41+K57+K73+K89+K105+K121+K137+K153+K169+K185+K201+K217+K233+K249+K265+K281+K297+K313+K329+K345+K361+K377+K393+K409+K425+K441+K457+K473+K489+K505+K521+K537+K553+K569+K585+K601+K617+K633+K649+K665+K681+K697+K713+K729+K745+K761+K777+K793+K809 -> 0 | L9: =SUM(G9:K9) -> 2099 | M9: =ROUND((L9/$E$1),0) -> 525
D10: Youth | G10: =+G26+G42+G58+G74+G90+G106+G122+G138+G154+G170+G186+G202+G218+G234+G250+G266+G282+G298+G314+G330+G346+G362+G378+G394+G410+G426+G442+G458+G474+G490+G506+G522+G538+G554+G570+G586+G602+G618+G634+G650+G666+G682+G698+G714+G730+G746+G762+G778+G794+G810 -> 739 | H10: =+H26+H42+H58+H74+H90+H106+H122+H138+H154+H170+H186+H202+H218+H234+H250+H266+H282+H298+H314+H330+H346+H362+H378+H394+H410+H426+H442+H458+H474+H490+H506+H522+H538+H554+H570+H586+H602+H618+H634+H650+H666+H682+H698+H714+H730+H746+H762+H778+H794+H810 -> 604 | I10: =+I26+I42+I58+I74+I90+I106+I122+I138+I154+I170+I186+I202+I218+I234+I250+I266+I282+I298+I314+I330+I346+I362+I378+I394+I410+I426+I442+I458+I474+I490+I506+I522+I538+I554+I570+I586+I602+I618+I634+I650+I666+I682+I698+I714+I730+I746+I762+I778+I794+I810 -> 741 | J10: =+J26+J42+J58+J74+J90+J106+J122+J138+J154+J170+J186+J202+J218+J234+J250+J266+J282+J298+J314+J330+J346+J362+J378+J394+J410+J426+J442+J458+J474+J490+J506+J522+J538+J554+J570+J586+J602+J618+J634+J650+J666+J682+J698+J714+J730+J746+J762+J778+J794+J810 -> 642 | K10: =+K26+K42+K58+K74+K90+K106+K122+K138+K154+K170+K186+K202+K218+K234+K250+K266+K282+K298+K314+K330+K346+K362+K378+K394+K410+K426+K442+K458+K474+K490+K506+K522+K538+K554+K570+K586+K602+K618+K634+K650+K666+K682+K698+K714+K730+K746+K762+K778+K794+K810 -> 0 | L10: =SUM(G10:K10) -> 2726 | M10: =ROUND((L10/$E$1),0) -> 682
D11: Children | G11: =+G27+G43+G59+G75+G91+G107+G123+G139+G155+G171+G187+G203+G219+G235+G251+G267+G283+G299+G315+G331+G347+G363+G379+G395+G411+G427+G443+G459+G475+G491+G507+G523+G539+G555+G571+G587+G603+G619+G635+G651+G667+G683+G699+G715+G731+G747+G763+G779+G795+G811 -> 1499 | H11: =+H27+H43+H59+H75+H91+H107+H123+H139+H155+H171+H187+H203+H219+H235+H251+H267+H283+H299+H315+H331+H347+H363+H379+H395+H411+H427+H443+H459+H475+H491+H507+H523+H539+H555+H571+H587+H603+H619+H635+H651+H667+H683+H699+H715+H731+H747+H763+H779+H795+H811 -> 1233 | I11: =+I27+I43+I59+I75+I91+I107+I123+I139+I155+I171+I187+I203+I219+I235+I251+I267+I283+I299+I315+I331+I347+I363+I379+I395+I411+I427+I443+I459+I475+I491+I507+I523+I539+I555+I571+I587+I603+I619+I635+I651+I667+I683+I699+I715+I731+I747+I763+I779+I795+I811 -> 1411 | J11: =+J27+J43+J59+J75+J91+J107+J123+J139+J155+J171+J187+J203+J219+J235+J251+J267+J283+J299+J315+J331+J347+J363+J379+J395+J411+J427+J443+J459+J475+J491+J507+J523+J539+J555+J571+J587+J603+J619+J635+J651+J667+J683+J699+J715+J731+J747+J763+J779+J795+J811 -> 1340 | K11: =+K27+K43+K59+K75+K91+K107+K123+K139+K155+K171+K187+K203+K219+K235+K251+K267+K283+K299+K315+K331+K347+K363+K379+K395+K411+K427+K443+K459+K475+K491+K507+K523+K539+K555+K571+K587+K603+K619+K635+K651+K667+K683+K699+K715+K731+K747+K763+K779+K795+K811 -> 0 | L11: =SUM(G11:K11) -> 5483 | M11: =ROUND((L11/$E$1),0) -> 1371
C12: Salvations | G12: =+G28+G44+G60+G76+G92+G108+G124+G140+G156+G172+G188+G204+G220+G236+G252+G268+G284+G300+G316+G332+G348+G364+G380+G396+G412+G428+G444+G460+G476+G492+G508+G524+G540+G556+G572+G588+G604+G620+G636+G652+G668+G684+G700+G716+G732+G748+G764+G780+G796+G812 -> 66 | H12: =+H28+H44+H60+H76+H92+H108+H124+H140+H156+H172+H188+H204+H220+H236+H252+H268+H284+H300+H316+H332+H348+H364+H380+H396+H412+H428+H444+H460+H476+H492+H508+H524+H540+H556+H572+H588+H604+H620+H636+H652+H668+H684+H700+H716+H732+H748+H764+H780+H796+H812 -> 25 | I12: =+I28+I44+I60+I76+I92+I108+I124+I140+I156+I172+I188+I204+I220+I236+I252+I268+I284+I300+I316+I332+I348+I364+I380+I396+I412+I428+I444+I460+I476+I492+I508+I524+I540+I556+I572+I588+I604+I620+I636+I652+I668+I684+I700+I716+I732+I748+I764+I780+I796+I812 -> 8 | J12: =+J28+J44+J60+J76+J92+J108+J124+J140+J156+J172+J188+J204+J220+J236+J252+J268+J284+J300+J316+J332+J348+J364+J380+J396+J412+J428+J444+J460+J476+J492+J508+J524+J540+J556+J572+J588+J604+J620+J636+J652+J668+J684+J700+J716+J732+J748+J764+J780+J796+J812 -> 25 | K12: =+K28+K44+K60+K76+K92+K108+K124+K140+K156+K172+K188+K204+K220+K236+K252+K268+K284+K300+K316+K332+K348+K364+K380+K396+K412+K428+K444+K460+K476+K492+K508+K524+K540+K556+K572+K588+K604+K620+K636+K652+K668+K684+K700+K716+K732+K748+K764+K780+K796+K812 -> 0 | L12: =SUM(G12:K12) -> 124 | M12: =ROUND((L12/$E$1),0) -> 31
C13: Baptisms | G13: =+G29+G45+G61+G77+G93+G109+G125+G141+G157+G173+G189+G205+G221+G237+G253+G269+G285+G301+G317+G333+G349+G365+G381+G397+G413+G429+G445+G461+G477+G493+G509+G525+G541+G557+G573+G589+G605+G621+G637+G653+G669+G685+G701+G717+G733+G749+G765+G781+G797+G813 -> 0 | H13: =+H29+H45+H61+H77+H93+H109+H125+H141+H157+H173+H189+H205+H221+H237+H253+H269+H285+H301+H317+H333+H349+H365+H381+H397+H413+H429+H445+H461+H477+H493+H509+H525+H541+H557+H573+H589+H605+H621+H637+H653+H669+H685+H701+H717+H733+H749+H765+H781+H797+H813 -> 0 | I13: =+I29+I45+I61+I77+I93+I109+I125+I141+I157+I173+I189+I205+I221+I237+I253+I269+I285+I301+I317+I333+I349+I365+I381+I397+I413+I429+I445+I461+I477+I493+I509+I525+I541+I557+I573+I589+I605+I621+I637+I653+I669+I685+I701+I717+I733+I749+I765+I781+I797+I813 -> 1 | J13: =+J29+J45+J61+J77+J93+J109+J125+J141+J157+J173+J189+J205+J221+J237+J253+J269+J285+J301+J317+J333+J349+J365+J381+J397+J413+J429+J445+J461+J477+J493+J509+J525+J541+J557+J573+J589+J605+J621+J637+J653+J669+J685+J701+J717+J733+J749+J765+J781+J797+J813 -> 0 | K13: =+K29+K45+K61+K77+K93+K109+K125+K141+K157+K173+K189+K205+K221+K237+K253+K269+K285+K301+K317+K333+K349+K365+K381+K397+K413+K429+K445+K461+K477+K493+K509+K525+K541+K557+K573+K589+K605+K621+K637+K653+K669+K685+K701+K717+K733+K749+K765+K781+K797+K813 -> 0 | L13: =SUM(G13:K13) -> 1 | M13: =ROUND((L13/$E$1),0) -> 0
C14: Home Visits | G14: =+G30+G46+G62+G78+G94+G110+G126+G142+G158+G174+G190+G206+G222+G238+G254+G270+G286+G302+G318+G334+G350+G366+G382+G398+G414+G430+G446+G462+G478+G494+G510+G526+G542+G558+G574+G590+G606+G622+G638+G654+G670+G686+G702+G718+G734+G750+G766+G782+G798+G814 -> 141 | H14: =+H30+H46+H62+H78+H94+H110+H126+H142+H158+H174+H190+H206+H222+H238+H254+H270+H286+H302+H318+H334+H350+H366+H382+H398+H414+H430+H446+H462+H478+H494+H510+H526+H542+H558+H574+H590+H606+H622+H638+H654+H670+H686+H702+H718+H734+H750+H766+H782+H798+H814 -> 119 | I14: =+I30+I46+I62+I78+I94+I110+I126+I142+I158+I174+I190+I206+I222+I238+I254+I270+I286+I302+I318+I334+I350+I366+I382+I398+I414+I430+I446+I462+I478+I494+I510+I526+I542+I558+I574+I590+I606+I622+I638+I654+I670+I686+I702+I718+I734+I750+I766+I782+I798+I814 -> 130 | J14: =+J30+J46+J62+J78+J94+J110+J126+J142+J158+J174+J190+J206+J222+J238+J254+J270+J286+J302+J318+J334+J350+J366+J382+J398+J414+J430+J446+J462+J478+J494+J510+J526+J542+J558+J574+J590+J606+J622+J638+J654+J670+J686+J702+J718+J734+J750+J766+J782+J798+J814 -> 122 | K14: =+K30+K46+K62+K78+K94+K110+K126+K142+K158+K174+K190+K206+K222+K238+K254+K270+K286+K302+K318+K334+K350+K366+K382+K398+K414+K430+K446+K462+K478+K494+K510+K526+K542+K558+K574+K590+K606+K622+K638+K654+K670+K686+K702+K718+K734+K750+K766+K782+K798+K814 -> 0 | L14: =SUM(G14:K14) -> 512 | M14: =ROUND((L14/$E$1),0) -> 128
C15: Meals / Food Packs | G15: =+G31+G47+G63+G79+G95+G111+G127+G143+G159+G175+G191+G207+G223+G239+G255+G271+G287+G303+G319+G335+G351+G367+G383+G399+G415+G431+G447+G463+G479+G495+G511+G527+G543+G559+G575+G591+G607+G623+G639+G655+G671+G687+G703+G719+G735+G751+G767+G783+G799+G815 -> 1005 | H15: =+H31+H47+H63+H79+H95+H111+H127+H143+H159+H175+H191+H207+H223+H239+H255+H271+H287+H303+H319+H335+H351+H367+H383+H399+H415+H431+H447+H463+H479+H495+H511+H527+H543+H559+H575+H591+H607+H623+H639+H655+H671+H687+H703+H719+H735+H751+H767+H783+H799+H815 -> 992 | I15: =+I31+I47+I63+I79+I95+I111+I127+I143+I159+I175+I191+I207+I223+I239+I255+I271+I287+I303+I319+I335+I351+I367+I383+I399+I415+I431+I447+I463+I479+I495+I511+I527+I543+I559+I575+I591+I607+I623+I639+I655+I671+I687+I703+I719+I735+I751+I767+I783+I799+I815 -> 2148 | J15: =+J31+J47+J63+J79+J95+J111+J127+J143+J159+J175+J191+J207+J223+J239+J255+J271+J287+J303+J319+J335+J351+J367+J383+J399+J415+J431+J447+J463+J479+J495+J511+J527+J543+J559+J575+J591+J607+J623+J639+J655+J671+J687+J703+J719+J735+J751+J767+J783+J799+J815 -> 2467 | K15: =+K31+K47+K63+K79+K95+K111+K127+K143+K159+K175+K191+K207+K223+K239+K255+K271+K287+K303+K319+K335+K351+K367+K383+K399+K415+K431+K447+K463+K479+K495+K511+K527+K543+K559+K575+K591+K607+K623+K639+K655+K671+K687+K703+K719+K735+K751+K767+K783+K799+K815 -> 0 | L15: =SUM(G15:K15) -> 6612 | M15: =ROUND((L15/$E$1),0) -> 1653
C16: Preschool Attendance | G16: =+G32+G48+G64+G80+G96+G112+G128+G144+G160+G176+G192+G208+G224+G240+G256+G272+G288+G304+G320+G336+G352+G368+G384+G400+G416+G432+G448+G464+G480+G496+G512+G528+G544+G560+G576+G592+G608+G624+G640+G656+G672+G688+G704+G720+G736+G752+G768+G784+G800+G816 -> 0 | H16: =+H32+H48+H64+H80+H96+H112+H128+H144+H160+H176+H192+H208+H224+H240+H256+H272+H288+H304+H320+H336+H352+H368+H384+H400+H416+H432+H448+H464+H480+H496+H512+H528+H544+H560+H576+H592+H608+H624+H640+H656+H672+H688+H704+H720+H736+H752+H768+H784+H800+H816 -> 0 | I16: =+I32+I48+I64+I80+I96+I112+I128+I144+I160+I176+I192+I208+I224+I240+I256+I272+I288+I304+I320+I336+I352+I368+I384+I400+I416+I432+I448+I464+I480+I496+I512+I528+I544+I560+I576+I592+I608+I624+I640+I656+I672+I688+I704+I720+I736+I752+I768+I784+I800+I816 -> 0 | J16: =+J32+J48+J64+J80+J96+J112+J128+J144+J160+J176+J192+J208+J224+J240+J256+J272+J288+J304+J320+J336+J352+J368+J384+J400+J416+J432+J448+J464+J480+J496+J512+J528+J544+J560+J576+J592+J608+J624+J640+J656+J672+J688+J704+J720+J736+J752+J768+J784+J800+J816 -> 0 | K16: =+K32+K48+K64+K80+K96+K112+K128+K144+K160+K176+K192+K208+K224+K240+K256+K272+K288+K304+K320+K336+K352+K368+K384+K400+K416+K432+K448+K464+K480+K496+K512+K528+K544+K560+K576+K592+K608+K624+K640+K656+K672+K688+K704+K720+K736+K752+K768+K784+K800+K816 -> 0 | L16: =SUM(G16:K16) -> 0 | M16: =ROUND((L16/$E$1),0) -> 0
A19: 1 | C19: Hawane CLC Church | G19: =+$G$3 -> Year | H19: =+G19 -> Year | I19: =+H19 -> Year | J19: =+I19 -> Year | K19: =+J19 -> Year | L19: =+K19 -> Year | M19: =+L19 -> Year | S19: =+C19 -> Hawane CLC Church | T19: =+L23 -> 907 | U19: =+L24+L25 -> 297 | V19: =+L26+L27 -> 610 | W19: =+L30 -> 18 | X19: =+L28 -> 0
C20: =+$C4 -> November 2024 | G20: =+$G$4 -> Mnt | H20: =+G20 -> Mnt | I20: =+H20 -> Mnt | J20: =+I20 -> Mnt | K20: =+J20 -> Mnt | L20: =+K20 -> Mnt | M20: =+L20 -> Mnt
G21: =+$G$5 -> 3 | H21: =+$H$5 -> 10 | I21: =+$I$5 -> 17 | J21: =+$J$5 -> 24 | K21: =+$K$5 -> 0 | L21: Total | M21: Average
C23: Church Attendance: | G23: =SUM(G24:G27) -> 236 | H23: =SUM(H24:H27) -> 204 | I23: =SUM(I24:I27) -> 220 | J23: =SUM(J24:J27) -> 247 | K23: =SUM(K24:K27) -> 0 | L23: =SUM(L24:L27) -> 907 | M23: =ROUND((L23/$E$1),0) -> 227
D24: Men | G24: 23 | H24: 18 | I24: 17 | J24: 25 | L24: =SUM(G24:K24) -> 83 | M24: =ROUND((L24/$E$1),0) -> 21
D25: Women | G25: 45 | H25: 58 | I25: 48 | J25: 63 | L25: =SUM(G25:K25) -> 214 | M25: =ROUND((L25/$E$1),0) -> 54
D26: Youth | G26: 82 | H26: 65 | I26: 79 | J26: 70 | L26: =SUM(G26:K26) -> 296 | M26: =ROUND((L26/$E$1),0) -> 74
D27: Children | G27: 86 | H27: 63 | I27: 76 | J27: 89 | L27: =SUM(G27:K27) -> 314 | M27: =ROUND((L27/$E$1),0) -> 79
C28: Salvations | L28: =SUM(G28:K28) -> 0 | M28: =ROUND((L28/$E$1),0) -> 0
C29: Baptisms | L29: =SUM(G29:K29) -> 0 | M29: =ROUND((L29/$E$1),0) -> 0
C30: Home Visits | G30: 5 | H30: 6 | I30: 4 | J30: 3 | L30: =SUM(G30:K30) -> 18 | M30: =ROUND((L30/$E$1),0) -> 5
C31: Meals / Food Packs | L31: =SUM(G31:K31) -> 0 | M31: =ROUND((L31/$E$1),0) -> 0
C32: Preschool Attendance | L32: =SUM(G32:K32) -> 0 | M32: =ROUND((L32/$E$1),0) -> 0
A35: =+A19+1 -> 2 | C35: Ngwenya | G35: =+$G$3 -> Year | H35: =+G35 -> Year | I35: =+H35 -> Year | J35: =+I35 -> Year | K35: =+J35 -> Year | L35: =+K35 -> Year | M35: =+L35 -> Year | S35: =+C35 -> Ngwenya | T35: =+L39 -> 254 | U35: =+L40+L41 -> 59 | V35: =+L42+L43 -> 195 | W35: =+L46 -> 38 | X35: =+L44 -> 2
C36: =+$C20 -> November 2024 | G36: =+$G$4 -> Mnt | H36: =+G36 -> Mnt | I36: =+H36 -> Mnt | J36: =+I36 -> Mnt | K36: =+J36 -> Mnt | L36: =+K36 -> Mnt | M36: =+L36 -> Mnt
G37: =+$G$5 -> 3 | H37: =+$H$5 -> 10 | I37: =+$I$5 -> 17 | J37: =+$J$5 -> 24 | K37: =+$K$5 -> 0 | L37: Total | M37: Average | P37: NB: Church Service held at Chiefdorm 17/11/24.
C39: Church Attendance: | G39: =SUM(G40:G43) -> 84 | H39: =SUM(H40:H43) -> 85 | I39: =SUM(I40:I43) -> 0 | J39: =SUM(J40:J43) -> 85 | K39: =SUM(K40:K43) -> 0 | L39: =SUM(L40:L43) -> 254 | M39: =ROUND((L39/$E$1),0) -> 64
D40: Men | G40: 3 | H40: 5 | J40: 5 | L40: =SUM(G40:K40) -> 13 | M40: =ROUND((L40/$E$1),0) -> 3
D41: Women | G41: 16 | H41: 15 | J41: 15 | L41: =SUM(G41:K41) -> 46 | M41: =ROUND((L41/$E$1),0) -> 12
D42: Youth | G42: 22 | H42: 25 | J42: 20 | L42: =SUM(G42:K42) -> 67 | M42: =ROUND((L42/$E$1),0) -> 17
D43: Children | G43: 43 | H43: 40 | J43: 45 | L43: =SUM(G43:K43) -> 128 | M43: =ROUND((L43/$E$1),0) -> 32
C44: Salvations | H44: 2 | L44: =SUM(G44:K44) -> 2 | M44: =ROUND((L44/$E$1),0) -> 1
C45: Baptisms | L45: =SUM(G45:K45) -> 0 | M45: =ROUND((L45/$E$1),0) -> 0
C46: Home Visits | G46: 12 | H46: 8 | I46: 10 | J46: 8 | L46: =SUM(G46:K46) -> 38 | M46: =ROUND((L46/$E$1),0) -> 10
C47: Meals / Food Packs | G47: 96 | H47: 128 | I47: 64 | J47: 64 | L47: =SUM(G47:K47) -> 352 | M47: =ROUND((L47/$E$1),0) -> 88
C48: Preschool Attendance | L48: =SUM(G48:K48) -> 0 | M48: =ROUND((L48/$E$1),0) -> 0
A51: =+A35+1 -> 3 | C51: Lavumisa | G51: =+$G$3 -> Year | H51: =+G51 -> Year | I51: =+H51 -> Year | J51: =+I51 -> Year | K51: =+J51 -> Year | L51: =+K51 -> Year | M51: =+L51 -> Year | S51: =+C51 -> Lavumisa | T51: =+L55 -> 261 | U51: =+L56+L57 -> 65 | V51: =+L58+L59 -> 196 | W51: =+L62 -> 28 | X51: =+L60 -> 0
C52: =+$C36 -> November 2024 | G52: =+$G$4 -> Mnt | H52: =+G52 -> Mnt | I52: =+H52 -> Mnt | J52: =+I52 -> Mnt | K52: =+J52 -> Mnt | L52: =+K52 -> Mnt | M52: =+L52 -> Mnt
G53: =+$G$5 -> 3 | H53: =+$H$5 -> 10 | I53: =+$I$5 -> 17 | J53: =+$J$5 -> 24 | K53: =+$K$5 -> 0 | L53: Total | M53: Average
C55: Church Attendance: | G55: =SUM(G56:G59) -> 65 | H55: =SUM(H56:H59) -> 60 | I55: =SUM(I56:I59) -> 75 | J55: =SUM(J56:J59) -> 61 | K55: =SUM(K56:K59) -> 0 | L55: =SUM(L56:L59) -> 261 | M55: =ROUND((L55/$E$1),0) -> 65
D56: Men | G56: 3 | H56: 3 | I56: 2 | J56: 5 | L56: =SUM(G56:K56) -> 13 | M56: =ROUND((L56/$E$1),0) -> 3
D57: Women | G57: 14 | H57: 11 | I57: 16 | J57: 11 | L57: =SUM(G57:K57) -> 52 | M57: =ROUND((L57/$E$1),0) -> 13
D58: Youth | G58: 17 | H58: 18 | I58: 23 | J58: 27 | L58: =SUM(G58:K58) -> 85 | M58: =ROUND((L58/$E$1),0) -> 21
D59: Children | G59: 31 | H59: 28 | I59: 34 | J59: 18 | L59: =SUM(G59:K59) -> 111 | M59: =ROUND((L59/$E$1),0) -> 28
C60: Salvations | L60: =SUM(G60:K60) -> 0 | M60: =ROUND((L60/$E$1),0) -> 0
C61: Baptisms | L61: =SUM(G61:K61) -> 0 | M61: =ROUND((L61/$E$1),0) -> 0
C62: Home Visits | G62: 6 | H62: 6 | I62: 7 | J62: 9 | L62: =SUM(G62:K62) -> 28 | M62: =ROUND((L62/$E$1),0) -> 7
C63: Meals / Food Packs | L63: =SUM(G63:K63) -> 0 | M63: =ROUND((L63/$E$1),0) -> 0
C64: Preschool Attendance | L64: =SUM(G64:K64) -> 0 | M64: =ROUND((L64/$E$1),0) -> 0
A67: =+A51+1 -> 4 | C67: Engcamini | G67: =+$G$3 -> Year | H67: =+G67 -> Year | I67: =+H67 -> Year | J67: =+I67 -> Year | K67: =+J67 -> Year | L67: =+K67 -> Year | M67: =+L67 -> Year | S67: =+C67 -> Engcamini | T67: =+L71 -> 498 | U67: =+L72+L73 -> 73 | V67: =+L74+L75 -> 425 | W67: =+L78 -> 13 | X67: =+L76 -> 19
C68: =+$C52 -> November 2024 | G68: =+$G$4 -> Mnt | H68: =+G68 -> Mnt | I68: =+H68 -> Mnt | J68: =+I68 -> Mnt | K68: =+J68 -> Mnt | L68: =+K68 -> Mnt | M68: =+L68 -> Mnt
G69: =+$G$5 -> 3 | H69: =+$H$5 -> 10 | I69: =+$I$5 -> 17 | J69: =+$J$5 -> 24 | K69: =+$K$5 -> 0 | L69: Total | M69: Average
C71: Church Attendance: | G71: =SUM(G72:G75) -> 114 | H71: =SUM(H72:H75) -> 91 | I71: =SUM(I72:I75) -> 191 | J71: =SUM(J72:J75) -> 102 | K71: =SUM(K72:K75) -> 0 | L71: =SUM(L72:L75) -> 498 | M71: =ROUND((L71/$E$1),0) -> 125
D72: Men | G72: 3 | H72: 3 | I72: 2 | J72: 3 | L72: =SUM(G72:K72) -> 11 | M72: =ROUND((L72/$E$1),0) -> 3
D73: Women | G73: 15 | H73: 15 | I73: 15 | J73: 17 | L73: =SUM(G73:K73) -> 62 | M73: =ROUND((L73/$E$1),0) -> 16
D74: Youth | G74: 13 | H74: 8 | I74: 92 | J74: 12 | L74: =SUM(G74:K74) -> 125 | M74: =ROUND((L74/$E$1),0) -> 31
D75: Children | G75: 83 | H75: 65 | I75: 82 | J75: 70 | L75: =SUM(G75:K75) -> 300 | M75: =ROUND((L75/$E$1),0) -> 75
C76: Salvations | G76: 17 | H76: 2 | L76: =SUM(G76:K76) -> 19 | M76: =ROUND((L76/$E$1),0) -> 5
C77: Baptisms | L77: =SUM(G77:K77) -> 0 | M77: =ROUND((L77/$E$1),0) -> 0
C78: Home Visits | G78: 5 | H78: 2 | I78: 4 | J78: 2 | L78: =SUM(G78:K78) -> 13 | M78: =ROUND((L78/$E$1),0) -> 3
C79: Meals / Food Packs | J79: 108 | L79: =SUM(G79:K79) -> 108 | M79: =ROUND((L79/$E$1),0) -> 27
C80: Preschool Attendance | L80: =SUM(G80:K80) -> 0 | M80: =ROUND((L80/$E$1),0) -> 0
A83: =+A67+1 -> 5 | C83: Pine Valley | G83: =+$G$3 -> Year | H83: =+G83 -> Year | I83: =+H83 -> Year | J83: =+I83 -> Year | K83: =+J83 -> Year | L83: =+K83 -> Year | M83: =+L83 -> Year | S83: =+C83 -> Pine Valley | T83: =+L87 -> 0 | U83: =+L88+L89 -> 0 | V83: =+L90+L91 -> 0 | W83: =+L94 -> 0 | X83: =+L92 -> 0
C84: =+$C68 -> November 2024 | G84: =+$G$4 -> Mnt | H84: =+G84 -> Mnt | I84: =+H84 -> Mnt | J84: =+I84 -> Mnt | K84: =+J84 -> Mnt | L84: =+K84 -> Mnt | M84: =+L84 -> Mnt
G85: =+$G$5 -> 3 | H85: =+$H$5 -> 10 | I85: =+$I$5 -> 17 | J85: =+$J$5 -> 24 | K85: =+$K$5 -> 0 | L85: Total | M85: Average
C87: Church Attendance: | G87: =SUM(G88:G91) -> 0 | H87: =SUM(H88:H91) -> 0 | I87: =SUM(I88:I91) -> 0 | J87: =SUM(J88:J91) -> 0 | K87: =SUM(K88:K91) -> 0 | L87: =SUM(L88:L91) -> 0 | M87: =ROUND((L87/$E$1),0) -> 0
D88: Men | L88: =SUM(G88:K88) -> 0 | M88: =ROUND((L88/$E$1),0) -> 0
D89: Women | L89: =SUM(G89:K89) -> 0 | M89: =ROUND((L89/$E$1),0) -> 0
D90: Youth | L90: =SUM(G90:K90) -> 0 | M90: =ROUND((L90/$E$1),0) -> 0
D91: Children | L91: =SUM(G91:K91) -> 0 | M91: =ROUND((L91/$E$1),0) -> 0
C92: Salvations | L92: =SUM(G92:K92) -> 0 | M92: =ROUND((L92/$E$1),0) -> 0
C93: Baptisms | L93: =SUM(G93:K93) -> 0 | M93: =ROUND((L93/$E$1),0) -> 0
C94: Home Visits | L94: =SUM(G94:K94) -> 0 | M94: =ROUND((L94/$E$1),0) -> 0
C95: Meals / Food Packs | L95: =SUM(G95:K95) -> 0 | M95: =ROUND((L95/$E$1),0) -> 0
C96: Preschool Attendance | L96: =SUM(G96:K96) -> 0 | M96: =ROUND((L96/$E$1),0) -> 0
A99: =+A83+1 -> 6 | C99: Ngwempisi | G99: =+$G$3 -> Year | H99: =+G99 -> Year | I99: =+H99 -> Year | J99: =+I99 -> Year | K99: =+J99 -> Year | L99: =+K99 -> Year | M99: =+L99 -> Year | S99: =+C99 -> Ngwempisi | T99: =+L103 -> 317 | U99: =+L104+L105 -> 116 | V99: =+L106+L107 -> 201 | W99: =+L110 -> 9 | X99: =+L108 -> 0
C100: =+$C84 -> November 2024 | G100: =+$G$4 -> Mnt | H100: =+G100 -> Mnt | I100: =+H100 -> Mnt | J100: =+I100 -> Mnt | K100: =+J100 -> Mnt | L100: =+K100 -> Mnt | M100: =+L100 -> Mnt
G101: =+$G$5 -> 3 | H101: =+$H$5 -> 10 | I101: =+$I$5 -> 17 | J101: =+$J$5 -> 24 | K101: =+$K$5 -> 0 | L101: Total | M101: Average
C103: Church Attendance: | G103: =SUM(G104:G107) -> 72 | H103: =SUM(H104:H107) -> 79 | I103: =SUM(I104:I107) -> 76 | J103: =SUM(J104:J107) -> 90 | K103: =SUM(K104:K107) -> 0 | L103: =SUM(L104:L107) -> 317 | M103: =ROUND((L103/$E$1),0) -> 79
D104: Men | G104: 3 | H104: 4 | I104: 3 | J104: 4 | L104: =SUM(G104:K104) -> 14 | M104: =ROUND((L104/$E$1),0) -> 4
D105: Women | G105: 25 | H105: 25 | I105: 27 | J105: 25 | L105: =SUM(G105:K105) -> 102 | M105: =ROUND((L105/$E$1),0) -> 26
D106: Youth | G106: 16 | H106: 16 | I106: 18 | J106: 23 | L106: =SUM(G106:K106) -> 73 | M106: =ROUND((L106/$E$1),0) -> 18
D107: Children | G107: 28 | H107: 34 | I107: 28 | J107: 38 | L107: =SUM(G107:K107) -> 128 | M107: =ROUND((L107/$E$1),0) -> 32
C108: Salvations | L108: =SUM(G108:K108) -> 0 | M108: =ROUND((L108/$E$1),0) -> 0
C109: Baptisms | L109: =SUM(G109:K109) -> 0 | M109: =ROUND((L109/$E$1),0) -> 0
C110: Home Visits | G110: 9 | L110: =SUM(G110:K110) -> 9 | M110: =ROUND((L110/$E$1),0) -> 2
C111: Meals / Food Packs | L111: =SUM(G111:K111) -> 0 | M111: =ROUND((L111/$E$1),0) -> 0
C112: Preschool Attendance | L112: =SUM(G112:K112) -> 0 | M112: =ROUND((L112/$E$1),0) -> 0
A115: =+A99+1 -> 7 | C115: Gebeni | G115: =+$G$3 -> Year | H115: =+G115 -> Year | I115: =+H115 -> Year | J115: =+I115 -> Year | K115: =+J115 -> Year | L115: =+K115 -> Year | M115: =+L115 -> Year | S115: =+C115 -> Gebeni | T115: =+L119 -> 241 | U115: =+L120+L121 -> 59 | V115: =+L122+L123 -> 182 | W115: =+L126 -> 22 | X115: =+L124 -> 27
C116: =+$C100 -> November 2024 | G116: =+$G$4 -> Mnt | H116: =+G116 -> Mnt | I116: =+H116 -> Mnt | J116: =+I116 -> Mnt | K116: =+J116 -> Mnt | L116: =+K116 -> Mnt | M116: =+L116 -> Mnt
G117: =+$G$5 -> 3 | H117: =+$H$5 -> 10 | I117: =+$I$5 -> 17 | J117: =+$J$5 -> 24 | K117: =+$K$5 -> 0 | L117: Total | M117: Average
C119: Church Attendance: | G119: =SUM(G120:G123) -> 78 | H119: =SUM(H120:H123) -> 34 | I119: =SUM(I120:I123) -> 63 | J119: =SUM(J120:J123) -> 66 | K119: =SUM(K120:K123) -> 0 | L119: =SUM(L120:L123) -> 241 | M119: =ROUND((L119/$E$1),0) -> 60
D120: Men | G120: 6 | H120: 2 | I120: 1 | J120: 2 | L120: =SUM(G120:K120) -> 11 | M120: =ROUND((L120/$E$1),0) -> 3
D121: Women | G121: 15 | H121: 8 | I121: 10 | J121: 15 | L121: =SUM(G121:K121) -> 48 | M121: =ROUND((L121/$E$1),0) -> 12
D122: Youth | G122: 27 | H122: 10 | I122: 20 | J122: 21 | L122: =SUM(G122:K122) -> 78 | M122: =ROUND((L122/$E$1),0) -> 20
D123: Children | G123: 30 | H123: 14 | I123: 32 | J123: 28 | L123: =SUM(G123:K123) -> 104 | M123: =ROUND((L123/$E$1),0) -> 26
...

Sheet Dec-24
D1: Number of Sundays | E1: 5 | S1: ICBC | T1: =+C7 -> Church Attendance: | U1: Adults | V1: Youth & Children | W1: Home Visits | X1: =+C12 -> Salvations
C3: Total ICBC | G3: Year | H3: =+G3 -> Year | I3: =+H3 -> Year | J3: =+I3 -> Year | K3: =+J3 -> Year | L3: =+K3 -> Year | M3: =+L3 -> Year | S3: =+C3 -> Total ICBC | T3: =+L7 -> 13553 | U3: =+L8+L9 -> 3608 | V3: =+L10+L11 -> 9945 | W3: =+L14 -> 586 | X3: =+L12 -> 157
C4: December 2024 | G4: Mnt | H4: =+G4 -> Mnt | I4: =+H4 -> Mnt | J4: =+I4 -> Mnt | K4: =+J4 -> Mnt | L4: =+K4 -> Mnt | M4: =+L4 -> Mnt
G5: 1 | H5: 8 | I5: 15 | J5: 22 | K5: 29 | L5: Total | M5: Average
C7: Church Attendance: | G7: =SUM(G8:G11) -> 2657 | H7: =SUM(H8:H11) -> 3162 | I7: =SUM(I8:I11) -> 2683 | J7: =SUM(J8:J11) -> 2523 | K7: =SUM(K8:K11) -> 2528 | L7: =SUM(L8:L11) -> 13553 | M7: =ROUND((L7/$E$1),0) -> 2711
D8: Men | G8: =+G24+G40+G56+G72+G88+G104+G120+G136+G152+G168+G184+G200+G216+G232+G248+G264+G280+G296+G312+G328+G344+G360+G376+G392+G408+G424+G440+G456+G472+G488+G504+G520+G536+G552+G568+G584+G600+G616+G632+G648+G664+G680+G696+G712+G728+G744+G760+G776+G792+G808 -> 184 | H8: =+H24+H40+H56+H72+H88+H104+H120+H136+H152+H168+H184+H200+H216+H232+H248+H264+H280+H296+H312+H328+H344+H360+H376+H392+H408+H424+H440+H456+H472+H488+H504+H520+H536+H552+H568+H584+H600+H616+H632+H648+H664+H680+H696+H712+H728+H744+H760+H776+H792+H808 -> 236 | I8: =+I24+I40+I56+I72+I88+I104+I120+I136+I152+I168+I184+I200+I216+I232+I248+I264+I280+I296+I312+I328+I344+I360+I376+I392+I408+I424+I440+I456+I472+I488+I504+I520+I536+I552+I568+I584+I600+I616+I632+I648+I664+I680+I696+I712+I728+I744+I760+I776+I792+I808 -> 197 | J8: =+J24+J40+J56+J72+J88+J104+J120+J136+J152+J168+J184+J200+J216+J232+J248+J264+J280+J296+J312+J328+J344+J360+J376+J392+J408+J424+J440+J456+J472+J488+J504+J520+J536+J552+J568+J584+J600+J616+J632+J648+J664+J680+J696+J712+J728+J744+J760+J776+J792+J808 -> 157 | K8: =+K24+K40+K56+K72+K88+K104+K120+K136+K152+K168+K184+K200+K216+K232+K248+K264+K280+K296+K312+K328+K344+K360+K376+K392+K408+K424+K440+K456+K472+K488+K504+K520+K536+K552+K568+K584+K600+K616+K632+K648+K664+K680+K696+K712+K728+K744+K760+K776+K792+K808 -> 185 | L8: =SUM(G8:K8) -> 959 | M8: =ROUND((L8/$E$1),0) -> 192
D9: Women | G9: =+G25+G41+G57+G73+G89+G105+G121+G137+G153+G169+G185+G201+G217+G233+G249+G265+G281+G297+G313+G329+G345+G361+G377+G393+G409+G425+G441+G457+G473+G489+G505+G521+G537+G553+G569+G585+G601+G617+G633+G649+G665+G681+G697+G713+G729+G745+G761+G777+G793+G809 -> 513 | H9: =+H25+H41+H57+H73+H89+H105+H121+H137+H153+H169+H185+H201+H217+H233+H249+H265+H281+H297+H313+H329+H345+H361+H377+H393+H409+H425+H441+H457+H473+H489+H505+H521+H537+H553+H569+H585+H601+H617+H633+H649+H665+H681+H697+H713+H729+H745+H761+H777+H793+H809 -> 615 | I9: =+I25+I41+I57+I73+I89+I105+I121+I137+I153+I169+I185+I201+I217+I233+I249+I265+I281+I297+I313+I329+I345+I361+I377+I393+I409+I425+I441+I457+I473+I489+I505+I521+I537+I553+I569+I585+I601+I617+I633+I649+I665+I681+I697+I713+I729+I745+I761+I777+I793+I809 -> 559 | J9: =+J25+J41+J57+J73+J89+J105+J121+J137+J153+J169+J185+J201+J217+J233+J249+J265+J281+J297+J313+J329+J345+J361+J377+J393+J409+J425+J441+J457+J473+J489+J505+J521+J537+J553+J569+J585+J601+J617+J633+J649+J665+J681+J697+J713+J729+J745+J761+J777+J793+J809 -> 444 | K9: =+K25+K41+K57+K73+K89+K105+K121+K137+K153+K169+K185+K201+K217+K233+K249+K265+K281+K297+K313+K329+K345+K361+K377+K393+K409+K425+K441+K457+K473+K489+K505+K521+K537+K553+K569+K585+K601+K617+K633+K649+K665+K681+K697+K713+K729+K745+K761+K777+K793+K809 -> 518 | L9: =SUM(G9:K9) -> 2649 | M9: =ROUND((L9/$E$1),0) -> 530
D10: Youth | G10: =+G26+G42+G58+G74+G90+G106+G122+G138+G154+G170+G186+G202+G218+G234+G250+G266+G282+G298+G314+G330+G346+G362+G378+G394+G410+G426+G442+G458+G474+G490+G506+G522+G538+G554+G570+G586+G602+G618+G634+G650+G666+G682+G698+G714+G730+G746+G762+G778+G794+G810 -> 666 | H10: =+H26+H42+H58+H74+H90+H106+H122+H138+H154+H170+H186+H202+H218+H234+H250+H266+H282+H298+H314+H330+H346+H362+H378+H394+H410+H426+H442+H458+H474+H490+H506+H522+H538+H554+H570+H586+H602+H618+H634+H650+H666+H682+H698+H714+H730+H746+H762+H778+H794+H810 -> 781 | I10: =+I26+I42+I58+I74+I90+I106+I122+I138+I154+I170+I186+I202+I218+I234+I250+I266+I282+I298+I314+I330+I346+I362+I378+I394+I410+I426+I442+I458+I474+I490+I506+I522+I538+I554+I570+I586+I602+I618+I634+I650+I666+I682+I698+I714+I730+I746+I762+I778+I794+I810 -> 650 | J10: =+J26+J42+J58+J74+J90+J106+J122+J138+J154+J170+J186+J202+J218+J234+J250+J266+J282+J298+J314+J330+J346+J362+J378+J394+J410+J426+J442+J458+J474+J490+J506+J522+J538+J554+J570+J586+J602+J618+J634+J650+J666+J682+J698+J714+J730+J746+J762+J778+J794+J810 -> 630 | K10: =+K26+K42+K58+K74+K90+K106+K122+K138+K154+K170+K186+K202+K218+K234+K250+K266+K282+K298+K314+K330+K346+K362+K378+K394+K410+K426+K442+K458+K474+K490+K506+K522+K538+K554+K570+K586+K602+K618+K634+K650+K666+K682+K698+K714+K730+K746+K762+K778+K794+K810 -> 684 | L10: =SUM(G10:K10) -> 3411 | M10: =ROUND((L10/$E$1),0) -> 682
D11: Children | G11: =+G27+G43+G59+G75+G91+G107+G123+G139+G155+G171+G187+G203+G219+G235+G251+G267+G283+G299+G315+G331+G347+G363+G379+G395+G411+G427+G443+G459+G475+G491+G507+G523+G539+G555+G571+G587+G603+G619+G635+G651+G667+G683+G699+G715+G731+G747+G763+G779+G795+G811 -> 1294 | H11: =+H27+H43+H59+H75+H91+H107+H123+H139+H155+H171+H187+H203+H219+H235+H251+H267+H283+H299+H315+H331+H347+H363+H379+H395+H411+H427+H443+H459+H475+H491+H507+H523+H539+H555+H571+H587+H603+H619+H635+H651+H667+H683+H699+H715+H731+H747+H763+H779+H795+H811 -> 1530 | I11: =+I27+I43+I59+I75+I91+I107+I123+I139+I155+I171+I187+I203+I219+I235+I251+I267+I283+I299+I315+I331+I347+I363+I379+I395+I411+I427+I443+I459+I475+I491+I507+I523+I539+I555+I571+I587+I603+I619+I635+I651+I667+I683+I699+I715+I731+I747+I763+I779+I795+I811 -> 1277 | J11: =+J27+J43+J59+J75+J91+J107+J123+J139+J155+J171+J187+J203+J219+J235+J251+J267+J283+J299+J315+J331+J347+J363+J379+J395+J411+J427+J443+J459+J475+J491+J507+J523+J539+J555+J571+J587+J603+J619+J635+J651+J667+J683+J699+J715+J731+J747+J763+J779+J795+J811 -> 1292 | K11: =+K27+K43+K59+K75+K91+K107+K123+K139+K155+K171+K187+K203+K219+K235+K251+K267+K283+K299+K315+K331+K347+K363+K379+K395+K411+K427+K443+K459+K475+K491+K507+K523+K539+K555+K571+K587+K603+K619+K635+K651+K667+K683+K699+K715+K731+K747+K763+K779+K795+K811 -> 1141 | L11: =SUM(G11:K11) -> 6534 | M11: =ROUND((L11/$E$1),0) -> 1307
C12: Salvations | G12: =+G28+G44+G60+G76+G92+G108+G124+G140+G156+G172+G188+G204+G220+G236+G252+G268+G284+G300+G316+G332+G348+G364+G380+G396+G412+G428+G444+G460+G476+G492+G508+G524+G540+G556+G572+G588+G604+G620+G636+G652+G668+G684+G700+G716+G732+G748+G764+G780+G796+G812 -> 25 | H12: =+H28+H44+H60+H76+H92+H108+H124+H140+H156+H172+H188+H204+H220+H236+H252+H268+H284+H300+H316+H332+H348+H364+H380+H396+H412+H428+H444+H460+H476+H492+H508+H524+H540+H556+H572+H588+H604+H620+H636+H652+H668+H684+H700+H716+H732+H748+H764+H780+H796+H812 -> 43 | I12: =+I28+I44+I60+I76+I92+I108+I124+I140+I156+I172+I188+I204+I220+I236+I252+I268+I284+I300+I316+I332+I348+I364+I380+I396+I412+I428+I444+I460+I476+I492+I508+I524+I540+I556+I572+I588+I604+I620+I636+I652+I668+I684+I700+I716+I732+I748+I764+I780+I796+I812 -> 13 | J12: =+J28+J44+J60+J76+J92+J108+J124+J140+J156+J172+J188+J204+J220+J236+J252+J268+J284+J300+J316+J332+J348+J364+J380+J396+J412+J428+J444+J460+J476+J492+J508+J524+J540+J556+J572+J588+J604+J620+J636+J652+J668+J684+J700+J716+J732+J748+J764+J780+J796+J812 -> 18 | K12: =+K28+K44+K60+K76+K92+K108+K124+K140+K156+K172+K188+K204+K220+K236+K252+K268+K284+K300+K316+K332+K348+K364+K380+K396+K412+K428+K444+K460+K476+K492+K508+K524+K540+K556+K572+K588+K604+K620+K636+K652+K668+K684+K700+K716+K732+K748+K764+K780+K796+K812 -> 58 | L12: =SUM(G12:K12) -> 157 | M12: =ROUND((L12/$E$1),0) -> 31
C13: Baptisms | G13: =+G29+G45+G61+G77+G93+G109+G125+G141+G157+G173+G189+G205+G221+G237+G253+G269+G285+G301+G317+G333+G349+G365+G381+G397+G413+G429+G445+G461+G477+G493+G509+G525+G541+G557+G573+G589+G605+G621+G637+G653+G669+G685+G701+G717+G733+G749+G765+G781+G797+G813 -> 0 | H13: =+H29+H45+H61+H77+H93+H109+H125+H141+H157+H173+H189+H205+H221+H237+H253+H269+H285+H301+H317+H333+H349+H365+H381+H397+H413+H429+H445+H461+H477+H493+H509+H525+H541+H557+H573+H589+H605+H621+H637+H653+H669+H685+H701+H717+H733+H749+H765+H781+H797+H813 -> 0 | I13: =+I29+I45+I61+I77+I93+I109+I125+I141+I157+I173+I189+I205+I221+I237+I253+I269+I285+I301+I317+I333+I349+I365+I381+I397+I413+I429+I445+I461+I477+I493+I509+I525+I541+I557+I573+I589+I605+I621+I637+I653+I669+I685+I701+I717+I733+I749+I765+I781+I797+I813 -> 0 | J13: =+J29+J45+J61+J77+J93+J109+J125+J141+J157+J173+J189+J205+J221+J237+J253+J269+J285+J301+J317+J333+J349+J365+J381+J397+J413+J429+J445+J461+J477+J493+J509+J525+J541+J557+J573+J589+J605+J621+J637+J653+J669+J685+J701+J717+J733+J749+J765+J781+J797+J813 -> 0 | K13: =+K29+K45+K61+K77+K93+K109+K125+K141+K157+K173+K189+K205+K221+K237+K253+K269+K285+K301+K317+K333+K349+K365+K381+K397+K413+K429+K445+K461+K477+K493+K509+K525+K541+K557+K573+K589+K605+K621+K637+K653+K669+K685+K701+K717+K733+K749+K765+K781+K797+K813 -> 1 | L13: =SUM(G13:K13) -> 1 | M13: =ROUND((L13/$E$1),0) -> 0
C14: Home Visits | G14: =+G30+G46+G62+G78+G94+G110+G126+G142+G158+G174+G190+G206+G222+G238+G254+G270+G286+G302+G318+G334+G350+G366+G382+G398+G414+G430+G446+G462+G478+G494+G510+G526+G542+G558+G574+G590+G606+G622+G638+G654+G670+G686+G702+G718+G734+G750+G766+G782+G798+G814 -> 128 | H14: =+H30+H46+H62+H78+H94+H110+H126+H142+H158+H174+H190+H206+H222+H238+H254+H270+H286+H302+H318+H334+H350+H366+H382+H398+H414+H430+H446+H462+H478+H494+H510+H526+H542+H558+H574+H590+H606+H622+H638+H654+H670+H686+H702+H718+H734+H750+H766+H782+H798+H814 -> 130 | I14: =+I30+I46+I62+I78+I94+I110+I126+I142+I158+I174+I190+I206+I222+I238+I254+I270+I286+I302+I318+I334+I350+I366+I382+I398+I414+I430+I446+I462+I478+I494+I510+I526+I542+I558+I574+I590+I606+I622+I638+I654+I670+I686+I702+I718+I734+I750+I766+I782+I798+I814 -> 109 | J14: =+J30+J46+J62+J78+J94+J110+J126+J142+J158+J174+J190+J206+J222+J238+J254+J270+J286+J302+J318+J334+J350+J366+J382+J398+J414+J430+J446+J462+J478+J494+J510+J526+J542+J558+J574+J590+J606+J622+J638+J654+J670+J686+J702+J718+J734+J750+J766+J782+J798+J814 -> 114 | K14: =+K30+K46+K62+K78+K94+K110+K126+K142+K158+K174+K190+K206+K222+K238+K254+K270+K286+K302+K318+K334+K350+K366+K382+K398+K414+K430+K446+K462+K478+K494+K510+K526+K542+K558+K574+K590+K606+K622+K638+K654+K670+K686+K702+K718+K734+K750+K766+K782+K798+K814 -> 105 | L14: =SUM(G14:K14) -> 586 | M14: =ROUND((L14/$E$1),0) -> 117
C15: Meals / Food Packs | G15: =+G31+G47+G63+G79+G95+G111+G127+G143+G159+G175+G191+G207+G223+G239+G255+G271+G287+G303+G319+G335+G351+G367+G383+G399+G415+G431+G447+G463+G479+G495+G511+G527+G543+G559+G575+G591+G607+G623+G639+G655+G671+G687+G703+G719+G735+G751+G767+G783+G799+G815 -> 1911 | H15: =+H31+H47+H63+H79+H95+H111+H127+H143+H159+H175+H191+H207+H223+H239+H255+H271+H287+H303+H319+H335+H351+H367+H383+H399+H415+H431+H447+H463+H479+H495+H511+H527+H543+H559+H575+H591+H607+H623+H639+H655+H671+H687+H703+H719+H735+H751+H767+H783+H799+H815 -> 2608 | I15: =+I31+I47+I63+I79+I95+I111+I127+I143+I159+I175+I191+I207+I223+I239+I255+I271+I287+I303+I319+I335+I351+I367+I383+I399+I415+I431+I447+I463+I479+I495+I511+I527+I543+I559+I575+I591+I607+I623+I639+I655+I671+I687+I703+I719+I735+I751+I767+I783+I799+I815 -> 2168 | J15: =+J31+J47+J63+J79+J95+J111+J127+J143+J159+J175+J191+J207+J223+J239+J255+J271+J287+J303+J319+J335+J351+J367+J383+J399+J415+J431+J447+J463+J479+J495+J511+J527+J543+J559+J575+J591+J607+J623+J639+J655+J671+J687+J703+J719+J735+J751+J767+J783+J799+J815 -> 1783 | K15: =+K31+K47+K63+K79+K95+K111+K127+K143+K159+K175+K191+K207+K223+K239+K255+K271+K287+K303+K319+K335+K351+K367+K383+K399+K415+K431+K447+K463+K479+K495+K511+K527+K543+K559+K575+K591+K607+K623+K639+K655+K671+K687+K703+K719+K735+K751+K767+K783+K799+K815 -> 1018 | L15: =SUM(G15:K15) -> 9488 | M15: =ROUND((L15/$E$1),0) -> 1898
C16: Preschool Attendance | G16: =+G32+G48+G64+G80+G96+G112+G128+G144+G160+G176+G192+G208+G224+G240+G256+G272+G288+G304+G320+G336+G352+G368+G384+G400+G416+G432+G448+G464+G480+G496+G512+G528+G544+G560+G576+G592+G608+G624+G640+G656+G672+G688+G704+G720+G736+G752+G768+G784+G800+G816 -> 0 | H16: =+H32+H48+H64+H80+H96+H112+H128+H144+H160+H176+H192+H208+H224+H240+H256+H272+H288+H304+H320+H336+H352+H368+H384+H400+H416+H432+H448+H464+H480+H496+H512+H528+H544+H560+H576+H592+H608+H624+H640+H656+H672+H688+H704+H720+H736+H752+H768+H784+H800+H816 -> 0 | I16: =+I32+I48+I64+I80+I96+I112+I128+I144+I160+I176+I192+I208+I224+I240+I256+I272+I288+I304+I320+I336+I352+I368+I384+I400+I416+I432+I448+I464+I480+I496+I512+I528+I544+I560+I576+I592+I608+I624+I640+I656+I672+I688+I704+I720+I736+I752+I768+I784+I800+I816 -> 0 | J16: =+J32+J48+J64+J80+J96+J112+J128+J144+J160+J176+J192+J208+J224+J240+J256+J272+J288+J304+J320+J336+J352+J368+J384+J400+J416+J432+J448+J464+J480+J496+J512+J528+J544+J560+J576+J592+J608+J624+J640+J656+J672+J688+J704+J720+J736+J752+J768+J784+J800+J816 -> 0 | K16: =+K32+K48+K64+K80+K96+K112+K128+K144+K160+K176+K192+K208+K224+K240+K256+K272+K288+K304+K320+K336+K352+K368+K384+K400+K416+K432+K448+K464+K480+K496+K512+K528+K544+K560+K576+K592+K608+K624+K640+K656+K672+K688+K704+K720+K736+K752+K768+K784+K800+K816 -> 0 | L16: =SUM(G16:K16) -> 0 | M16: =ROUND((L16/$E$1),0) -> 0
A19: 1 | C19: Hawane CLC Church | G19: =+$G$3 -> Year | H19: =+G19 -> Year | I19: =+H19 -> Year | J19: =+I19 -> Year | K19: =+J19 -> Year | L19: =+K19 -> Year | M19: =+L19 -> Year | S19: =+C19 -> Hawane CLC Church | T19: =+L23 -> 1019 | U19: =+L24+L25 -> 390 | V19: =+L26+L27 -> 629 | W19: =+L30 -> 14 | X19: =+L28 -> 0
C20: =+$C4 -> December 2024 | G20: =+$G$4 -> Mnt | H20: =+G20 -> Mnt | I20: =+H20 -> Mnt | J20: =+I20 -> Mnt | K20: =+J20 -> Mnt | L20: =+K20 -> Mnt | M20: =+L20 -> Mnt
G21: =+$G$5 -> 1 | H21: =+$H$5 -> 8 | I21: =+$I$5 -> 15 | J21: =+$J$5 -> 22 | K21: =+$K$5 -> 29 | L21: Total | M21: Average
C23: Church Attendance: | G23: =SUM(G24:G27) -> 151 | H23: =SUM(H24:H27) -> 198 | I23: =SUM(I24:I27) -> 306 | J23: =SUM(J24:J27) -> 213 | K23: =SUM(K24:K27) -> 151 | L23: =SUM(L24:L27) -> 1019 | M23: =ROUND((L23/$E$1),0) -> 204
D24: Men | G24: 21 | H24: 19 | I24: 42 | J24: 18 | K24: 17 | L24: =SUM(G24:K24) -> 117 | M24: =ROUND((L24/$E$1),0) -> 23
D25: Women | G25: 47 | H25: 42 | I25: 104 | J25: 48 | K25: 32 | L25: =SUM(G25:K25) -> 273 | M25: =ROUND((L25/$E$1),0) -> 55
D26: Youth | G26: 72 | H26: 87 | I26: 123 | J26: 88 | K26: 56 | L26: =SUM(G26:K26) -> 426 | M26: =ROUND((L26/$E$1),0) -> 85
D27: Children | G27: 11 | H27: 50 | I27: 37 | J27: 59 | K27: 46 | L27: =SUM(G27:K27) -> 203 | M27: =ROUND((L27/$E$1),0) -> 41
C28: Salvations | L28: =SUM(G28:K28) -> 0 | M28: =ROUND((L28/$E$1),0) -> 0
C29: Baptisms | L29: =SUM(G29:K29) -> 0 | M29: =ROUND((L29/$E$1),0) -> 0
C30: Home Visits | G30: 7 | H30: 7 | L30: =SUM(G30:K30) -> 14 | M30: =ROUND((L30/$E$1),0) -> 3
C31: Meals / Food Packs | L31: =SUM(G31:K31) -> 0 | M31: =ROUND((L31/$E$1),0) -> 0
C32: Preschool Attendance | L32: =SUM(G32:K32) -> 0 | M32: =ROUND((L32/$E$1),0) -> 0
A35: =+A19+1 -> 2 | C35: Ngwenya | G35: =+$G$3 -> Year | H35: =+G35 -> Year | I35: =+H35 -> Year | J35: =+I35 -> Year | K35: =+J35 -> Year | L35: =+K35 -> Year | M35: =+L35 -> Year | S35: =+C35 -> Ngwenya | T35: =+L39 -> 406 | U35: =+L40+L41 -> 111 | V35: =+L42+L43 -> 295 | W35: =+L46 -> 48 | X35: =+L44 -> 15
C36: =+$C20 -> December 2024 | G36: =+$G$4 -> Mnt | H36: =+G36 -> Mnt | I36: =+H36 -> Mnt | J36: =+I36 -> Mnt | K36: =+J36 -> Mnt | L36: =+K36 -> Mnt | M36: =+L36 -> Mnt
G37: =+$G$5 -> 1 | H37: =+$H$5 -> 8 | I37: =+$I$5 -> 15 | J37: =+$J$5 -> 22 | K37: =+$K$5 -> 29 | L37: Total | M37: Average
C39: Church Attendance: | G39: =SUM(G40:G43) -> 86 | H39: =SUM(H40:H43) -> 72 | I39: =SUM(I40:I43) -> 67 | J39: =SUM(J40:J43) -> 84 | K39: =SUM(K40:K43) -> 97 | L39: =SUM(L40:L43) -> 406 | M39: =ROUND((L39/$E$1),0) -> 81
D40: Men | G40: 8 | H40: 5 | I40: 4 | J40: 6 | K40: 7 | L40: =SUM(G40:K40) -> 30 | M40: =ROUND((L40/$E$1),0) -> 6
D41: Women | G41: 18 | H41: 12 | I41: 13 | J41: 18 | K41: 20 | L41: =SUM(G41:K41) -> 81 | M41: =ROUND((L41/$E$1),0) -> 16
D42: Youth | G42: 20 | H42: 20 | I42: 15 | J42: 20 | K42: 25 | L42: =SUM(G42:K42) -> 100 | M42: =ROUND((L42/$E$1),0) -> 20
D43: Children | G43: 40 | H43: 35 | I43: 35 | J43: 40 | K43: 45 | L43: =SUM(G43:K43) -> 195 | M43: =ROUND((L43/$E$1),0) -> 39
C44: Salvations | G44: 2 | H44: 4 | J44: 3 | K44: 6 | L44: =SUM(G44:K44) -> 15 | M44: =ROUND((L44/$E$1),0) -> 3
C45: Baptisms | L45: =SUM(G45:K45) -> 0 | M45: =ROUND((L45/$E$1),0) -> 0
C46: Home Visits | G46: 10 | H46: 13 | I46: 11 | J46: 10 | K46: 4 | L46: =SUM(G46:K46) -> 48 | M46: =ROUND((L46/$E$1),0) -> 10
C47: Meals / Food Packs | G47: 128 | H47: 128 | I47: 64 | J47: 128 | K47: 64 | L47: =SUM(G47:K47) -> 512 | M47: =ROUND((L47/$E$1),0) -> 102
C48: Preschool Attendance | L48: =SUM(G48:K48) -> 0 | M48: =ROUND((L48/$E$1),0) -> 0
A51: =+A35+1 -> 3 | C51: Lavumisa | G51: =+$G$3 -> Year | H51: =+G51 -> Year | I51: =+H51 -> Year | J51: =+I51 -> Year | K51: =+J51 -> Year | L51: =+K51 -> Year | M51: =+L51 -> Year | S51: =+C51 -> Lavumisa | T51: =+L55 -> 318 | U51: =+L56+L57 -> 88 | V51: =+L58+L59 -> 230 | W51: =+L62 -> 28 | X51: =+L60 -> 0
C52: =+$C36 -> December 2024 | G52: =+$G$4 -> Mnt | H52: =+G52 -> Mnt | I52: =+H52 -> Mnt | J52: =+I52 -> Mnt | K52: =+J52 -> Mnt | L52: =+K52 -> Mnt | M52: =+L52 -> Mnt
G53: =+$G$5 -> 1 | H53: =+$H$5 -> 8 | I53: =+$I$5 -> 15 | J53: =+$J$5 -> 22 | K53: =+$K$5 -> 29 | L53: Total | M53: Average
C55: Church Attendance: | G55: =SUM(G56:G59) -> 73 | H55: =SUM(H56:H59) -> 60 | I55: =SUM(I56:I59) -> 29 | J55: =SUM(J56:J59) -> 78 | K55: =SUM(K56:K59) -> 78 | L55: =SUM(L56:L59) -> 318 | M55: =ROUND((L55/$E$1),0) -> 64
D56: Men | G56: 8 | H56: 2 | I56: 2 | J56: 3 | K56: 3 | L56: =SUM(G56:K56) -> 18 | M56: =ROUND((L56/$E$1),0) -> 4
D57: Women | G57: 18 | H57: 14 | I57: 4 | J57: 18 | K57: 16 | L57: =SUM(G57:K57) -> 70 | M57: =ROUND((L57/$E$1),0) -> 14
D58: Youth | G58: 16 | H58: 16 | I58: 13 | J58: 23 | K58: 23 | L58: =SUM(G58:K58) -> 91 | M58: =ROUND((L58/$E$1),0) -> 18
D59: Children | G59: 31 | H59: 28 | I59: 10 | J59: 34 | K59: 36 | L59: =SUM(G59:K59) -> 139 | M59: =ROUND((L59/$E$1),0) -> 28
C60: Salvations | L60: =SUM(G60:K60) -> 0 | M60: =ROUND((L60/$E$1),0) -> 0
C61: Baptisms | L61: =SUM(G61:K61) -> 0 | M61: =ROUND((L61/$E$1),0) -> 0
C62: Home Visits | H62: 9 | I62: 6 | J62: 7 | K62: 6 | L62: =SUM(G62:K62) -> 28 | M62: =ROUND((L62/$E$1),0) -> 6
C63: Meals / Food Packs | L63: =SUM(G63:K63) -> 0 | M63: =ROUND((L63/$E$1),0) -> 0
C64: Preschool Attendance | L64: =SUM(G64:K64) -> 0 | M64: =ROUND((L64/$E$1),0) -> 0
A67: =+A51+1 -> 4 | C67: Engcamini | G67: =+$G$3 -> Year | H67: =+G67 -> Year | I67: =+H67 -> Year | J67: =+I67 -> Year | K67: =+J67 -> Year | L67: =+K67 -> Year | M67: =+L67 -> Year | S67: =+C67 -> Engcamini | T67: =+L71 -> 568 | U67: =+L72+L73 -> 103 | V67: =+L74+L75 -> 465 | W67: =+L78 -> 9 | X67: =+L76 -> 0
C68: =+$C52 -> December 2024 | G68: =+$G$4 -> Mnt | H68: =+G68 -> Mnt | I68: =+H68 -> Mnt | J68: =+I68 -> Mnt | K68: =+J68 -> Mnt | L68: =+K68 -> Mnt | M68: =+L68 -> Mnt
G69: =+$G$5 -> 1 | H69: =+$H$5 -> 8 | I69: =+$I$5 -> 15 | J69: =+$J$5 -> 22 | K69: =+$K$5 -> 29 | L69: Total | M69: Average
C71: Church Attendance: | G71: =SUM(G72:G75) -> 104 | H71: =SUM(H72:H75) -> 197 | I71: =SUM(I72:I75) -> 98 | J71: =SUM(J72:J75) -> 105 | K71: =SUM(K72:K75) -> 64 | L71: =SUM(L72:L75) -> 568 | M71: =ROUND((L71/$E$1),0) -> 114
D72: Men | G72: 1 | H72: 4 | I72: 2 | J72: 2 | K72: 7 | L72: =SUM(G72:K72) -> 16 | M72: =ROUND((L72/$E$1),0) -> 3
D73: Women | G73: 13 | H73: 30 | I73: 14 | J73: 13 | K73: 17 | L73: =SUM(G73:K73) -> 87 | M73: =ROUND((L73/$E$1),0) -> 17
D74: Youth | G74: 13 | H74: 25 | I74: 9 | J74: 14 | K74: 16 | L74: =SUM(G74:K74) -> 77 | M74: =ROUND((L74/$E$1),0) -> 15
D75: Children | G75: 77 | H75: 138 | I75: 73 | J75: 76 | K75: 24 | L75: =SUM(G75:K75) -> 388 | M75: =ROUND((L75/$E$1),0) -> 78
C76: Salvations | L76: =SUM(G76:K76) -> 0 | M76: =ROUND((L76/$E$1),0) -> 0
C77: Baptisms | L77: =SUM(G77:K77) -> 0 | M77: =ROUND((L77/$E$1),0) -> 0
C78: Home Visits | G78: 2 | H78: 4 | J78: 1 | K78: 2 | L78: =SUM(G78:K78) -> 9 | M78: =ROUND((L78/$E$1),0) -> 2
C79: Meals / Food Packs | G79: 120 | H79: 82 | I79: 6 | L79: =SUM(G79:K79) -> 208 | M79: =ROUND((L79/$E$1),0) -> 42
C80: Preschool Attendance | L80: =SUM(G80:K80) -> 0 | M80: =ROUND((L80/$E$1),0) -> 0
A83: =+A67+1 -> 5 | C83: Pine Valley | G83: =+$G$3 -> Year | H83: =+G83 -> Year | I83: =+H83 -> Year | J83: =+I83 -> Year | K83: =+J83 -> Year | L83: =+K83 -> Year | M83: =+L83 -> Year | S83: =+C83 -> Pine Valley | T83: =+L87 -> 0 | U83: =+L88+L89 -> 0 | V83: =+L90+L91 -> 0 | W83: =+L94 -> 0 | X83: =+L92 -> 0
C84: =+$C68 -> December 2024 | G84: =+$G$4 -> Mnt | H84: =+G84 -> Mnt | I84: =+H84 -> Mnt | J84: =+I84 -> Mnt | K84: =+J84 -> Mnt | L84: =+K84 -> Mnt | M84: =+L84 -> Mnt
G85: =+$G$5 -> 1 | H85: =+$H$5 -> 8 | I85: =+$I$5 -> 15 | J85: =+$J$5 -> 22 | K85: =+$K$5 -> 29 | L85: Total | M85: Average
C87: Church Attendance: | G87: =SUM(G88:G91) -> 0 | H87: =SUM(H88:H91) -> 0 | I87: =SUM(I88:I91) -> 0 | J87: =SUM(J88:J91) -> 0 | K87: =SUM(K88:K91) -> 0 | L87: =SUM(L88:L91) -> 0 | M87: =ROUND((L87/$E$1),0) -> 0
D88: Men | L88: =SUM(G88:K88) -> 0 | M88: =ROUND((L88/$E$1),0) -> 0
D89: Women | L89: =SUM(G89:K89) -> 0 | M89: =ROUND((L89/$E$1),0) -> 0
D90: Youth | L90: =SUM(G90:K90) -> 0 | M90: =ROUND((L90/$E$1),0) -> 0
D91: Children | L91: =SUM(G91:K91) -> 0 | M91: =ROUND((L91/$E$1),0) -> 0
C92: Salvations | L92: =SUM(G92:K92) -> 0 | M92: =ROUND((L92/$E$1),0) -> 0
C93: Baptisms | L93: =SUM(G93:K93) -> 0 | M93: =ROUND((L93/$E$1),0) -> 0
C94: Home Visits | L94: =SUM(G94:K94) -> 0 | M94: =ROUND((L94/$E$1),0) -> 0
C95: Meals / Food Packs | L95: =SUM(G95:K95) -> 0 | M95: =ROUND((L95/$E$1),0) -> 0
C96: Preschool Attendance | L96: =SUM(G96:K96) -> 0 | M96: =ROUND((L96/$E$1),0) -> 0
A99: =+A83+1 -> 6 | C99: Ngwempisi | G99: =+$G$3 -> Year | H99: =+G99 -> Year | I99: =+H99 -> Year | J99: =+I99 -> Year | K99: =+J99 -> Year | L99: =+K99 -> Year | M99: =+L99 -> Year | S99: =+C99 -> Ngwempisi | T99: =+L103 -> 328 | U99: =+L104+L105 -> 117 | V99: =+L106+L107 -> 211 | W99: =+L110 -> 4 | X99: =+L108 -> 0
C100: =+$C84 -> December 2024 | G100: =+$G$4 -> Mnt | H100: =+G100 -> Mnt | I100: =+H100 -> Mnt | J100: =+I100 -> Mnt | K100: =+J100 -> Mnt | L100: =+K100 -> Mnt | M100: =+L100 -> Mnt
G101: =+$G$5 -> 1 | H101: =+$H$5 -> 8 | I101: =+$I$5 -> 15 | J101: =+$J$5 -> 22 | K101: =+$K$5 -> 29 | L101: Total | M101: Average
C103: Church Attendance: | G103: =SUM(G104:G107) -> 84 | H103: =SUM(H104:H107) -> 91 | I103: =SUM(I104:I107) -> 80 | J103: =SUM(J104:J107) -> 0 | K103: =SUM(K104:K107) -> 73 | L103: =SUM(L104:L107) -> 328 | M103: =ROUND((L103/$E$1),0) -> 66
D104: Men | G104: 4 | H104: 5 | I104: 5 | K104: 5 | L104: =SUM(G104:K104) -> 19 | M104: =ROUND((L104/$E$1),0) -> 4
D105: Women | G105: 25 | H105: 27 | I105: 23 | K105: 23 | L105: =SUM(G105:K105) -> 98 | M105: =ROUND((L105/$E$1),0) -> 20
D106: Youth | G106: 18 | H106: 21 | I106: 18 | K106: 16 | L106: =SUM(G106:K106) -> 73 | M106: =ROUND((L106/$E$1),0) -> 15
D107: Children | G107: 37 | H107: 38 | I107: 34 | K107: 29 | L107: =SUM(G107:K107) -> 138 | M107: =ROUND((L107/$E$1),0) -> 28
C108: Salvations | L108: =SUM(G108:K108) -> 0 | M108: =ROUND((L108/$E$1),0) -> 0
C109: Baptisms | L109: =SUM(G109:K109) -> 0 | M109: =ROUND((L109/$E$1),0) -> 0
C110: Home Visits | K110: 4 | L110: =SUM(G110:K110) -> 4 | M110: =ROUND((L110/$E$1),0) -> 1
C111: Meals / Food Packs | L111: =SUM(G111:K111) -> 0 | M111: =ROUND((L111/$E$1),0) -> 0
C112: Preschool Attendance | L112: =SUM(G112:K112) -> 0 | M112: =ROUND((L112/$E$1),0) -> 0
A115: =+A99+1 -> 7 | C115: Gebeni | G115: =+$G$3 -> Year | H115: =+G115 -> Year | I115: =+H115 -> Year | J115: =+I115 -> Year | K115: =+J115 -> Year | L115: =+K115 -> Year | M115: =+L115 -> Year | S115: =+C115 -> Gebeni | T115: =+L119 -> 335 | U115: =+L120+L121 -> 83 | V115: =+L122+L123 -> 252 | W115: =+L126 -> 23 | X115: =+L124 -> 1
C116: =+$C100 -> December 2024 | G116: =+$G$4 -> Mnt | H116: =+G116 -> Mnt | I116: =+H116 -> Mnt | J116: =+I116 -> Mnt | K116: =+J116 -> Mnt | L116: =+K116 -> Mnt | M116: =+L116 -> Mnt
G117: =+$G$5 -> 1 | H117: =+$H$5 -> 8 | I117: =+$I$5 -> 15 | J117: =+$J$5 -> 22 | K117: =+$K$5 -> 29 | L117: Total | M117: Average
C119: Church Attendance: | G119: =SUM(G120:G123) -> 68 | H119: =SUM(H120:H123) -> 66 | I119: =SUM(I120:I123) -> 60 | J119: =SUM(J120:J123) -> 93 | K119: =SUM(K120:K123) -> 48 | L119: =SUM(L120:L123) -> 335 | M119: =ROUND((L119/$E$1),0) -> 67
D120: Men | G120: 2 | H120: 3 | I120: 3 | J120: 5 | K120: 4 | L120: =SUM(G120:K120) -> 17 | M120: =ROUND((L120/$E$1),0) -> 3
D121: Women | G121: 17 | H121: 12 | I121: 13 | J121: 18 | K121: 6 | L121: =SUM(G121:K121) -> 66 | M121: =ROUND((L121/$E$1),0) -> 13
D122: Youth | G122: 19 | H122: 21 | I122: 12 | J122: 22 | K122: 17 | L122: =SUM(G122:K122) -> 91 | M122: =ROUND((L122/$E$1),0) -> 18
D123: Children | G123: 30 | H123: 30 | I123: 32 | J123: 48 | K123: 21 | L123: =SUM(G123:K123) -> 161 | M123: =ROUND((L123/$E$1),0) -> 32
...

Sheet Jan-25
D1: Number of Sundays | E1: 4 | S1: ICBC | T1: =+C7 -> Church Attendance: | U1: Adults | V1: Youth & Children | W1: Home Visits | X1: =+C12 -> Salvations
C3: Total ICBC | G3: Year | H3: =+G3 -> Year | I3: =+H3 -> Year | J3: =+I3 -> Year | K3: =+J3 -> Year | L3: =+K3 -> Year | M3: =+L3 -> Year | S3: =+C3 -> Total ICBC | T3: =+L7 -> 11572 | U3: =+L8+L9 -> 2871 | V3: =+L10+L11 -> 8701 | W3: =+L14 -> 447 | X3: =+L12 -> 182
C4: January 2025 | G4: Mnt | H4: =+G4 -> Mnt | I4: =+H4 -> Mnt | J4: =+I4 -> Mnt | K4: =+J4 -> Mnt | L4: =+K4 -> Mnt | M4: =+L4 -> Mnt
G5: 5 | H5: 12 | I5: 19 | J5: 26 | K5: 0 | L5: Total | M5: Average
C7: Church Attendance: | G7: =SUM(G8:G11) -> 2749 | H7: =SUM(H8:H11) -> 2639 | I7: =SUM(I8:I11) -> 3058 | J7: =SUM(J8:J11) -> 3126 | K7: =SUM(K8:K11) -> 0 | L7: =SUM(L8:L11) -> 11572 | M7: =ROUND((L7/$E$1),0) -> 2893
D8: Men | G8: =+G24+G40+G56+G72+G88+G104+G120+G136+G152+G168+G184+G200+G216+G232+G248+G264+G280+G296+G312+G328+G344+G360+G376+G392+G408+G424+G440+G456+G472+G488+G504+G520+G536+G552+G568+G584+G600+G616+G632+G648+G664+G680+G696+G712+G728+G744+G760+G776+G792+G808 -> 180 | H8: =+H24+H40+H56+H72+H88+H104+H120+H136+H152+H168+H184+H200+H216+H232+H248+H264+H280+H296+H312+H328+H344+H360+H376+H392+H408+H424+H440+H456+H472+H488+H504+H520+H536+H552+H568+H584+H600+H616+H632+H648+H664+H680+H696+H712+H728+H744+H760+H776+H792+H808 -> 199 | I8: =+I24+I40+I56+I72+I88+I104+I120+I136+I152+I168+I184+I200+I216+I232+I248+I264+I280+I296+I312+I328+I344+I360+I376+I392+I408+I424+I440+I456+I472+I488+I504+I520+I536+I552+I568+I584+I600+I616+I632+I648+I664+I680+I696+I712+I728+I744+I760+I776+I792+I808 -> 186 | J8: =+J24+J40+J56+J72+J88+J104+J120+J136+J152+J168+J184+J200+J216+J232+J248+J264+J280+J296+J312+J328+J344+J360+J376+J392+J408+J424+J440+J456+J472+J488+J504+J520+J536+J552+J568+J584+J600+J616+J632+J648+J664+J680+J696+J712+J728+J744+J760+J776+J792+J808 -> 199 | K8: =+K24+K40+K56+K72+K88+K104+K120+K136+K152+K168+K184+K200+K216+K232+K248+K264+K280+K296+K312+K328+K344+K360+K376+K392+K408+K424+K440+K456+K472+K488+K504+K520+K536+K552+K568+K584+K600+K616+K632+K648+K664+K680+K696+K712+K728+K744+K760+K776+K792+K808 -> 0 | L8: =SUM(G8:K8) -> 764 | M8: =ROUND((L8/$E$1),0) -> 191
D9: Women | G9: =+G25+G41+G57+G73+G89+G105+G121+G137+G153+G169+G185+G201+G217+G233+G249+G265+G281+G297+G313+G329+G345+G361+G377+G393+G409+G425+G441+G457+G473+G489+G505+G521+G537+G553+G569+G585+G601+G617+G633+G649+G665+G681+G697+G713+G729+G745+G761+G777+G793+G809 -> 492 | H9: =+H25+H41+H57+H73+H89+H105+H121+H137+H153+H169+H185+H201+H217+H233+H249+H265+H281+H297+H313+H329+H345+H361+H377+H393+H409+H425+H441+H457+H473+H489+H505+H521+H537+H553+H569+H585+H601+H617+H633+H649+H665+H681+H697+H713+H729+H745+H761+H777+H793+H809 -> 491 | I9: =+I25+I41+I57+I73+I89+I105+I121+I137+I153+I169+I185+I201+I217+I233+I249+I265+I281+I297+I313+I329+I345+I361+I377+I393+I409+I425+I441+I457+I473+I489+I505+I521+I537+I553+I569+I585+I601+I617+I633+I649+I665+I681+I697+I713+I729+I745+I761+I777+I793+I809 -> 570 | J9: =+J25+J41+J57+J73+J89+J105+J121+J137+J153+J169+J185+J201+J217+J233+J249+J265+J281+J297+J313+J329+J345+J361+J377+J393+J409+J425+J441+J457+J473+J489+J505+J521+J537+J553+J569+J585+J601+J617+J633+J649+J665+J681+J697+J713+J729+J745+J761+J777+J793+J809 -> 554 | K9: =+K25+K41+K57+K73+K89+K105+K121+K137+K153+K169+K185+K201+K217+K233+K249+K265+K281+K297+K313+K329+K345+K361+K377+K393+K409+K425+K441+K457+K473+K489+K505+K521+K537+K553+K569+K585+K601+K617+K633+K649+K665+K681+K697+K713+K729+K745+K761+K777+K793+K809 -> 0 | L9: =SUM(G9:K9) -> 2107 | M9: =ROUND((L9/$E$1),0) -> 527
D10: Youth | G10: =+G26+G42+G58+G74+G90+G106+G122+G138+G154+G170+G186+G202+G218+G234+G250+G266+G282+G298+G314+G330+G346+G362+G378+G394+G410+G426+G442+G458+G474+G490+G506+G522+G538+G554+G570+G586+G602+G618+G634+G650+G666+G682+G698+G714+G730+G746+G762+G778+G794+G810 -> 712 | H10: =+H26+H42+H58+H74+H90+H106+H122+H138+H154+H170+H186+H202+H218+H234+H250+H266+H282+H298+H314+H330+H346+H362+H378+H394+H410+H426+H442+H458+H474+H490+H506+H522+H538+H554+H570+H586+H602+H618+H634+H650+H666+H682+H698+H714+H730+H746+H762+H778+H794+H810 -> 706 | I10: =+I26+I42+I58+I74+I90+I106+I122+I138+I154+I170+I186+I202+I218+I234+I250+I266+I282+I298+I314+I330+I346+I362+I378+I394+I410+I426+I442+I458+I474+I490+I506+I522+I538+I554+I570+I586+I602+I618+I634+I650+I666+I682+I698+I714+I730+I746+I762+I778+I794+I810 -> 746 | J10: =+J26+J42+J58+J74+J90+J106+J122+J138+J154+J170+J186+J202+J218+J234+J250+J266+J282+J298+J314+J330+J346+J362+J378+J394+J410+J426+J442+J458+J474+J490+J506+J522+J538+J554+J570+J586+J602+J618+J634+J650+J666+J682+J698+J714+J730+J746+J762+J778+J794+J810 -> 816 | K10: =+K26+K42+K58+K74+K90+K106+K122+K138+K154+K170+K186+K202+K218+K234+K250+K266+K282+K298+K314+K330+K346+K362+K378+K394+K410+K426+K442+K458+K474+K490+K506+K522+K538+K554+K570+K586+K602+K618+K634+K650+K666+K682+K698+K714+K730+K746+K762+K778+K794+K810 -> 0 | L10: =SUM(G10:K10) -> 2980 | M10: =ROUND((L10/$E$1),0) -> 745
D11: Children | G11: =+G27+G43+G59+G75+G91+G107+G123+G139+G155+G171+G187+G203+G219+G235+G251+G267+G283+G299+G315+G331+G347+G363+G379+G395+G411+G427+G443+G459+G475+G491+G507+G523+G539+G555+G571+G587+G603+G619+G635+G651+G667+G683+G699+G715+G731+G747+G763+G779+G795+G811 -> 1365 | H11: =+H27+H43+H59+H75+H91+H107+H123+H139+H155+H171+H187+H203+H219+H235+H251+H267+H283+H299+H315+H331+H347+H363+H379+H395+H411+H427+H443+H459+H475+H491+H507+H523+H539+H555+H571+H587+H603+H619+H635+H651+H667+H683+H699+H715+H731+H747+H763+H779+H795+H811 -> 1243 | I11: =+I27+I43+I59+I75+I91+I107+I123+I139+I155+I171+I187+I203+I219+I235+I251+I267+I283+I299+I315+I331+I347+I363+I379+I395+I411+I427+I443+I459+I475+I491+I507+I523+I539+I555+I571+I587+I603+I619+I635+I651+I667+I683+I699+I715+I731+I747+I763+I779+I795+I811 -> 1556 | J11: =+J27+J43+J59+J75+J91+J107+J123+J139+J155+J171+J187+J203+J219+J235+J251+J267+J283+J299+J315+J331+J347+J363+J379+J395+J411+J427+J443+J459+J475+J491+J507+J523+J539+J555+J571+J587+J603+J619+J635+J651+J667+J683+J699+J715+J731+J747+J763+J779+J795+J811 -> 1557 | K11: =+K27+K43+K59+K75+K91+K107+K123+K139+K155+K171+K187+K203+K219+K235+K251+K267+K283+K299+K315+K331+K347+K363+K379+K395+K411+K427+K443+K459+K475+K491+K507+K523+K539+K555+K571+K587+K603+K619+K635+K651+K667+K683+K699+K715+K731+K747+K763+K779+K795+K811 -> 0 | L11: =SUM(G11:K11) -> 5721 | M11: =ROUND((L11/$E$1),0) -> 1430
C12: Salvations | G12: =+G28+G44+G60+G76+G92+G108+G124+G140+G156+G172+G188+G204+G220+G236+G252+G268+G284+G300+G316+G332+G348+G364+G380+G396+G412+G428+G444+G460+G476+G492+G508+G524+G540+G556+G572+G588+G604+G620+G636+G652+G668+G684+G700+G716+G732+G748+G764+G780+G796+G812 -> 41 | H12: =+H28+H44+H60+H76+H92+H108+H124+H140+H156+H172+H188+H204+H220+H236+H252+H268+H284+H300+H316+H332+H348+H364+H380+H396+H412+H428+H444+H460+H476+H492+H508+H524+H540+H556+H572+H588+H604+H620+H636+H652+H668+H684+H700+H716+H732+H748+H764+H780+H796+H812 -> 45 | I12: =+I28+I44+I60+I76+I92+I108+I124+I140+I156+I172+I188+I204+I220+I236+I252+I268+I284+I300+I316+I332+I348+I364+I380+I396+I412+I428+I444+I460+I476+I492+I508+I524+I540+I556+I572+I588+I604+I620+I636+I652+I668+I684+I700+I716+I732+I748+I764+I780+I796+I812 -> 34 | J12: =+J28+J44+J60+J76+J92+J108+J124+J140+J156+J172+J188+J204+J220+J236+J252+J268+J284+J300+J316+J332+J348+J364+J380+J396+J412+J428+J444+J460+J476+J492+J508+J524+J540+J556+J572+J588+J604+J620+J636+J652+J668+J684+J700+J716+J732+J748+J764+J780+J796+J812 -> 62 | K12: =+K28+K44+K60+K76+K92+K108+K124+K140+K156+K172+K188+K204+K220+K236+K252+K268+K284+K300+K316+K332+K348+K364+K380+K396+K412+K428+K444+K460+K476+K492+K508+K524+K540+K556+K572+K588+K604+K620+K636+K652+K668+K684+K700+K716+K732+K748+K764+K780+K796+K812 -> 0 | L12: =SUM(G12:K12) -> 182 | M12: =ROUND((L12/$E$1),0) -> 46
C13: Baptisms | G13: =+G29+G45+G61+G77+G93+G109+G125+G141+G157+G173+G189+G205+G221+G237+G253+G269+G285+G301+G317+G333+G349+G365+G381+G397+G413+G429+G445+G461+G477+G493+G509+G525+G541+G557+G573+G589+G605+G621+G637+G653+G669+G685+G701+G717+G733+G749+G765+G781+G797+G813 -> 0 | H13: =+H29+H45+H61+H77+H93+H109+H125+H141+H157+H173+H189+H205+H221+H237+H253+H269+H285+H301+H317+H333+H349+H365+H381+H397+H413+H429+H445+H461+H477+H493+H509+H525+H541+H557+H573+H589+H605+H621+H637+H653+H669+H685+H701+H717+H733+H749+H765+H781+H797+H813 -> 0 | I13: =+I29+I45+I61+I77+I93+I109+I125+I141+I157+I173+I189+I205+I221+I237+I253+I269+I285+I301+I317+I333+I349+I365+I381+I397+I413+I429+I445+I461+I477+I493+I509+I525+I541+I557+I573+I589+I605+I621+I637+I653+I669+I685+I701+I717+I733+I749+I765+I781+I797+I813 -> 0 | J13: =+J29+J45+J61+J77+J93+J109+J125+J141+J157+J173+J189+J205+J221+J237+J253+J269+J285+J301+J317+J333+J349+J365+J381+J397+J413+J429+J445+J461+J477+J493+J509+J525+J541+J557+J573+J589+J605+J621+J637+J653+J669+J685+J701+J717+J733+J749+J765+J781+J797+J813 -> 0 | K13: =+K29+K45+K61+K77+K93+K109+K125+K141+K157+K173+K189+K205+K221+K237+K253+K269+K285+K301+K317+K333+K349+K365+K381+K397+K413+K429+K445+K461+K477+K493+K509+K525+K541+K557+K573+K589+K605+K621+K637+K653+K669+K685+K701+K717+K733+K749+K765+K781+K797+K813 -> 0 | L13: =SUM(G13:K13) -> 0 | M13: =ROUND((L13/$E$1),0) -> 0
C14: Home Visits | G14: =+G30+G46+G62+G78+G94+G110+G126+G142+G158+G174+G190+G206+G222+G238+G254+G270+G286+G302+G318+G334+G350+G366+G382+G398+G414+G430+G446+G462+G478+G494+G510+G526+G542+G558+G574+G590+G606+G622+G638+G654+G670+G686+G702+G718+G734+G750+G766+G782+G798+G814 -> 99 | H14: =+H30+H46+H62+H78+H94+H110+H126+H142+H158+H174+H190+H206+H222+H238+H254+H270+H286+H302+H318+H334+H350+H366+H382+H398+H414+H430+H446+H462+H478+H494+H510+H526+H542+H558+H574+H590+H606+H622+H638+H654+H670+H686+H702+H718+H734+H750+H766+H782+H798+H814 -> 114 | I14: =+I30+I46+I62+I78+I94+I110+I126+I142+I158+I174+I190+I206+I222+I238+I254+I270+I286+I302+I318+I334+I350+I366+I382+I398+I414+I430+I446+I462+I478+I494+I510+I526+I542+I558+I574+I590+I606+I622+I638+I654+I670+I686+I702+I718+I734+I750+I766+I782+I798+I814 -> 133 | J14: =+J30+J46+J62+J78+J94+J110+J126+J142+J158+J174+J190+J206+J222+J238+J254+J270+J286+J302+J318+J334+J350+J366+J382+J398+J414+J430+J446+J462+J478+J494+J510+J526+J542+J558+J574+J590+J606+J622+J638+J654+J670+J686+J702+J718+J734+J750+J766+J782+J798+J814 -> 101 | K14: =+K30+K46+K62+K78+K94+K110+K126+K142+K158+K174+K190+K206+K222+K238+K254+K270+K286+K302+K318+K334+K350+K366+K382+K398+K414+K430+K446+K462+K478+K494+K510+K526+K542+K558+K574+K590+K606+K622+K638+K654+K670+K686+K702+K718+K734+K750+K766+K782+K798+K814 -> 0 | L14: =SUM(G14:K14) -> 447 | M14: =ROUND((L14/$E$1),0) -> 112
C15: Meals / Food Packs | G15: =+G31+G47+G63+G79+G95+G111+G127+G143+G159+G175+G191+G207+G223+G239+G255+G271+G287+G303+G319+G335+G351+G367+G383+G399+G415+G431+G447+G463+G479+G495+G511+G527+G543+G559+G575+G591+G607+G623+G639+G655+G671+G687+G703+G719+G735+G751+G767+G783+G799+G815 -> 1516 | H15: =+H31+H47+H63+H79+H95+H111+H127+H143+H159+H175+H191+H207+H223+H239+H255+H271+H287+H303+H319+H335+H351+H367+H383+H399+H415+H431+H447+H463+H479+H495+H511+H527+H543+H559+H575+H591+H607+H623+H639+H655+H671+H687+H703+H719+H735+H751+H767+H783+H799+H815 -> 1717 | I15: =+I31+I47+I63+I79+I95+I111+I127+I143+I159+I175+I191+I207+I223+I239+I255+I271+I287+I303+I319+I335+I351+I367+I383+I399+I415+I431+I447+I463+I479+I495+I511+I527+I543+I559+I575+I591+I607+I623+I639+I655+I671+I687+I703+I719+I735+I751+I767+I783+I799+I815 -> 2811 | J15: =+J31+J47+J63+J79+J95+J111+J127+J143+J159+J175+J191+J207+J223+J239+J255+J271+J287+J303+J319+J335+J351+J367+J383+J399+J415+J431+J447+J463+J479+J495+J511+J527+J543+J559+J575+J591+J607+J623+J639+J655+J671+J687+J703+J719+J735+J751+J767+J783+J799+J815 -> 1581 | K15: =+K31+K47+K63+K79+K95+K111+K127+K143+K159+K175+K191+K207+K223+K239+K255+K271+K287+K303+K319+K335+K351+K367+K383+K399+K415+K431+K447+K463+K479+K495+K511+K527+K543+K559+K575+K591+K607+K623+K639+K655+K671+K687+K703+K719+K735+K751+K767+K783+K799+K815 -> 0 | L15: =SUM(G15:K15) -> 7625 | M15: =ROUND((L15/$E$1),0) -> 1906
C16: Preschool Attendance | G16: =+G32+G48+G64+G80+G96+G112+G128+G144+G160+G176+G192+G208+G224+G240+G256+G272+G288+G304+G320+G336+G352+G368+G384+G400+G416+G432+G448+G464+G480+G496+G512+G528+G544+G560+G576+G592+G608+G624+G640+G656+G672+G688+G704+G720+G736+G752+G768+G784+G800+G816 -> 0 | H16: =+H32+H48+H64+H80+H96+H112+H128+H144+H160+H176+H192+H208+H224+H240+H256+H272+H288+H304+H320+H336+H352+H368+H384+H400+H416+H432+H448+H464+H480+H496+H512+H528+H544+H560+H576+H592+H608+H624+H640+H656+H672+H688+H704+H720+H736+H752+H768+H784+H800+H816 -> 0 | I16: =+I32+I48+I64+I80+I96+I112+I128+I144+I160+I176+I192+I208+I224+I240+I256+I272+I288+I304+I320+I336+I352+I368+I384+I400+I416+I432+I448+I464+I480+I496+I512+I528+I544+I560+I576+I592+I608+I624+I640+I656+I672+I688+I704+I720+I736+I752+I768+I784+I800+I816 -> 0 | J16: =+J32+J48+J64+J80+J96+J112+J128+J144+J160+J176+J192+J208+J224+J240+J256+J272+J288+J304+J320+J336+J352+J368+J384+J400+J416+J432+J448+J464+J480+J496+J512+J528+J544+J560+J576+J592+J608+J624+J640+J656+J672+J688+J704+J720+J736+J752+J768+J784+J800+J816 -> 0 | K16: =+K32+K48+K64+K80+K96+K112+K128+K144+K160+K176+K192+K208+K224+K240+K256+K272+K288+K304+K320+K336+K352+K368+K384+K400+K416+K432+K448+K464+K480+K496+K512+K528+K544+K560+K576+K592+K608+K624+K640+K656+K672+K688+K704+K720+K736+K752+K768+K784+K800+K816 -> 0 | L16: =SUM(G16:K16) -> 0 | M16: =ROUND((L16/$E$1),0) -> 0
A19: 1 | C19: Hawane CLC Church | G19: =+$G$3 -> Year | H19: =+G19 -> Year | I19: =+H19 -> Year | J19: =+I19 -> Year | K19: =+J19 -> Year | L19: =+K19 -> Year | M19: =+L19 -> Year | S19: =+C19 -> Hawane CLC Church | T19: =+L23 -> 957 | U19: =+L24+L25 -> 295 | V19: =+L26+L27 -> 662 | W19: =+L30 -> 16 | X19: =+L28 -> 5
C20: =+$C4 -> January 2025 | G20: =+$G$4 -> Mnt | H20: =+G20 -> Mnt | I20: =+H20 -> Mnt | J20: =+I20 -> Mnt | K20: =+J20 -> Mnt | L20: =+K20 -> Mnt | M20: =+L20 -> Mnt
G21: =+$G$5 -> 5 | H21: =+$H$5 -> 12 | I21: =+$I$5 -> 19 | J21: =+$J$5 -> 26 | K21: =+$K$5 -> 0 | L21: Total | M21: Average
C23: Church Attendance: | G23: =SUM(G24:G27) -> 226 | H23: =SUM(H24:H27) -> 277 | I23: =SUM(I24:I27) -> 213 | J23: =SUM(J24:J27) -> 241 | K23: =SUM(K24:K27) -> 0 | L23: =SUM(L24:L27) -> 957 | M23: =ROUND((L23/$E$1),0) -> 239
D24: Men | G24: 16 | H24: 39 | I24: 20 | J24: 20 | L24: =SUM(G24:K24) -> 95 | M24: =ROUND((L24/$E$1),0) -> 24
D25: Women | G25: 45 | H25: 56 | I25: 43 | J25: 56 | L25: =SUM(G25:K25) -> 200 | M25: =ROUND((L25/$E$1),0) -> 50
D26: Youth | G26: 70 | H26: 95 | I26: 75 | J26: 85 | L26: =SUM(G26:K26) -> 325 | M26: =ROUND((L26/$E$1),0) -> 81
D27: Children | G27: 95 | H27: 87 | I27: 75 | J27: 80 | L27: =SUM(G27:K27) -> 337 | M27: =ROUND((L27/$E$1),0) -> 84
C28: Salvations | J28: 5 | L28: =SUM(G28:K28) -> 5 | M28: =ROUND((L28/$E$1),0) -> 1
C29: Baptisms | L29: =SUM(G29:K29) -> 0 | M29: =ROUND((L29/$E$1),0) -> 0
C30: Home Visits | G30: 6 | H30: 7 | J30: 3 | L30: =SUM(G30:K30) -> 16 | M30: =ROUND((L30/$E$1),0) -> 4
C31: Meals / Food Packs | L31: =SUM(G31:K31) -> 0 | M31: =ROUND((L31/$E$1),0) -> 0
C32: Preschool Attendance | L32: =SUM(G32:K32) -> 0 | M32: =ROUND((L32/$E$1),0) -> 0
A35: =+A19+1 -> 2 | C35: Ngwenya | G35: =+$G$3 -> Year | H35: =+G35 -> Year | I35: =+H35 -> Year | J35: =+I35 -> Year | K35: =+J35 -> Year | L35: =+K35 -> Year | M35: =+L35 -> Year | S35: =+C35 -> Ngwenya | T35: =+L39 -> 318 | U35: =+L40+L41 -> 74 | V35: =+L42+L43 -> 244 | W35: =+L46 -> 43 | X35: =+L44 -> 8
C36: =+$C20 -> January 2025 | G36: =+$G$4 -> Mnt | H36: =+G36 -> Mnt | I36: =+H36 -> Mnt | J36: =+I36 -> Mnt | K36: =+J36 -> Mnt | L36: =+K36 -> Mnt | M36: =+L36 -> Mnt
G37: =+$G$5 -> 5 | H37: =+$H$5 -> 12 | I37: =+$I$5 -> 19 | J37: =+$J$5 -> 26 | K37: =+$K$5 -> 0 | L37: Total | M37: Average
C39: Church Attendance: | G39: =SUM(G40:G43) -> 77 | H39: =SUM(H40:H43) -> 80 | I39: =SUM(I40:I43) -> 91 | J39: =SUM(J40:J43) -> 70 | K39: =SUM(K40:K43) -> 0 | L39: =SUM(L40:L43) -> 318 | M39: =ROUND((L39/$E$1),0) -> 80
D40: Men | G40: 5 | H40: 5 | I40: 6 | J40: 5 | L40: =SUM(G40:K40) -> 21 | M40: =ROUND((L40/$E$1),0) -> 5
D41: Women | G41: 12 | H41: 15 | I41: 16 | J41: 10 | L41: =SUM(G41:K41) -> 53 | M41: =ROUND((L41/$E$1),0) -> 13
D42: Youth | G42: 20 | H42: 20 | I42: 24 | J42: 20 | L42: =SUM(G42:K42) -> 84 | M42: =ROUND((L42/$E$1),0) -> 21
D43: Children | G43: 40 | H43: 40 | I43: 45 | J43: 35 | L43: =SUM(G43:K43) -> 160 | M43: =ROUND((L43/$E$1),0) -> 40
C44: Salvations | H44: 2 | I44: 4 | J44: 2 | L44: =SUM(G44:K44) -> 8 | M44: =ROUND((L44/$E$1),0) -> 2
C45: Baptisms | L45: =SUM(G45:K45) -> 0 | M45: =ROUND((L45/$E$1),0) -> 0
C46: Home Visits | G46: 10 | H46: 13 | I46: 12 | J46: 8 | L46: =SUM(G46:K46) -> 43 | M46: =ROUND((L46/$E$1),0) -> 11
C47: Meals / Food Packs | G47: 96 | H47: 128 | I47: 96 | J47: 96 | L47: =SUM(G47:K47) -> 416 | M47: =ROUND((L47/$E$1),0) -> 104
C48: Preschool Attendance | L48: =SUM(G48:K48) -> 0 | M48: =ROUND((L48/$E$1),0) -> 0
A51: =+A35+1 -> 3 | C51: Lavumisa | G51: =+$G$3 -> Year | H51: =+G51 -> Year | I51: =+H51 -> Year | J51: =+I51 -> Year | K51: =+J51 -> Year | L51: =+K51 -> Year | M51: =+L51 -> Year | S51: =+C51 -> Lavumisa | T51: =+L55 -> 214 | U51: =+L56+L57 -> 63 | V51: =+L58+L59 -> 151 | W51: =+L62 -> 27 | X51: =+L60 -> 0
C52: =+$C36 -> January 2025 | G52: =+$G$4 -> Mnt | H52: =+G52 -> Mnt | I52: =+H52 -> Mnt | J52: =+I52 -> Mnt | K52: =+J52 -> Mnt | L52: =+K52 -> Mnt | M52: =+L52 -> Mnt
G53: =+$G$5 -> 5 | H53: =+$H$5 -> 12 | I53: =+$I$5 -> 19 | J53: =+$J$5 -> 26 | K53: =+$K$5 -> 0 | L53: Total | M53: Average
C55: Church Attendance: | G55: =SUM(G56:G59) -> 72 | H55: =SUM(H56:H59) -> 31 | I55: =SUM(I56:I59) -> 53 | J55: =SUM(J56:J59) -> 58 | K55: =SUM(K56:K59) -> 0 | L55: =SUM(L56:L59) -> 214 | M55: =ROUND((L55/$E$1),0) -> 54
D56: Men | G56: 2 | H56: 2 | I56: 2 | J56: 2 | L56: =SUM(G56:K56) -> 8 | M56: =ROUND((L56/$E$1),0) -> 2
D57: Women | G57: 12 | H57: 9 | I57: 17 | J57: 17 | L57: =SUM(G57:K57) -> 55 | M57: =ROUND((L57/$E$1),0) -> 14
D58: Youth | G58: 32 | H58: 8 | I58: 15 | J58: 21 | L58: =SUM(G58:K58) -> 76 | M58: =ROUND((L58/$E$1),0) -> 19
D59: Children | G59: 26 | H59: 12 | I59: 19 | J59: 18 | L59: =SUM(G59:K59) -> 75 | M59: =ROUND((L59/$E$1),0) -> 19
C60: Salvations | L60: =SUM(G60:K60) -> 0 | M60: =ROUND((L60/$E$1),0) -> 0
C61: Baptisms | L61: =SUM(G61:K61) -> 0 | M61: =ROUND((L61/$E$1),0) -> 0
C62: Home Visits | G62: 7 | H62: 6 | I62: 8 | J62: 6 | L62: =SUM(G62:K62) -> 27 | M62: =ROUND((L62/$E$1),0) -> 7
C63: Meals / Food Packs | L63: =SUM(G63:K63) -> 0 | M63: =ROUND((L63/$E$1),0) -> 0
C64: Preschool Attendance | L64: =SUM(G64:K64) -> 0 | M64: =ROUND((L64/$E$1),0) -> 0
A67: =+A51+1 -> 4 | C67: Engcamini | G67: =+$G$3 -> Year | H67: =+G67 -> Year | I67: =+H67 -> Year | J67: =+I67 -> Year | K67: =+J67 -> Year | L67: =+K67 -> Year | M67: =+L67 -> Year | S67: =+C67 -> Engcamini | T67: =+L71 -> 448 | U67: =+L72+L73 -> 74 | V67: =+L74+L75 -> 374 | W67: =+L78 -> 14 | X67: =+L76 -> 16
C68: =+$C52 -> January 2025 | G68: =+$G$4 -> Mnt | H68: =+G68 -> Mnt | I68: =+H68 -> Mnt | J68: =+I68 -> Mnt | K68: =+J68 -> Mnt | L68: =+K68 -> Mnt | M68: =+L68 -> Mnt
G69: =+$G$5 -> 5 | H69: =+$H$5 -> 12 | I69: =+$I$5 -> 19 | J69: =+$J$5 -> 26 | K69: =+$K$5 -> 0 | L69: Total | M69: Average
C71: Church Attendance: | G71: =SUM(G72:G75) -> 117 | H71: =SUM(H72:H75) -> 102 | I71: =SUM(I72:I75) -> 119 | J71: =SUM(J72:J75) -> 110 | K71: =SUM(K72:K75) -> 0 | L71: =SUM(L72:L75) -> 448 | M71: =ROUND((L71/$E$1),0) -> 112
D72: Men | G72: 3 | H72: 1 | I72: 5 | J72: 5 | L72: =SUM(G72:K72) -> 14 | M72: =ROUND((L72/$E$1),0) -> 4
D73: Women | G73: 18 | H73: 9 | I73: 19 | J73: 14 | L73: =SUM(G73:K73) -> 60 | M73: =ROUND((L73/$E$1),0) -> 15
D74: Youth | G74: 15 | H74: 12 | I74: 23 | J74: 16 | L74: =SUM(G74:K74) -> 66 | M74: =ROUND((L74/$E$1),0) -> 17
D75: Children | G75: 81 | H75: 80 | I75: 72 | J75: 75 | L75: =SUM(G75:K75) -> 308 | M75: =ROUND((L75/$E$1),0) -> 77
C76: Salvations | G76: 5 | H76: 4 | I76: 5 | J76: 2 | L76: =SUM(G76:K76) -> 16 | M76: =ROUND((L76/$E$1),0) -> 4
C77: Baptisms | L77: =SUM(G77:K77) -> 0 | M77: =ROUND((L77/$E$1),0) -> 0
C78: Home Visits | G78: 3 | H78: 2 | I78: 7 | J78: 2 | L78: =SUM(G78:K78) -> 14 | M78: =ROUND((L78/$E$1),0) -> 4
C79: Meals / Food Packs | G79: 96 | H79: 120 | I79: 160 | J79: 96 | L79: =SUM(G79:K79) -> 472 | M79: =ROUND((L79/$E$1),0) -> 118
C80: Preschool Attendance | L80: =SUM(G80:K80) -> 0 | M80: =ROUND((L80/$E$1),0) -> 0
A83: =+A67+1 -> 5 | C83: Pine Valley | G83: =+$G$3 -> Year | H83: =+G83 -> Year | I83: =+H83 -> Year | J83: =+I83 -> Year | K83: =+J83 -> Year | L83: =+K83 -> Year | M83: =+L83 -> Year | S83: =+C83 -> Pine Valley | T83: =+L87 -> 0 | U83: =+L88+L89 -> 0 | V83: =+L90+L91 -> 0 | W83: =+L94 -> 0 | X83: =+L92 -> 0
C84: =+$C68 -> January 2025 | G84: =+$G$4 -> Mnt | H84: =+G84 -> Mnt | I84: =+H84 -> Mnt | J84: =+I84 -> Mnt | K84: =+J84 -> Mnt | L84: =+K84 -> Mnt | M84: =+L84 -> Mnt
G85: =+$G$5 -> 5 | H85: =+$H$5 -> 12 | I85: =+$I$5 -> 19 | J85: =+$J$5 -> 26 | K85: =+$K$5 -> 0 | L85: Total | M85: Average
C87: Church Attendance: | G87: =SUM(G88:G91) -> 0 | H87: =SUM(H88:H91) -> 0 | I87: =SUM(I88:I91) -> 0 | J87: =SUM(J88:J91) -> 0 | K87: =SUM(K88:K91) -> 0 | L87: =SUM(L88:L91) -> 0 | M87: =ROUND((L87/$E$1),0) -> 0
D88: Men | L88: =SUM(G88:K88) -> 0 | M88: =ROUND((L88/$E$1),0) -> 0
D89: Women | L89: =SUM(G89:K89) -> 0 | M89: =ROUND((L89/$E$1),0) -> 0
D90: Youth | L90: =SUM(G90:K90) -> 0 | M90: =ROUND((L90/$E$1),0) -> 0
D91: Children | L91: =SUM(G91:K91) -> 0 | M91: =ROUND((L91/$E$1),0) -> 0
C92: Salvations | L92: =SUM(G92:K92) -> 0 | M92: =ROUND((L92/$E$1),0) -> 0
C93: Baptisms | L93: =SUM(G93:K93) -> 0 | M93: =ROUND((L93/$E$1),0) -> 0
C94: Home Visits | L94: =SUM(G94:K94) -> 0 | M94: =ROUND((L94/$E$1),0) -> 0
C95: Meals / Food Packs | L95: =SUM(G95:K95) -> 0 | M95: =ROUND((L95/$E$1),0) -> 0
C96: Preschool Attendance | L96: =SUM(G96:K96) -> 0 | M96: =ROUND((L96/$E$1),0) -> 0
A99: =+A83+1 -> 6 | C99: Ngwempisi | G99: =+$G$3 -> Year | H99: =+G99 -> Year | I99: =+H99 -> Year | J99: =+I99 -> Year | K99: =+J99 -> Year | L99: =+K99 -> Year | M99: =+L99 -> Year | S99: =+C99 -> Ngwempisi | T99: =+L103 -> 319 | U99: =+L104+L105 -> 110 | V99: =+L106+L107 -> 209 | W99: =+L110 -> 0 | X99: =+L108 -> 0
C100: =+$C84 -> January 2025 | G100: =+$G$4 -> Mnt | H100: =+G100 -> Mnt | I100: =+H100 -> Mnt | J100: =+I100 -> Mnt | K100: =+J100 -> Mnt | L100: =+K100 -> Mnt | M100: =+L100 -> Mnt
G101: =+$G$5 -> 5 | H101: =+$H$5 -> 12 | I101: =+$I$5 -> 19 | J101: =+$J$5 -> 26 | K101: =+$K$5 -> 0 | L101: Total | M101: Average | O101: NB: 26/12/25 NO REPORT AT TIME OF SUBSSION
C103: Church Attendance: | G103: =SUM(G104:G107) -> 77 | H103: =SUM(H104:H107) -> 65 | I103: =SUM(I104:I107) -> 82 | J103: =SUM(J104:J107) -> 95 | K103: =SUM(K104:K107) -> 0 | L103: =SUM(L104:L107) -> 319 | M103: =ROUND((L103/$E$1),0) -> 80
D104: Men | G104: 1 | H104: 1 | I104: 2 | J104: 8 | L104: =SUM(G104:K104) -> 12 | M104: =ROUND((L104/$E$1),0) -> 3
D105: Women | G105: 25 | H105: 23 | I105: 25 | J105: 25 | L105: =SUM(G105:K105) -> 98 | M105: =ROUND((L105/$E$1),0) -> 25
D106: Youth | G106: 19 | H106: 12 | I106: 18 | J106: 23 | L106: =SUM(G106:K106) -> 72 | M106: =ROUND((L106/$E$1),0) -> 18
D107: Children | G107: 32 | H107: 29 | I107: 37 | J107: 39 | L107: =SUM(G107:K107) -> 137 | M107: =ROUND((L107/$E$1),0) -> 34
C108: Salvations | L108: =SUM(G108:K108) -> 0 | M108: =ROUND((L108/$E$1),0) -> 0
C109: Baptisms | L109: =SUM(G109:K109) -> 0 | M109: =ROUND((L109/$E$1),0) -> 0
C110: Home Visits | L110: =SUM(G110:K110) -> 0 | M110: =ROUND((L110/$E$1),0) -> 0
C111: Meals / Food Packs | L111: =SUM(G111:K111) -> 0 | M111: =ROUND((L111/$E$1),0) -> 0
C112: Preschool Attendance | L112: =SUM(G112:K112) -> 0 | M112: =ROUND((L112/$E$1),0) -> 0
A115: =+A99+1 -> 7 | C115: Gebeni | G115: =+$G$3 -> Year | H115: =+G115 -> Year | I115: =+H115 -> Year | J115: =+I115 -> Year | K115: =+J115 -> Year | L115: =+K115 -> Year | M115: =+L115 -> Year | S115: =+C115 -> Gebeni | T115: =+L119 -> 261 | U115: =+L120+L121 -> 59 | V115: =+L122+L123 -> 202 | W115: =+L126 -> 1 | X115: =+L124 -> 8
C116: =+$C100 -> January 2025 | G116: =+$G$4 -> Mnt | H116: =+G116 -> Mnt | I116: =+H116 -> Mnt | J116: =+I116 -> Mnt | K116: =+J116 -> Mnt | L116: =+K116 -> Mnt | M116: =+L116 -> Mnt
G117: =+$G$5 -> 5 | H117: =+$H$5 -> 12 | I117: =+$I$5 -> 19 | J117: =+$J$5 -> 26 | K117: =+$K$5 -> 0 | L117: Total | M117: Average
C119: Church Attendance: | G119: =SUM(G120:G123) -> 63 | H119: =SUM(H120:H123) -> 68 | I119: =SUM(I120:I123) -> 65 | J119: =SUM(J120:J123) -> 65 | K119: =SUM(K120:K123) -> 0 | L119: =SUM(L120:L123) -> 261 | M119: =ROUND((L119/$E$1),0) -> 65
D120: Men | G120: 4 | H120: 7 | I120: 4 | J120: 5 | L120: =SUM(G120:K120) -> 20 | M120: =ROUND((L120/$E$1),0) -> 5
D121: Women | G121: 9 | H121: 11 | I121: 9 | J121: 10 | L121: =SUM(G121:K121) -> 39 | M121: =ROUND((L121/$E$1),0) -> 10
D122: Youth | G122: 21 | H122: 21 | I122: 15 | J122: 15 | L122: =SUM(G122:K122) -> 72 | M122: =ROUND((L122/$E$1),0) -> 18
D123: Children | G123: 29 | H123: 29 | I123: 37 | J123: 35 | L123: =SUM(G123:K123) -> 130 | M123: =ROUND((L123/$E$1),0) -> 33
...

Sheet Feb-25
D1: Number of Sundays | E1: 0 | S1: ICBC | T1: =+C7 -> Church Attendance: | U1: Adults | V1: Youth & Children | W1: Home Visits | X1: =+C12 -> Salvations
C3: Total ICBC | G3: Year | H3: =+G3 -> Year | I3: =+H3 -> Year | J3: =+I3 -> Year | K3: =+J3 -> Year | L3: =+K3 -> Year | M3: =+L3 -> Year | S3: =+C3 -> Total ICBC | T3: =+L7 -> 0 | U3: =+L8+L9 -> 0 | V3: =+L10+L11 -> 0 | W3: =+L14 -> 0 | X3: =+L12 -> 0
C4: Month Year | G4: Mnt | H4: =+G4 -> Mnt | I4: =+H4 -> Mnt | J4: =+I4 -> Mnt | K4: =+J4 -> Mnt | L4: =+K4 -> Mnt | M4: =+L4 -> Mnt
G5: 0 | H5: 0 | I5: 0 | J5: 0 | K5: 0 | L5: Total | M5: Average
C7: Church Attendance: | G7: =SUM(G8:G11) -> 0 | H7: =SUM(H8:H11) -> 0 | I7: =SUM(I8:I11) -> 0 | J7: =SUM(J8:J11) -> 0 | K7: =SUM(K8:K11) -> 0 | L7: =SUM(L8:L11) -> 0 | M7: =ROUND((L7/$E$1),0) -> #DIV/0!
D8: Men | G8: =+G24+G40+G56+G72+G88+G104+G120+G136+G152+G168+G184+G200+G216+G232+G248+G264+G280+G296+G312+G328+G344+G360+G376+G392+G408+G424+G440+G456+G472+G488+G504+G520+G536+G552+G568+G584+G600+G616+G632+G648+G664+G680+G696+G712+G728+G744+G760+G776+G792+G808 -> 0 | H8: =+H24+H40+H56+H72+H88+H104+H120+H136+H152+H168+H184+H200+H216+H232+H248+H264+H280+H296+H312+H328+H344+H360+H376+H392+H408+H424+H440+H456+H472+H488+H504+H520+H536+H552+H568+H584+H600+H616+H632+H648+H664+H680+H696+H712+H728+H744+H760+H776+H792+H808 -> 0 | I8: =+I24+I40+I56+I72+I88+I104+I120+I136+I152+I168+I184+I200+I216+I232+I248+I264+I280+I296+I312+I328+I344+I360+I376+I392+I408+I424+I440+I456+I472+I488+I504+I520+I536+I552+I568+I584+I600+I616+I632+I648+I664+I680+I696+I712+I728+I744+I760+I776+I792+I808 -> 0 | J8: =+J24+J40+J56+J72+J88+J104+J120+J136+J152+J168+J184+J200+J216+J232+J248+J264+J280+J296+J312+J328+J344+J360+J376+J392+J408+J424+J440+J456+J472+J488+J504+J520+J536+J552+J568+J584+J600+J616+J632+J648+J664+J680+J696+J712+J728+J744+J760+J776+J792+J808 -> 0 | K8: =+K24+K40+K56+K72+K88+K104+K120+K136+K152+K168+K184+K200+K216+K232+K248+K264+K280+K296+K312+K328+K344+K360+K376+K392+K408+K424+K440+K456+K472+K488+K504+K520+K536+K552+K568+K584+K600+K616+K632+K648+K664+K680+K696+K712+K728+K744+K760+K776+K792+K808 -> 0 | L8: =SUM(G8:K8) -> 0 | M8: =ROUND((L8/$E$1),0) -> #DIV/0!
D9: Women | G9: =+G25+G41+G57+G73+G89+G105+G121+G137+G153+G169+G185+G201+G217+G233+G249+G265+G281+G297+G313+G329+G345+G361+G377+G393+G409+G425+G441+G457+G473+G489+G505+G521+G537+G553+G569+G585+G601+G617+G633+G649+G665+G681+G697+G713+G729+G745+G761+G777+G793+G809 -> 0 | H9: =+H25+H41+H57+H73+H89+H105+H121+H137+H153+H169+H185+H201+H217+H233+H249+H265+H281+H297+H313+H329+H345+H361+H377+H393+H409+H425+H441+H457+H473+H489+H505+H521+H537+H553+H569+H585+H601+H617+H633+H649+H665+H681+H697+H713+H729+H745+H761+H777+H793+H809 -> 0 | I9: =+I25+I41+I57+I73+I89+I105+I121+I137+I153+I169+I185+I201+I217+I233+I249+I265+I281+I297+I313+I329+I345+I361+I377+I393+I409+I425+I441+I457+I473+I489+I505+I521+I537+I553+I569+I585+I601+I617+I633+I649+I665+I681+I697+I713+I729+I745+I761+I777+I793+I809 -> 0 | J9: =+J25+J41+J57+J73+J89+J105+J121+J137+J153+J169+J185+J201+J217+J233+J249+J265+J281+J297+J313+J329+J345+J361+J377+J393+J409+J425+J441+J457+J473+J489+J505+J521+J537+J553+J569+J585+J601+J617+J633+J649+J665+J681+J697+J713+J729+J745+J761+J777+J793+J809 -> 0 | K9: =+K25+K41+K57+K73+K89+K105+K121+K137+K153+K169+K185+K201+K217+K233+K249+K265+K281+K297+K313+K329+K345+K361+K377+K393+K409+K425+K441+K457+K473+K489+K505+K521+K537+K553+K569+K585+K601+K617+K633+K649+K665+K681+K697+K713+K729+K745+K761+K777+K793+K809 -> 0 | L9: =SUM(G9:K9) -> 0 | M9: =ROUND((L9/$E$1),0) -> #DIV/0!
D10: Youth | G10: =+G26+G42+G58+G74+G90+G106+G122+G138+G154+G170+G186+G202+G218+G234+G250+G266+G282+G298+G314+G330+G346+G362+G378+G394+G410+G426+G442+G458+G474+G490+G506+G522+G538+G554+G570+G586+G602+G618+G634+G650+G666+G682+G698+G714+G730+G746+G762+G778+G794+G810 -> 0 | H10: =+H26+H42+H58+H74+H90+H106+H122+H138+H154+H170+H186+H202+H218+H234+H250+H266+H282+H298+H314+H330+H346+H362+H378+H394+H410+H426+H442+H458+H474+H490+H506+H522+H538+H554+H570+H586+H602+H618+H634+H650+H666+H682+H698+H714+H730+H746+H762+H778+H794+H810 -> 0 | I10: =+I26+I42+I58+I74+I90+I106+I122+I138+I154+I170+I186+I202+I218+I234+I250+I266+I282+I298+I314+I330+I346+I362+I378+I394+I410+I426+I442+I458+I474+I490+I506+I522+I538+I554+I570+I586+I602+I618+I634+I650+I666+I682+I698+I714+I730+I746+I762+I778+I794+I810 -> 0 | J10: =+J26+J42+J58+J74+J90+J106+J122+J138+J154+J170+J186+J202+J218+J234+J250+J266+J282+J298+J314+J330+J346+J362+J378+J394+J410+J426+J442+J458+J474+J490+J506+J522+J538+J554+J570+J586+J602+J618+J634+J650+J666+J682+J698+J714+J730+J746+J762+J778+J794+J810 -> 0 | K10: =+K26+K42+K58+K74+K90+K106+K122+K138+K154+K170+K186+K202+K218+K234+K250+K266+K282+K298+K314+K330+K346+K362+K378+K394+K410+K426+K442+K458+K474+K490+K506+K522+K538+K554+K570+K586+K602+K618+K634+K650+K666+K682+K698+K714+K730+K746+K762+K778+K794+K810 -> 0 | L10: =SUM(G10:K10) -> 0 | M10: =ROUND((L10/$E$1),0) -> #DIV/0!
D11: Children | G11: =+G27+G43+G59+G75+G91+G107+G123+G139+G155+G171+G187+G203+G219+G235+G251+G267+G283+G299+G315+G331+G347+G363+G379+G395+G411+G427+G443+G459+G475+G491+G507+G523+G539+G555+G571+G587+G603+G619+G635+G651+G667+G683+G699+G715+G731+G747+G763+G779+G795+G811 -> 0 | H11: =+H27+H43+H59+H75+H91+H107+H123+H139+H155+H171+H187+H203+H219+H235+H251+H267+H283+H299+H315+H331+H347+H363+H379+H395+H411+H427+H443+H459+H475+H491+H507+H523+H539+H555+H571+H587+H603+H619+H635+H651+H667+H683+H699+H715+H731+H747+H763+H779+H795+H811 -> 0 | I11: =+I27+I43+I59+I75+I91+I107+I123+I139+I155+I171+I187+I203+I219+I235+I251+I267+I283+I299+I315+I331+I347+I363+I379+I395+I411+I427+I443+I459+I475+I491+I507+I523+I539+I555+I571+I587+I603+I619+I635+I651+I667+I683+I699+I715+I731+I747+I763+I779+I795+I811 -> 0 | J11: =+J27+J43+J59+J75+J91+J107+J123+J139+J155+J171+J187+J203+J219+J235+J251+J267+J283+J299+J315+J331+J347+J363+J379+J395+J411+J427+J443+J459+J475+J491+J507+J523+J539+J555+J571+J587+J603+J619+J635+J651+J667+J683+J699+J715+J731+J747+J763+J779+J795+J811 -> 0 | K11: =+K27+K43+K59+K75+K91+K107+K123+K139+K155+K171+K187+K203+K219+K235+K251+K267+K283+K299+K315+K331+K347+K363+K379+K395+K411+K427+K443+K459+K475+K491+K507+K523+K539+K555+K571+K587+K603+K619+K635+K651+K667+K683+K699+K715+K731+K747+K763+K779+K795+K811 -> 0 | L11: =SUM(G11:K11) -> 0 | M11: =ROUND((L11/$E$1),0) -> #DIV/0!
C12: Salvations | G12: =+G28+G44+G60+G76+G92+G108+G124+G140+G156+G172+G188+G204+G220+G236+G252+G268+G284+G300+G316+G332+G348+G364+G380+G396+G412+G428+G444+G460+G476+G492+G508+G524+G540+G556+G572+G588+G604+G620+G636+G652+G668+G684+G700+G716+G732+G748+G764+G780+G796+G812 -> 0 | H12: =+H28+H44+H60+H76+H92+H108+H124+H140+H156+H172+H188+H204+H220+H236+H252+H268+H284+H300+H316+H332+H348+H364+H380+H396+H412+H428+H444+H460+H476+H492+H508+H524+H540+H556+H572+H588+H604+H620+H636+H652+H668+H684+H700+H716+H732+H748+H764+H780+H796+H812 -> 0 | I12: =+I28+I44+I60+I76+I92+I108+I124+I140+I156+I172+I188+I204+I220+I236+I252+I268+I284+I300+I316+I332+I348+I364+I380+I396+I412+I428+I444+I460+I476+I492+I508+I524+I540+I556+I572+I588+I604+I620+I636+I652+I668+I684+I700+I716+I732+I748+I764+I780+I796+I812 -> 0 | J12: =+J28+J44+J60+J76+J92+J108+J124+J140+J156+J172+J188+J204+J220+J236+J252+J268+J284+J300+J316+J332+J348+J364+J380+J396+J412+J428+J444+J460+J476+J492+J508+J524+J540+J556+J572+J588+J604+J620+J636+J652+J668+J684+J700+J716+J732+J748+J764+J780+J796+J812 -> 0 | K12: =+K28+K44+K60+K76+K92+K108+K124+K140+K156+K172+K188+K204+K220+K236+K252+K268+K284+K300+K316+K332+K348+K364+K380+K396+K412+K428+K444+K460+K476+K492+K508+K524+K540+K556+K572+K588+K604+K620+K636+K652+K668+K684+K700+K716+K732+K748+K764+K780+K796+K812 -> 0 | L12: =SUM(G12:K12) -> 0 | M12: =ROUND((L12/$E$1),0) -> #DIV/0!
C13: Baptisms | G13: =+G29+G45+G61+G77+G93+G109+G125+G141+G157+G173+G189+G205+G221+G237+G253+G269+G285+G301+G317+G333+G349+G365+G381+G397+G413+G429+G445+G461+G477+G493+G509+G525+G541+G557+G573+G589+G605+G621+G637+G653+G669+G685+G701+G717+G733+G749+G765+G781+G797+G813 -> 0 | H13: =+H29+H45+H61+H77+H93+H109+H125+H141+H157+H173+H189+H205+H221+H237+H253+H269+H285+H301+H317+H333+H349+H365+H381+H397+H413+H429+H445+H461+H477+H493+H509+H525+H541+H557+H573+H589+H605+H621+H637+H653+H669+H685+H701+H717+H733+H749+H765+H781+H797+H813 -> 0 | I13: =+I29+I45+I61+I77+I93+I109+I125+I141+I157+I173+I189+I205+I221+I237+I253+I269+I285+I301+I317+I333+I349+I365+I381+I397+I413+I429+I445+I461+I477+I493+I509+I525+I541+I557+I573+I589+I605+I621+I637+I653+I669+I685+I701+I717+I733+I749+I765+I781+I797+I813 -> 0 | J13: =+J29+J45+J61+J77+J93+J109+J125+J141+J157+J173+J189+J205+J221+J237+J253+J269+J285+J301+J317+J333+J349+J365+J381+J397+J413+J429+J445+J461+J477+J493+J509+J525+J541+J557+J573+J589+J605+J621+J637+J653+J669+J685+J701+J717+J733+J749+J765+J781+J797+J813 -> 0 | K13: =+K29+K45+K61+K77+K93+K109+K125+K141+K157+K173+K189+K205+K221+K237+K253+K269+K285+K301+K317+K333+K349+K365+K381+K397+K413+K429+K445+K461+K477+K493+K509+K525+K541+K557+K573+K589+K605+K621+K637+K653+K669+K685+K701+K717+K733+K749+K765+K781+K797+K813 -> 0 | L13: =SUM(G13:K13) -> 0 | M13: =ROUND((L13/$E$1),0) -> #DIV/0!
C14: Home Visits | G14: =+G30+G46+G62+G78+G94+G110+G126+G142+G158+G174+G190+G206+G222+G238+G254+G270+G286+G302+G318+G334+G350+G366+G382+G398+G414+G430+G446+G462+G478+G494+G510+G526+G542+G558+G574+G590+G606+G622+G638+G654+G670+G686+G702+G718+G734+G750+G766+G782+G798+G814 -> 0 | H14: =+H30+H46+H62+H78+H94+H110+H126+H142+H158+H174+H190+H206+H222+H238+H254+H270+H286+H302+H318+H334+H350+H366+H382+H398+H414+H430+H446+H462+H478+H494+H510+H526+H542+H558+H574+H590+H606+H622+H638+H654+H670+H686+H702+H718+H734+H750+H766+H782+H798+H814 -> 0 | I14: =+I30+I46+I62+I78+I94+I110+I126+I142+I158+I174+I190+I206+I222+I238+I254+I270+I286+I302+I318+I334+I350+I366+I382+I398+I414+I430+I446+I462+I478+I494+I510+I526+I542+I558+I574+I590+I606+I622+I638+I654+I670+I686+I702+I718+I734+I750+I766+I782+I798+I814 -> 0 | J14: =+J30+J46+J62+J78+J94+J110+J126+J142+J158+J174+J190+J206+J222+J238+J254+J270+J286+J302+J318+J334+J350+J366+J382+J398+J414+J430+J446+J462+J478+J494+J510+J526+J542+J558+J574+J590+J606+J622+J638+J654+J670+J686+J702+J718+J734+J750+J766+J782+J798+J814 -> 0 | K14: =+K30+K46+K62+K78+K94+K110+K126+K142+K158+K174+K190+K206+K222+K238+K254+K270+K286+K302+K318+K334+K350+K366+K382+K398+K414+K430+K446+K462+K478+K494+K510+K526+K542+K558+K574+K590+K606+K622+K638+K654+K670+K686+K702+K718+K734+K750+K766+K782+K798+K814 -> 0 | L14: =SUM(G14:K14) -> 0 | M14: =ROUND((L14/$E$1),0) -> #DIV/0!
C15: Meals / Food Packs | G15: =+G31+G47+G63+G79+G95+G111+G127+G143+G159+G175+G191+G207+G223+G239+G255+G271+G287+G303+G319+G335+G351+G367+G383+G399+G415+G431+G447+G463+G479+G495+G511+G527+G543+G559+G575+G591+G607+G623+G639+G655+G671+G687+G703+G719+G735+G751+G767+G783+G799+G815 -> 0 | H15: =+H31+H47+H63+H79+H95+H111+H127+H143+H159+H175+H191+H207+H223+H239+H255+H271+H287+H303+H319+H335+H351+H367+H383+H399+H415+H431+H447+H463+H479+H495+H511+H527+H543+H559+H575+H591+H607+H623+H639+H655+H671+H687+H703+H719+H735+H751+H767+H783+H799+H815 -> 0 | I15: =+I31+I47+I63+I79+I95+I111+I127+I143+I159+I175+I191+I207+I223+I239+I255+I271+I287+I303+I319+I335+I351+I367+I383+I399+I415+I431+I447+I463+I479+I495+I511+I527+I543+I559+I575+I591+I607+I623+I639+I655+I671+I687+I703+I719+I735+I751+I767+I783+I799+I815 -> 0 | J15: =+J31+J47+J63+J79+J95+J111+J127+J143+J159+J175+J191+J207+J223+J239+J255+J271+J287+J303+J319+J335+J351+J367+J383+J399+J415+J431+J447+J463+J479+J495+J511+J527+J543+J559+J575+J591+J607+J623+J639+J655+J671+J687+J703+J719+J735+J751+J767+J783+J799+J815 -> 0 | K15: =+K31+K47+K63+K79+K95+K111+K127+K143+K159+K175+K191+K207+K223+K239+K255+K271+K287+K303+K319+K335+K351+K367+K383+K399+K415+K431+K447+K463+K479+K495+K511+K527+K543+K559+K575+K591+K607+K623+K639+K655+K671+K687+K703+K719+K735+K751+K767+K783+K799+K815 -> 0 | L15: =SUM(G15:K15) -> 0 | M15: =ROUND((L15/$E$1),0) -> #DIV/0!
C16: Preschool Attendance | G16: =+G32+G48+G64+G80+G96+G112+G128+G144+G160+G176+G192+G208+G224+G240+G256+G272+G288+G304+G320+G336+G352+G368+G384+G400+G416+G432+G448+G464+G480+G496+G512+G528+G544+G560+G576+G592+G608+G624+G640+G656+G672+G688+G704+G720+G736+G752+G768+G784+G800+G816 -> 0 | H16: =+H32+H48+H64+H80+H96+H112+H128+H144+H160+H176+H192+H208+H224+H240+H256+H272+H288+H304+H320+H336+H352+H368+H384+H400+H416+H432+H448+H464+H480+H496+H512+H528+H544+H560+H576+H592+H608+H624+H640+H656+H672+H688+H704+H720+H736+H752+H768+H784+H800+H816 -> 0 | I16: =+I32+I48+I64+I80+I96+I112+I128+I144+I160+I176+I192+I208+I224+I240+I256+I272+I288+I304+I320+I336+I352+I368+I384+I400+I416+I432+I448+I464+I480+I496+I512+I528+I544+I560+I576+I592+I608+I624+I640+I656+I672+I688+I704+I720+I736+I752+I768+I784+I800+I816 -> 0 | J16: =+J32+J48+J64+J80+J96+J112+J128+J144+J160+J176+J192+J208+J224+J240+J256+J272+J288+J304+J320+J336+J352+J368+J384+J400+J416+J432+J448+J464+J480+J496+J512+J528+J544+J560+J576+J592+J608+J624+J640+J656+J672+J688+J704+J720+J736+J752+J768+J784+J800+J816 -> 0 | K16: =+K32+K48+K64+K80+K96+K112+K128+K144+K160+K176+K192+K208+K224+K240+K256+K272+K288+K304+K320+K336+K352+K368+K384+K400+K416+K432+K448+K464+K480+K496+K512+K528+K544+K560+K576+K592+K608+K624+K640+K656+K672+K688+K704+K720+K736+K752+K768+K784+K800+K816 -> 0 | L16: =SUM(G16:K16) -> 0 | M16: =ROUND((L16/$E$1),0) -> #DIV/0!
A19: 1 | C19: Hawane CLC Church | G19: =+$G$3 -> Year | H19: =+G19 -> Year | I19: =+H19 -> Year | J19: =+I19 -> Year | K19: =+J19 -> Year | L19: =+K19 -> Year | M19: =+L19 -> Year | S19: =+C19 -> Hawane CLC Church | T19: =+L23 -> 0 | U19: =+L24+L25 -> 0 | V19: =+L26+L27 -> 0 | W19: =+L30 -> 0 | X19: =+L28 -> 0
C20: =+$C4 -> Month Year | G20: =+$G$4 -> Mnt | H20: =+G20 -> Mnt | I20: =+H20 -> Mnt | J20: =+I20 -> Mnt | K20: =+J20 -> Mnt | L20: =+K20 -> Mnt | M20: =+L20 -> Mnt
G21: =+$G$5 -> 0 | H21: =+$H$5 -> 0 | I21: =+$I$5 -> 0 | J21: =+$J$5 -> 0 | K21: =+$K$5 -> 0 | L21: Total | M21: Average
C23: Church Attendance: | G23: =SUM(G24:G27) -> 0 | H23: =SUM(H24:H27) -> 0 | I23: =SUM(I24:I27) -> 0 | J23: =SUM(J24:J27) -> 0 | K23: =SUM(K24:K27) -> 0 | L23: =SUM(L24:L27) -> 0 | M23: =ROUND((L23/$E$1),0) -> #DIV/0!
D24: Men | L24: =SUM(G24:K24) -> 0 | M24: =ROUND((L24/$E$1),0) -> #DIV/0!
D25: Women | L25: =SUM(G25:K25) -> 0 | M25: =ROUND((L25/$E$1),0) -> #DIV/0!
D26: Youth | L26: =SUM(G26:K26) -> 0 | M26: =ROUND((L26/$E$1),0) -> #DIV/0!
D27: Children | L27: =SUM(G27:K27) -> 0 | M27: =ROUND((L27/$E$1),0) -> #DIV/0!
C28: Salvations | L28: =SUM(G28:K28) -> 0 | M28: =ROUND((L28/$E$1),0) -> #DIV/0!
C29: Baptisms | L29: =SUM(G29:K29) -> 0 | M29: =ROUND((L29/$E$1),0) -> #DIV/0!
C30: Home Visits | L30: =SUM(G30:K30) -> 0 | M30: =ROUND((L30/$E$1),0) -> #DIV/0!
C31: Meals / Food Packs | L31: =SUM(G31:K31) -> 0 | M31: =ROUND((L31/$E$1),0) -> #DIV/0!
C32: Preschool Attendance | L32: =SUM(G32:K32) -> 0 | M32: =ROUND((L32/$E$1),0) -> #DIV/0!
A35: =+A19+1 -> 2 | C35: Ngwenya | G35: =+$G$3 -> Year | H35: =+G35 -> Year | I35: =+H35 -> Year | J35: =+I35 -> Year | K35: =+J35 -> Year | L35: =+K35 -> Year | M35: =+L35 -> Year | S35: =+C35 -> Ngwenya | T35: =+L39 -> 0 | U35: =+L40+L41 -> 0 | V35: =+L42+L43 -> 0 | W35: =+L46 -> 0 | X35: =+L44 -> 0
C36: =+$C20 -> Month Year | G36: =+$G$4 -> Mnt | H36: =+G36 -> Mnt | I36: =+H36 -> Mnt | J36: =+I36 -> Mnt | K36: =+J36 -> Mnt | L36: =+K36 -> Mnt | M36: =+L36 -> Mnt
G37: =+$G$5 -> 0 | H37: =+$H$5 -> 0 | I37: =+$I$5 -> 0 | J37: =+$J$5 -> 0 | K37: =+$K$5 -> 0 | L37: Total | M37: Average
C39: Church Attendance: | G39: =SUM(G40:G43) -> 0 | H39: =SUM(H40:H43) -> 0 | I39: =SUM(I40:I43) -> 0 | J39: =SUM(J40:J43) -> 0 | K39: =SUM(K40:K43) -> 0 | L39: =SUM(L40:L43) -> 0 | M39: =ROUND((L39/$E$1),0) -> #DIV/0!
D40: Men | L40: =SUM(G40:K40) -> 0 | M40: =ROUND((L40/$E$1),0) -> #DIV/0!
D41: Women | L41: =SUM(G41:K41) -> 0 | M41: =ROUND((L41/$E$1),0) -> #DIV/0!
D42: Youth | L42: =SUM(G42:K42) -> 0 | M42: =ROUND((L42/$E$1),0) -> #DIV/0!
D43: Children | L43: =SUM(G43:K43) -> 0 | M43: =ROUND((L43/$E$1),0) -> #DIV/0!
C44: Salvations | L44: =SUM(G44:K44) -> 0 | M44: =ROUND((L44/$E$1),0) -> #DIV/0!
C45: Baptisms | L45: =SUM(G45:K45) -> 0 | M45: =ROUND((L45/$E$1),0) -> #DIV/0!
C46: Home Visits | L46: =SUM(G46:K46) -> 0 | M46: =ROUND((L46/$E$1),0) -> #DIV/0!
C47: Meals / Food Packs | L47: =SUM(G47:K47) -> 0 | M47: =ROUND((L47/$E$1),0) -> #DIV/0!
C48: Preschool Attendance | L48: =SUM(G48:K48) -> 0 | M48: =ROUND((L48/$E$1),0) -> #DIV/0!
A51: =+A35+1 -> 3 | C51: Lavumisa | G51: =+$G$3 -> Year | H51: =+G51 -> Year | I51: =+H51 -> Year | J51: =+I51 -> Year | K51: =+J51 -> Year | L51: =+K51 -> Year | M51: =+L51 -> Year | S51: =+C51 -> Lavumisa | T51: =+L55 -> 0 | U51: =+L56+L57 -> 0 | V51: =+L58+L59 -> 0 | W51: =+L62 -> 0 | X51: =+L60 -> 0
C52: =+$C36 -> Month Year | G52: =+$G$4 -> Mnt | H52: =+G52 -> Mnt | I52: =+H52 -> Mnt | J52: =+I52 -> Mnt | K52: =+J52 -> Mnt | L52: =+K52 -> Mnt | M52: =+L52 -> Mnt
G53: =+$G$5 -> 0 | H53: =+$H$5 -> 0 | I53: =+$I$5 -> 0 | J53: =+$J$5 -> 0 | K53: =+$K$5 -> 0 | L53: Total | M53: Average
C55: Church Attendance: | G55: =SUM(G56:G59) -> 0 | H55: =SUM(H56:H59) -> 0 | I55: =SUM(I56:I59) -> 0 | J55: =SUM(J56:J59) -> 0 | K55: =SUM(K56:K59) -> 0 | L55: =SUM(L56:L59) -> 0 | M55: =ROUND((L55/$E$1),0) -> #DIV/0!
D56: Men | L56: =SUM(G56:K56) -> 0 | M56: =ROUND((L56/$E$1),0) -> #DIV/0!
D57: Women | L57: =SUM(G57:K57) -> 0 | M57: =ROUND((L57/$E$1),0) -> #DIV/0!
D58: Youth | L58: =SUM(G58:K58) -> 0 | M58: =ROUND((L58/$E$1),0) -> #DIV/0!
D59: Children | L59: =SUM(G59:K59) -> 0 | M59: =ROUND((L59/$E$1),0) -> #DIV/0!
C60: Salvations | L60: =SUM(G60:K60) -> 0 | M60: =ROUND((L60/$E$1),0) -> #DIV/0!
C61: Baptisms | L61: =SUM(G61:K61) -> 0 | M61: =ROUND((L61/$E$1),0) -> #DIV/0!
C62: Home Visits | L62: =SUM(G62:K62) -> 0 | M62: =ROUND((L62/$E$1),0) -> #DIV/0!
C63: Meals / Food Packs | L63: =SUM(G63:K63) -> 0 | M63: =ROUND((L63/$E$1),0) -> #DIV/0!
C64: Preschool Attendance | L64: =SUM(G64:K64) -> 0 | M64: =ROUND((L64/$E$1),0) -> #DIV/0!
A67: =+A51+1 -> 4 | C67: Engcamini | G67: =+$G$3 -> Year | H67: =+G67 -> Year | I67: =+H67 -> Year | J67: =+I67 -> Year | K67: =+J67 -> Year | L67: =+K67 -> Year | M67: =+L67 -> Year | S67: =+C67 -> Engcamini | T67: =+L71 -> 0 | U67: =+L72+L73 -> 0 | V67: =+L74+L75 -> 0 | W67: =+L78 -> 0 | X67: =+L76 -> 0
C68: =+$C52 -> Month Year | G68: =+$G$4 -> Mnt | H68: =+G68 -> Mnt | I68: =+H68 -> Mnt | J68: =+I68 -> Mnt | K68: =+J68 -> Mnt | L68: =+K68 -> Mnt | M68: =+L68 -> Mnt
G69: =+$G$5 -> 0 | H69: =+$H$5 -> 0 | I69: =+$I$5 -> 0 | J69: =+$J$5 -> 0 | K69: =+$K$5 -> 0 | L69: Total | M69: Average
C71: Church Attendance: | G71: =SUM(G72:G75) -> 0 | H71: =SUM(H72:H75) -> 0 | I71: =SUM(I72:I75) -> 0 | J71: =SUM(J72:J75) -> 0 | K71: =SUM(K72:K75) -> 0 | L71: =SUM(L72:L75) -> 0 | M71: =ROUND((L71/$E$1),0) -> #DIV/0!
D72: Men | L72: =SUM(G72:K72) -> 0 | M72: =ROUND((L72/$E$1),0) -> #DIV/0!
D73: Women | L73: =SUM(G73:K73) -> 0 | M73: =ROUND((L73/$E$1),0) -> #DIV/0!
D74: Youth | L74: =SUM(G74:K74) -> 0 | M74: =ROUND((L74/$E$1),0) -> #DIV/0!
D75: Children | L75: =SUM(G75:K75) -> 0 | M75: =ROUND((L75/$E$1),0) -> #DIV/0!
C76: Salvations | L76: =SUM(G76:K76) -> 0 | M76: =ROUND((L76/$E$1),0) -> #DIV/0!
C77: Baptisms | L77: =SUM(G77:K77) -> 0 | M77: =ROUND((L77/$E$1),0) -> #DIV/0!
C78: Home Visits | L78: =SUM(G78:K78) -> 0 | M78: =ROUND((L78/$E$1),0) -> #DIV/0!
C79: Meals / Food Packs | L79: =SUM(G79:K79) -> 0 | M79: =ROUND((L79/$E$1),0) -> #DIV/0!
C80: Preschool Attendance | L80: =SUM(G80:K80) -> 0 | M80: =ROUND((L80/$E$1),0) -> #DIV/0!
A83: =+A67+1 -> 5 | C83: Pine Valley | G83: =+$G$3 -> Year | H83: =+G83 -> Year | I83: =+H83 -> Year | J83: =+I83 -> Year | K83: =+J83 -> Year | L83: =+K83 -> Year | M83: =+L83 -> Year | S83: =+C83 -> Pine Valley | T83: =+L87 -> 0 | U83: =+L88+L89 -> 0 | V83: =+L90+L91 -> 0 | W83: =+L94 -> 0 | X83: =+L92 -> 0
C84: =+$C68 -> Month Year | G84: =+$G$4 -> Mnt | H84: =+G84 -> Mnt | I84: =+H84 -> Mnt | J84: =+I84 -> Mnt | K84: =+J84 -> Mnt | L84: =+K84 -> Mnt | M84: =+L84 -> Mnt
G85: =+$G$5 -> 0 | H85: =+$H$5 -> 0 | I85: =+$I$5 -> 0 | J85: =+$J$5 -> 0 | K85: =+$K$5 -> 0 | L85: Total | M85: Average
C87: Church Attendance: | G87: =SUM(G88:G91) -> 0 | H87: =SUM(H88:H91) -> 0 | I87: =SUM(I88:I91) -> 0 | J87: =SUM(J88:J91) -> 0 | K87: =SUM(K88:K91) -> 0 | L87: =SUM(L88:L91) -> 0 | M87: =ROUND((L87/$E$1),0) -> #DIV/0!
D88: Men | L88: =SUM(G88:K88) -> 0 | M88: =ROUND((L88/$E$1),0) -> #DIV/0!
D89: Women | L89: =SUM(G89:K89) -> 0 | M89: =ROUND((L89/$E$1),0) -> #DIV/0!
D90: Youth | L90: =SUM(G90:K90) -> 0 | M90: =ROUND((L90/$E$1),0) -> #DIV/0!
D91: Children | L91: =SUM(G91:K91) -> 0 | M91: =ROUND((L91/$E$1),0) -> #DIV/0!
C92: Salvations | L92: =SUM(G92:K92) -> 0 | M92: =ROUND((L92/$E$1),0) -> #DIV/0!
C93: Baptisms | L93: =SUM(G93:K93) -> 0 | M93: =ROUND((L93/$E$1),0) -> #DIV/0!
C94: Home Visits | L94: =SUM(G94:K94) -> 0 | M94: =ROUND((L94/$E$1),0) -> #DIV/0!
C95: Meals / Food Packs | L95: =SUM(G95:K95) -> 0 | M95: =ROUND((L95/$E$1),0) -> #DIV/0!
C96: Preschool Attendance | L96: =SUM(G96:K96) -> 0 | M96: =ROUND((L96/$E$1),0) -> #DIV/0!
A99: =+A83+1 -> 6 | C99: Ngwempisi | G99: =+$G$3 -> Year | H99: =+G99 -> Year | I99: =+H99 -> Year | J99: =+I99 -> Year | K99: =+J99 -> Year | L99: =+K99 -> Year | M99: =+L99 -> Year | S99: =+C99 -> Ngwempisi | T99: =+L103 -> 0 | U99: =+L104+L105 -> 0 | V99: =+L106+L107 -> 0 | W99: =+L110 -> 0 | X99: =+L108 -> 0
C100: =+$C84 -> Month Year | G100: =+$G$4 -> Mnt | H100: =+G100 -> Mnt | I100: =+H100 -> Mnt | J100: =+I100 -> Mnt | K100: =+J100 -> Mnt | L100: =+K100 -> Mnt | M100: =+L100 -> Mnt
G101: =+$G$5 -> 0 | H101: =+$H$5 -> 0 | I101: =+$I$5 -> 0 | J101: =+$J$5 -> 0 | K101: =+$K$5 -> 0 | L101: Total | M101: Average
C103: Church Attendance: | G103: =SUM(G104:G107) -> 0 | H103: =SUM(H104:H107) -> 0 | I103: =SUM(I104:I107) -> 0 | J103: =SUM(J104:J107) -> 0 | K103: =SUM(K104:K107) -> 0 | L103: =SUM(L104:L107) -> 0 | M103: =ROUND((L103/$E$1),0) -> #DIV/0!
D104: Men | L104: =SUM(G104:K104) -> 0 | M104: =ROUND((L104/$E$1),0) -> #DIV/0!
D105: Women | L105: =SUM(G105:K105) -> 0 | M105: =ROUND((L105/$E$1),0) -> #DIV/0!
D106: Youth | L106: =SUM(G106:K106) -> 0 | M106: =ROUND((L106/$E$1),0) -> #DIV/0!
D107: Children | L107: =SUM(G107:K107) -> 0 | M107: =ROUND((L107/$E$1),0) -> #DIV/0!
C108: Salvations | L108: =SUM(G108:K108) -> 0 | M108: =ROUND((L108/$E$1),0) -> #DIV/0!
C109: Baptisms | L109: =SUM(G109:K109) -> 0 | M109: =ROUND((L109/$E$1),0) -> #DIV/0!
C110: Home Visits | L110: =SUM(G110:K110) -> 0 | M110: =ROUND((L110/$E$1),0) -> #DIV/0!
C111: Meals / Food Packs | L111: =SUM(G111:K111) -> 0 | M111: =ROUND((L111/$E$1),0) -> #DIV/0!
C112: Preschool Attendance | L112: =SUM(G112:K112) -> 0 | M112: =ROUND((L112/$E$1),0) -> #DIV/0!
A115: =+A99+1 -> 7 | C115: Gebeni | G115: =+$G$3 -> Year | H115: =+G115 -> Year | I115: =+H115 -> Year | J115: =+I115 -> Year | K115: =+J115 -> Year | L115: =+K115 -> Year | M115: =+L115 -> Year | S115: =+C115 -> Gebeni | T115: =+L119 -> 0 | U115: =+L120+L121 -> 0 | V115: =+L122+L123 -> 0 | W115: =+L126 -> 0 | X115: =+L124 -> 0
C116: =+$C100 -> Month Year | G116: =+$G$4 -> Mnt | H116: =+G116 -> Mnt | I116: =+H116 -> Mnt | J116: =+I116 -> Mnt | K116: =+J116 -> Mnt | L116: =+K116 -> Mnt | M116: =+L116 -> Mnt
G117: =+$G$5 -> 0 | H117: =+$H$5 -> 0 | I117: =+$I$5 -> 0 | J117: =+$J$5 -> 0 | K117: =+$K$5 -> 0 | L117: Total | M117: Average
C119: Church Attendance: | G119: =SUM(G120:G123) -> 0 | H119: =SUM(H120:H123) -> 0 | I119: =SUM(I120:I123) -> 0 | J119: =SUM(J120:J123) -> 0 | K119: =SUM(K120:K123) -> 0 | L119: =SUM(L120:L123) -> 0 | M119: =ROUND((L119/$E$1),0) -> #DIV/0!
D120: Men | L120: =SUM(G120:K120) -> 0 | M120: =ROUND((L120/$E$1),0) -> #DIV/0!
D121: Women | L121: =SUM(G121:K121) -> 0 | M121: =ROUND((L121/$E$1),0) -> #DIV/0!
D122: Youth | L122: =SUM(G122:K122) -> 0 | M122: =ROUND((L122/$E$1),0) -> #DIV/0!
D123: Children | L123: =SUM(G123:K123) -> 0 | M123: =ROUND((L123/$E$1),0) -> #DIV/0!
...

Sheet Dec-25
D1: Number of Sundays | E1: 4 | S1: ICBC | T1: =+C7 -> Church Attendance: | U1: Adults | V1: Youth & Children | W1: Home Visits | X1: =+C12 -> Salvations
C3: Total ICBC | G3: 2025 | H3: =+G3 -> 2025 | I3: =+H3 -> 2025 | J3: =+I3 -> 2025 | K3: =+J3 -> 2025 | L3: =+K3 -> 2025 | M3: =+L3 -> 2025 | S3: =+C3 -> Total ICBC | T3: =+L7 -> 4829 | U3: =+L8+L9 -> 1232 | V3: =+L10+L11 -> 3597 | W3: =+L14 -> 225 | X3: =+L12 -> 93
C4: December 2025 | G4: December | H4: =+G4 -> December | I4: =+H4 -> December | J4: =+I4 -> December | K4: =+J4 -> December | L4: =+K4 -> December | M4: =+L4 -> December
G5: 7 | H5: 14 | I5: 21 | J5: 28 | K5: 0 | L5: Total | M5: Average
C7: Church Attendance: | G7: =SUM(G8:G11) -> 2311 | H7: =SUM(H8:H11) -> 2518 | I7: =SUM(I8:I11) -> 0 | J7: =SUM(J8:J11) -> 0 | K7: =SUM(K8:K11) -> 0 | L7: =SUM(L8:L11) -> 4829 | M7: =ROUND((L7/$E$1),0) -> 1207
