Workbook

Sheet Nov21
D1: Number of Sundays | E1: 4
C3: Total ICBC | G3: 2021 | H3: =+G3 -> 2021 | I3: =+H3 -> 2021 | J3: =+I3 -> 2021 | K3: =+J3 -> 2021 | L3: =+K3 -> 2021 | M3: =+L3 -> 2021
C4: November 2021 | G4: Nov | H4: =+G4 -> Nov | I4: =+H4 -> Nov | J4: =+I4 -> Nov | K4: =+J4 -> Nov | L4: =+K4 -> Nov | M4: =+L4 -> Nov
G5: 7 | H5: 14 | I5: 21 | J5: 28 | L5: Total | M5: Average
C7: Church Attendance: | G7: =SUM(G8:G11) -> 1179 | H7: =SUM(H8:H11) -> 1517 | I7: =SUM(I8:I11) -> 1263 | J7: =SUM(J8:J11) -> 1482 | K7: =SUM(K8:K11) -> 0 | L7: =SUM(L8:L11) -> 5441 | M7: =ROUND((L7/$E$1),0) -> 1360
D8: Men | G8: =+G24+G40+G56+G72+G88+G104+G120+G136+G152+G168+G184+G200+G216+G232+G248+G264+G280+G296+G312+G328+G344+G360+G376+G392+G408+G424+G440+G456+G472+G488 -> 89 | H8: =+H24+H40+H56+H72+H88+H104+H120+H136+H152+H168+H184+H200+H216+H232+H248+H264+H280+H296+H312+H328+H344+H360+H376+H392+H408+H424+H440+H456+H472+H488 -> 95 | I8: =+I24+I40+I56+I72+I88+I104+I120+I136+I152+I168+I184+I200+I216+I232+I248+I264+I280+I296+I312+I328+I344+I360+I376+I392+I408+I424+I440+I456+I472+I488 -> 94 | J8: =+J24+J40+J56+J72+J88+J104+J120+J136+J152+J168+J184+J200+J216+J232+J248+J264+J280+J296+J312+J328+J344+J360+J376+J392+J408+J424+J440+J456+J472+J488 -> 94 | K8: =+K24+K40+K56+K72+K88+K104+K120+K136+K152+K168+K184+K200+K216+K232+K248+K264+K280+K296+K312+K328+K344+K360+K376+K392+K408+K424+K440+K456+K472+K488 -> 0 | L8: =SUM(G8:K8) -> 372 | M8: =ROUND((L8/$E$1),0) -> 93
D9: Women | G9: =+G25+G41+G57+G73+G89+G105+G121+G137+G153+G169+G185+G201+G217+G233+G249+G265+G281+G297+G313+G329+G345+G361+G377+G393+G409+G425+G441+G457+G473+G489 -> 217 | H9: =+H25+H41+H57+H73+H89+H105+H121+H137+H153+H169+H185+H201+H217+H233+H249+H265+H281+H297+H313+H329+H345+H361+H377+H393+H409+H425+H441+H457+H473+H489 -> 278 | I9: =+I25+I41+I57+I73+I89+I105+I121+I137+I153+I169+I185+I201+I217+I233+I249+I265+I281+I297+I313+I329+I345+I361+I377+I393+I409+I425+I441+I457+I473+I489 -> 247 | J9: =+J25+J41+J57+J73+J89+J105+J121+J137+J153+J169+J185+J201+J217+J233+J249+J265+J281+J297+J313+J329+J345+J361+J377+J393+J409+J425+J441+J457+J473+J489 -> 295 | K9: =+K25+K41+K57+K73+K89+K105+K121+K137+K153+K169+K185+K201+K217+K233+K249+K265+K281+K297+K313+K329+K345+K361+K377+K393+K409+K425+K441+K457+K473+K489 -> 0 | L9: =SUM(G9:K9) -> 1037 | M9: =ROUND((L9/$E$1),0) -> 259
D10: Youth | G10: =+G26+G42+G58+G74+G90+G106+G122+G138+G154+G170+G186+G202+G218+G234+G250+G266+G282+G298+G314+G330+G346+G362+G378+G394+G410+G426+G442+G458+G474+G490 -> 282 | H10: =+H26+H42+H58+H74+H90+H106+H122+H138+H154+H170+H186+H202+H218+H234+H250+H266+H282+H298+H314+H330+H346+H362+H378+H394+H410+H426+H442+H458+H474+H490 -> 456 | I10: =+I26+I42+I58+I74+I90+I106+I122+I138+I154+I170+I186+I202+I218+I234+I250+I266+I282+I298+I314+I330+I346+I362+I378+I394+I410+I426+I442+I458+I474+I490 -> 354 | J10: =+J26+J42+J58+J74+J90+J106+J122+J138+J154+J170+J186+J202+J218+J234+J250+J266+J282+J298+J314+J330+J346+J362+J378+J394+J410+J426+J442+J458+J474+J490 -> 415 | K10: =+K26+K42+K58+K74+K90+K106+K122+K138+K154+K170+K186+K202+K218+K234+K250+K266+K282+K298+K314+K330+K346+K362+K378+K394+K410+K426+K442+K458+K474+K490 -> 0 | L10: =SUM(G10:K10) -> 1507 | M10: =ROUND((L10/$E$1),0) -> 377
D11: Children | G11: =+G27+G43+G59+G75+G91+G107+G123+G139+G155+G171+G187+G203+G219+G235+G251+G267+G283+G299+G315+G331+G347+G363+G379+G395+G411+G427+G443+G459+G475+G491 -> 591 | H11: =+H27+H43+H59+H75+H91+H107+H123+H139+H155+H171+H187+H203+H219+H235+H251+H267+H283+H299+H315+H331+H347+H363+H379+H395+H411+H427+H443+H459+H475+H491 -> 688 | I11: =+I27+I43+I59+I75+I91+I107+I123+I139+I155+I171+I187+I203+I219+I235+I251+I267+I283+I299+I315+I331+I347+I363+I379+I395+I411+I427+I443+I459+I475+I491 -> 568 | J11: =+J27+J43+J59+J75+J91+J107+J123+J139+J155+J171+J187+J203+J219+J235+J251+J267+J283+J299+J315+J331+J347+J363+J379+J395+J411+J427+J443+J459+J475+J491 -> 678 | K11: =+K27+K43+K59+K75+K91+K107+K123+K139+K155+K171+K187+K203+K219+K235+K251+K267+K283+K299+K315+K331+K347+K363+K379+K395+K411+K427+K443+K459+K475+K491 -> 0 | L11: =SUM(G11:K11) -> 2525 | M11: =ROUND((L11/$E$1),0) -> 631
C12: Salvations | G12: =+G28+G44+G60+G76+G92+G108+G124+G140+G156+G172+G188+G204+G220+G236+G252+G268+G284+G300+G316+G332+G348+G364+G380+G396+G412+G428+G444+G460+G476+G492 -> 2 | H12: =+H28+H44+H60+H76+H92+H108+H124+H140+H156+H172+H188+H204+H220+H236+H252+H268+H284+H300+H316+H332+H348+H364+H380+H396+H412+H428+H444+H460+H476+H492 -> 23 | I12: =+I28+I44+I60+I76+I92+I108+I124+I140+I156+I172+I188+I204+I220+I236+I252+I268+I284+I300+I316+I332+I348+I364+I380+I396+I412+I428+I444+I460+I476+I492 -> 12 | J12: =+J28+J44+J60+J76+J92+J108+J124+J140+J156+J172+J188+J204+J220+J236+J252+J268+J284+J300+J316+J332+J348+J364+J380+J396+J412+J428+J444+J460+J476+J492 -> 0 | K12: =+K28+K44+K60+K76+K92+K108+K124+K140+K156+K172+K188+K204+K220+K236+K252+K268+K284+K300+K316+K332+K348+K364+K380+K396+K412+K428+K444+K460+K476+K492 -> 0 | L12: =SUM(G12:K12) -> 37 | M12: =ROUND((L12/$E$1),0) -> 9
C13: Baptisms | G13: =+G29+G45+G61+G77+G93+G109+G125+G141+G157+G173+G189+G205+G221+G237+G253+G269+G285+G301+G317+G333+G349+G365+G381+G397+G413+G429+G445+G461+G477+G493 -> 0 | H13: =+H29+H45+H61+H77+H93+H109+H125+H141+H157+H173+H189+H205+H221+H237+H253+H269+H285+H301+H317+H333+H349+H365+H381+H397+H413+H429+H445+H461+H477+H493 -> 0 | I13: =+I29+I45+I61+I77+I93+I109+I125+I141+I157+I173+I189+I205+I221+I237+I253+I269+I285+I301+I317+I333+I349+I365+I381+I397+I413+I429+I445+I461+I477+I493 -> 0 | J13: =+J29+J45+J61+J77+J93+J109+J125+J141+J157+J173+J189+J205+J221+J237+J253+J269+J285+J301+J317+J333+J349+J365+J381+J397+J413+J429+J445+J461+J477+J493 -> 0 | K13: =+K29+K45+K61+K77+K93+K109+K125+K141+K157+K173+K189+K205+K221+K237+K253+K269+K285+K301+K317+K333+K349+K365+K381+K397+K413+K429+K445+K461+K477+K493 -> 0 | L13: =SUM(G13:K13) -> 0 | M13: =ROUND((L13/$E$1),0) -> 0
C14: Home Visits | G14: =+G30+G46+G62+G78+G94+G110+G126+G142+G158+G174+G190+G206+G222+G238+G254+G270+G286+G302+G318+G334+G350+G366+G382+G398+G414+G430+G446+G462+G478+G494 -> 27 | H14: =+H30+H46+H62+H78+H94+H110+H126+H142+H158+H174+H190+H206+H222+H238+H254+H270+H286+H302+H318+H334+H350+H366+H382+H398+H414+H430+H446+H462+H478 -> 25 | I14: =+I30+I46+I62+I78+I94+I110+I126+I142+I158+I174+I190+I206+I222+I238+I254+I270+I286+I302+I318+I334+I350+I366+I382+I398+I414+I430+I446+I462+I478+I494 -> 32 | J14: =+J30+J46+J62+J78+J94+J110+J126+J142+J158+J174+J190+J206+J222+J238+J254+J270+J286+J302+J318+J334+J350+J366+J382+J398+J414+J430+J446+J462+J478+J494 -> 28 | K14: =+K30+K46+K62+K78+K94+K110+K126+K142+K158+K174+K190+K206+K222+K238+K254+K270+K286+K302+K318+K334+K350+K366+K382+K398+K414+K430+K446+K462+K478+K494 -> 0 | L14: =SUM(G14:K14) -> 112 | M14: =ROUND((L14/$E$1),0) -> 28
C15: Meals / Food Packs | G15: =+G31+G47+G63+G79+G95+G111+G127+G143+G159+G175+G191+G207+G223+G239+G255+G271+G287+G303+G319+G335+G351+G367+G383+G399+G415+G431+G447+G463+G479+G495 -> 0 | H15: =+H31+H47+H63+H79+H95+H111+H127+H143+H159+H175+H191+H207+H223+H239+H255+H271+H287+H303+H319+H335+H351+H367+H383+H399+H415+H431+H447+H463+H479+H495 -> 316 | I15: =+I31+I47+I63+I79+I95+I111+I127+I143+I159+I175+I191+I207+I223+I239+I255+I271+I287+I303+I319+I335+I351+I367+I383+I399+I415+I431+I447+I463+I479+I495 -> 116 | J15: =+J31+J47+J63+J79+J95+J111+J127+J143+J159+J175+J191+J207+J223+J239+J255+J271+J287+J303+J319+J335+J351+J367+J383+J399+J415+J431+J447+J463+J479+J495 -> 39 | K15: =+K31+K47+K63+K79+K95+K111+K127+K143+K159+K175+K191+K207+K223+K239+K255+K271+K287+K303+K319+K335+K351+K367+K383+K399+K415+K431+K447+K463+K479+K495 -> 0 | L15: =SUM(G15:K15) -> 471 | M15: =ROUND((L15/$E$1),0) -> 118
C16: Preschool Attendance | G16: =+G32+G48+G64+G80+G96+G112+G128+G144+G160+G176+G192+G208+G224+G240+G256+G272+G288+G304+G320+G336+G352+G368+G384+G400+G416+G432+G448+G464+G480+G496 -> 34 | H16: =+H32+H48+H64+H80+H96+H112+H128+H144+H160+H176+H192+H208+H224+H240+H256+H272+H288+H304+H320+H336+H352+H368+H384+H400+H416+H432+H448+H464+H480+H496 -> 0 | I16: =+I32+I48+I64+I80+I96+I112+I128+I144+I160+I176+I192+I208+I224+I240+I256+I272+I288+I304+I320+I336+I352+I368+I384+I400+I416+I432+I448+I464+I480+I496 -> 43 | J16: =+J32+J48+J64+J80+J96+J112+J128+J144+J160+J176+J192+J208+J224+J240+J256+J272+J288+J304+J320+J336+J352+J368+J384+J400+J416+J432+J448+J464+J480+J496 -> 60 | K16: =+K32+K48+K64+K80+K96+K112+K128+K144+K160+K176+K192+K208+K224+K240+K256+K272+K288+K304+K320+K336+K352+K368+K384+K400+K416+K432+K448+K464+K480+K496 -> 0 | L16: =SUM(G16:K16) -> 137 | M16: =ROUND((L16/$E$1),0) -> 34
A19: 1 | C19: Hawane CLC Church | G19: =+$G$3 -> 2021 | H19: =+G19 -> 2021 | I19: =+H19 -> 2021 | J19: =+I19 -> 2021 | K19: =+J19 -> 2021 | L19: =+K19 -> 2021 | M19: =+L19 -> 2021
C20: November 2021 | G20: =+$G$4 -> Nov | H20: =+G20 -> Nov | I20: =+H20 -> Nov | J20: =+I20 -> Nov | K20: =+J20 -> Nov | L20: =+K20 -> Nov | M20: =+L20 -> Nov
G21: =+$G$5 -> 7 | H21: =+$H$5 -> 14 | I21: =+$I$5 -> 21 | J21: =+$J$5 -> 28 | K21: =+$K$5 -> 0 | L21: Total | M21: Average
C23: Church Attendance: | G23: =SUM(G24:G27) -> 0 | H23: =SUM(H24:H27) -> 172 | I23: =SUM(I24:I27) -> 130 | J23: =SUM(J24:J27) -> 183 | K23: =SUM(K24:K27) -> 0 | L23: =SUM(L24:L27) -> 485 | M23: =ROUND((L23/$E$1),0) -> 121
D24: Men | H24: 6 | I24: 14 | J24: 7 | L24: =SUM(G24:K24) -> 27 | M24: =ROUND((L24/$E$1),0) -> 7
D25: Women | H25: 27 | I25: 24 | J25: 38 | L25: =SUM(G25:K25) -> 89 | M25: =ROUND((L25/$E$1),0) -> 22
D26: Youth | H26: 62 | I26: 39 | J26: 46 | L26: =SUM(G26:K26) -> 147 | M26: =ROUND((L26/$E$1),0) -> 37
D27: Children | H27: 77 | I27: 53 | J27: 92 | L27: =SUM(G27:K27) -> 222 | M27: =ROUND((L27/$E$1),0) -> 56
C28: Salvations | L28: =SUM(G28:K28) -> 0 | M28: =ROUND((L28/$E$1),0) -> 0
C29: Baptisms | L29: =SUM(G29:K29) -> 0 | M29: =ROUND((L29/$E$1),0) -> 0
C30: Home Visits | L30: =SUM(G30:K30) -> 0 | M30: =ROUND((L30/$E$1),0) -> 0
C31: Meals / Food Packs | L31: =SUM(G31:K31) -> 0 | M31: =ROUND((L31/$E$1),0) -> 0
C32: Preschool Attendance | L32: =SUM(G32:K32) -> 0 | M32: =ROUND((L32/$E$1),0) -> 0
A35: =+A19+1 -> 2 | C35: Ngwenya | G35: 2021 | H35: =+G35 -> 2021 | I35: =+H35 -> 2021 | J35: =+I35 -> 2021 | K35: =+J35 -> 2021 | L35: =+K35 -> 2021 | M35: =+L35 -> 2021
C36: November 2021 | G36: Nov | H36: =+G36 -> Nov | I36: =+H36 -> Nov | J36: =+I36 -> Nov | K36: =+J36 -> Nov | L36: =+K36 -> Nov | M36: =+L36 -> Nov
G37: 7 | H37: 14 | I37: 21 | J37: 28 | L37: Total | M37: Average
C39: Church Attendance: | G39: =SUM(G40:G43) -> 33 | H39: =SUM(H40:H43) -> 45 | I39: =SUM(I40:I43) -> 48 | J39: =SUM(J40:J43) -> 53 | K39: =SUM(K40:K43) -> 0 | L39: =SUM(L40:L43) -> 179 | M39: =ROUND((L39/$E$1),0) -> 45
D40: Men | G40: 10 | H40: 4 | I40: 4 | J40: 5 | L40: =SUM(G40:K40) -> 23 | M40: =ROUND((L40/$E$1),0) -> 6
D41: Women | G41: 2 | H41: 10 | I41: 11 | J41: 12 | L41: =SUM(G41:K41) -> 35 | M41: =ROUND((L41/$E$1),0) -> 9
D42: Youth | G42: 13 | H42: 13 | I42: 15 | J42: 16 | L42: =SUM(G42:K42) -> 57 | M42: =ROUND((L42/$E$1),0) -> 14
D43: Children | G43: 8 | H43: 18 | I43: 18 | J43: 20 | L43: =SUM(G43:K43) -> 64 | M43: =ROUND((L43/$E$1),0) -> 16
C44: Salvations | G44: 2 | J44: 0 | L44: =SUM(G44:K44) -> 2 | M44: =ROUND((L44/$E$1),0) -> 1
C45: Baptisms | J45: 0 | L45: =SUM(G45:K45) -> 0 | M45: =ROUND((L45/$E$1),0) -> 0
C46: Home Visits | G46: 5 | H46: 3 | I46: 2 | J46: 2 | L46: =SUM(G46:K46) -> 12 | M46: =ROUND((L46/$E$1),0) -> 3
C47: Meals / Food Packs | I47: 30 | J47: 0 | L47: =SUM(G47:K47) -> 30 | M47: =ROUND((L47/$E$1),0) -> 8
C48: Preschool Attendance | G48: 8 | J48: 0 | L48: =SUM(G48:K48) -> 8 | M48: =ROUND((L48/$E$1),0) -> 2
A51: =+A35+1 -> 3 | C51: Lavumisa | G51: =+$G$3 -> 2021 | H51: =+G51 -> 2021 | I51: =+H51 -> 2021 | J51: =+I51 -> 2021 | K51: =+J51 -> 2021 | L51: =+K51 -> 2021 | M51: =+L51 -> 2021
C52: November 2021 | G52: =+$G$4 -> Nov | H52: =+G52 -> Nov | I52: =+H52 -> Nov | J52: =+I52 -> Nov | K52: =+J52 -> Nov | L52: =+K52 -> Nov | M52: =+L52 -> Nov
G53: =+$G$5 -> 7 | H53: =+$H$5 -> 14 | I53: =+$I$5 -> 21 | J53: =+$J$5 -> 28 | K53: =+$K$5 -> 0 | L53: Total | M53: Average
C55: Church Attendance: | G55: =SUM(G56:G59) -> 124 | H55: =SUM(H56:H59) -> 117 | I55: =SUM(I56:I59) -> 90 | J55: =SUM(J56:J59) -> 128 | K55: =SUM(K56:K59) -> 0 | L55: =SUM(L56:L59) -> 459 | M55: =ROUND((L55/$E$1),0) -> 115
D56: Men | G56: 3 | H56: 2 | I56: 3 | J56: 4 | L56: =SUM(G56:K56) -> 12 | M56: =ROUND((L56/$E$1),0) -> 3
D57: Women | G57: 16 | H57: 18 | I57: 17 | J57: 33 | L57: =SUM(G57:K57) -> 84 | M57: =ROUND((L57/$E$1),0) -> 21
D58: Youth | G58: 27 | H58: 33 | I58: 22 | J58: 27 | L58: =SUM(G58:K58) -> 109 | M58: =ROUND((L58/$E$1),0) -> 27
D59: Children | G59: 78 | H59: 64 | I59: 48 | J59: 64 | L59: =SUM(G59:K59) -> 254 | M59: =ROUND((L59/$E$1),0) -> 64
C60: Salvations | L60: =SUM(G60:K60) -> 0 | M60: =ROUND((L60/$E$1),0) -> 0
C61: Baptisms | L61: =SUM(G61:K61) -> 0 | M61: =ROUND((L61/$E$1),0) -> 0
C62: Home Visits | L62: =SUM(G62:K62) -> 0 | M62: =ROUND((L62/$E$1),0) -> 0
C63: Meals / Food Packs | L63: =SUM(G63:K63) -> 0 | M63: =ROUND((L63/$E$1),0) -> 0
C64: Preschool Attendance | L64: =SUM(G64:K64) -> 0 | M64: =ROUND((L64/$E$1),0) -> 0
A67: =+A51+1 -> 4 | C67: Engcamini | G67: =+$G$3 -> 2021 | H67: =+G67 -> 2021 | I67: =+H67 -> 2021 | J67: =+I67 -> 2021 | K67: =+J67 -> 2021 | L67: =+K67 -> 2021 | M67: =+L67 -> 2021
C68: November 2021 | G68: =+$G$4 -> Nov | H68: =+G68 -> Nov | I68: =+H68 -> Nov | J68: =+I68 -> Nov | K68: =+J68 -> Nov | L68: =+K68 -> Nov | M68: =+L68 -> Nov
G69: =+$G$5 -> 7 | H69: =+$H$5 -> 14 | I69: =+$I$5 -> 21 | J69: =+$J$5 -> 28 | K69: =+$K$5 -> 0 | L69: Total | M69: Average
C71: Church Attendance: | G71: =SUM(G72:G75) -> 69 | H71: =SUM(H72:H75) -> 66 | I71: =SUM(I72:I75) -> 62 | J71: =SUM(J72:J75) -> 51 | K71: =SUM(K72:K75) -> 0 | L71: =SUM(L72:L75) -> 248 | M71: =ROUND((L71/$E$1),0) -> 62
D72: Men | G72: 5 | H72: 4 | I72: 8 | J72: 7 | L72: =SUM(G72:K72) -> 24 | M72: =ROUND((L72/$E$1),0) -> 6
D73: Women | G73: 14 | H73: 11 | I73: 6 | J73: 10 | L73: =SUM(G73:K73) -> 41 | M73: =ROUND((L73/$E$1),0) -> 10
D74: Youth | G74: 11 | H74: 6 | I74: 5 | J74: 8 | L74: =SUM(G74:K74) -> 30 | M74: =ROUND((L74/$E$1),0) -> 8
D75: Children | G75: 39 | H75: 45 | I75: 43 | J75: 26 | L75: =SUM(G75:K75) -> 153 | M75: =ROUND((L75/$E$1),0) -> 38
C76: Salvations | L76: =SUM(G76:K76) -> 0 | M76: =ROUND((L76/$E$1),0) -> 0
C77: Baptisms | L77: =SUM(G77:K77) -> 0 | M77: =ROUND((L77/$E$1),0) -> 0
C78: Home Visits | L78: =SUM(G78:K78) -> 0 | M78: =ROUND((L78/$E$1),0) -> 0
C79: Meals / Food Packs | L79: =SUM(G79:K79) -> 0 | M79: =ROUND((L79/$E$1),0) -> 0
C80: Preschool Attendance | G80: 9 | L80: =SUM(G80:K80) -> 9 | M80: =ROUND((L80/$E$1),0) -> 2
A83: =+A67+1 -> 5 | C83: Pine Valley | G83: 2021 | H83: =+G83 -> 2021 | I83: =+H83 -> 2021 | J83: =+I83 -> 2021 | K83: =+J83 -> 2021 | L83: =+K83 -> 2021 | M83: =+L83 -> 2021
C84: November 2021 | G84: Nov | H84: =+G84 -> Nov | I84: =+H84 -> Nov | J84: =+I84 -> Nov | K84: =+J84 -> Nov | L84: =+K84 -> Nov | M84: =+L84 -> Nov
G85: 7 | H85: 14 | I85: 21 | J85: 28 | L85: Total | M85: Average
C87: Church Attendance: | G87: =SUM(G88:G91) -> 78 | H87: =SUM(H88:H91) -> 89 | I87: =SUM(I88:I91) -> 64 | J87: =SUM(J88:J91) -> 105 | K87: =SUM(K88:K91) -> 0 | L87: =SUM(L88:L91) -> 336 | M87: =ROUND((L87/$E$1),0) -> 84
D88: Men | G88: 5 | H88: 5 | I88: 3 | J88: 8 | L88: =SUM(G88:K88) -> 21 | M88: =ROUND((L88/$E$1),0) -> 5
D89: Women | G89: 15 | H89: 13 | I89: 9 | J89: 15 | L89: =SUM(G89:K89) -> 52 | M89: =ROUND((L89/$E$1),0) -> 13
D90: Youth | G90: 15 | H90: 42 | I90: 34 | J90: 51 | L90: =SUM(G90:K90) -> 142 | M90: =ROUND((L90/$E$1),0) -> 36
D91: Children | G91: 43 | H91: 29 | I91: 18 | J91: 31 | L91: =SUM(G91:K91) -> 121 | M91: =ROUND((L91/$E$1),0) -> 30
C92: Salvations | L92: =SUM(G92:K92) -> 0 | M92: =ROUND((L92/$E$1),0) -> 0
C93: Baptisms | L93: =SUM(G93:K93) -> 0 | M93: =ROUND((L93/$E$1),0) -> 0
C94: Home Visits | L94: =SUM(G94:K94) -> 0 | M94: =ROUND((L94/$E$1),0) -> 0
C95: Meals / Food Packs | L95: =SUM(G95:K95) -> 0 | M95: =ROUND((L95/$E$1),0) -> 0
C96: Preschool Attendance | L96: =SUM(G96:K96) -> 0 | M96: =ROUND((L96/$E$1),0) -> 0
A99: =+A83+1 -> 6 | C99: Ngwempisi | G99: =+$G$3 -> 2021 | H99: =+G99 -> 2021 | I99: =+H99 -> 2021 | J99: =+I99 -> 2021 | K99: =+J99 -> 2021 | L99: =+K99 -> 2021 | M99: =+L99 -> 2021
C100: November 2021 | G100: =+$G$4 -> Nov | H100: =+G100 -> Nov | I100: =+H100 -> Nov | J100: =+I100 -> Nov | K100: =+J100 -> Nov | L100: =+K100 -> Nov | M100: =+L100 -> Nov
G101: =+$G$5 -> 7 | H101: =+$H$5 -> 14 | I101: =+$I$5 -> 21 | J101: =+$J$5 -> 28 | K101: =+$K$5 -> 0 | L101: Total | M101: Average
C103: Church Attendance: | G103: =SUM(G104:G107) -> 0 | H103: =SUM(H104:H107) -> 36 | I103: =SUM(I104:I107) -> 26 | J103: =SUM(J104:J107) -> 12 | K103: =SUM(K104:K107) -> 0 | L103: =SUM(L104:L107) -> 74 | M103: =ROUND((L103/$E$1),0) -> 19
D104: Men | H104: 4 | I104: 3 | J104: 1 | L104: =SUM(G104:K104) -> 8 | M104: =ROUND((L104/$E$1),0) -> 2
D105: Women | H105: 11 | I105: 12 | J105: 7 | L105: =SUM(G105:K105) -> 30 | M105: =ROUND((L105/$E$1),0) -> 8
D106: Youth | H106: 11 | I106: 8 | J106: 2 | L106: =SUM(G106:K106) -> 21 | M106: =ROUND((L106/$E$1),0) -> 5
D107: Children | H107: 10 | I107: 3 | J107: 2 | L107: =SUM(G107:K107) -> 15 | M107: =ROUND((L107/$E$1),0) -> 4
C108: Salvations | L108: =SUM(G108:K108) -> 0 | M108: =ROUND((L108/$E$1),0) -> 0
C109: Baptisms | L109: =SUM(G109:K109) -> 0 | M109: =ROUND((L109/$E$1),0) -> 0
C110: Home Visits | L110: =SUM(G110:K110) -> 0 | M110: =ROUND((L110/$E$1),0) -> 0
C111: Meals / Food Packs | L111: =SUM(G111:K111) -> 0 | M111: =ROUND((L111/$E$1),0) -> 0
C112: Preschool Attendance | L112: =SUM(G112:K112) -> 0 | M112: =ROUND((L112/$E$1),0) -> 0
A115: =+A99+1 -> 7 | C115: Gebeni | G115: =+$G$3 -> 2021 | H115: =+G115 -> 2021 | I115: =+H115 -> 2021 | J115: =+I115 -> 2021 | K115: =+J115 -> 2021 | L115: =+K115 -> 2021 | M115: =+L115 -> 2021
C116: November 2021 | G116: =+$G$4 -> Nov | H116: =+G116 -> Nov | I116: =+H116 -> Nov | J116: =+I116 -> Nov | K116: =+J116 -> Nov | L116: =+K116 -> Nov | M116: =+L116 -> Nov
G117: =+$G$5 -> 7 | H117: =+$H$5 -> 14 | I117: =+$I$5 -> 21 | J117: =+$J$5 -> 28 | K117: =+$K$5 -> 0 | L117: Total | M117: Average
C119: Church Attendance: | G119: =SUM(G120:G123) -> 44 | H119: =SUM(H120:H123) -> 43 | I119: =SUM(I120:I123) -> 79 | J119: =SUM(J120:J123) -> 38 | K119: =SUM(K120:K123) -> 0 | L119: =SUM(L120:L123) -> 204 | M119: =ROUND((L119/$E$1),0) -> 51
D120: Men | G120: 4 | H120: 1 | I120: 6 | J120: 5 | L120: =SUM(G120:K120) -> 16 | M120: =ROUND((L120/$E$1),0) -> 4
D121: Women | G121: 14 | H121: 11 | I121: 20 | J121: 9 | L121: =SUM(G121:K121) -> 54 | M121: =ROUND((L121/$E$1),0) -> 14
D122: Youth | G122: 18 | H122: 8 | I122: 15 | J122: 8 | L122: =SUM(G122:K122) -> 49 | M122: =ROUND((L122/$E$1),0) -> 12
D123: Children | G123: 8 | H123: 23 | I123: 38 | J123: 16 | L123: =SUM(G123:K123) -> 85 | M123: =ROUND((L123/$E$1),0) -> 21
...

Sheet Dec21
D1: Number of Sundays | E1: 4 | P1: No services at some
C3: Total ICBC | G3: 2021 | H3: =+G3 -> 2021 | I3: =+H3 -> 2021 | J3: =+I3 -> 2021 | K3: =+J3 -> 2021 | L3: =+K3 -> 2021 | M3: =+L3 -> 2021
C4: December 2021 | G4: Dec | H4: =+G4 -> Dec | I4: =+H4 -> Dec | J4: =+I4 -> Dec | K4: =+J4 -> Dec | L4: =+K4 -> Dec | M4: =+L4 -> Dec
G5: 5 | H5: 12 | I5: 19 | J5: 26 | L5: Total | M5: Average
C7: Church Attendance: | G7: =SUM(G8:G11) -> 1353 | H7: =SUM(H8:H11) -> 1584 | I7: =SUM(I8:I11) -> 1594 | J7: =SUM(J8:J11) -> 1143 | K7: =SUM(K8:K11) -> 0 | L7: =SUM(L8:L11) -> 5674 | M7: =ROUND((L7/$E$1),0) -> 1419
D8: Men | G8: =+G24+G40+G56+G72+G88+G104+G120+G136+G152+G168+G184+G200+G216+G232+G248+G264+G280+G296+G312+G328+G344+G360+G376+G392+G408+G424+G440+G456+G472+G488 -> 99 | H8: =+H24+H40+H56+H72+H88+H104+H120+H136+H152+H168+H184+H200+H216+H232+H248+H264+H280+H296+H312+H328+H344+H360+H376+H392+H408+H424+H440+H456+H472+H488 -> 110 | I8: =+I24+I40+I56+I72+I88+I104+I120+I136+I152+I168+I184+I200+I216+I232+I248+I264+I280+I296+I312+I328+I344+I360+I376+I392+I408+I424+I440+I456+I472+I488 -> 116 | J8: =+J24+J40+J56+J72+J88+J104+J120+J136+J152+J168+J184+J200+J216+J232+J248+J264+J280+J296+J312+J328+J344+J360+J376+J392+J408+J424+J440+J456+J472+J488 -> 87 | K8: =+K24+K40+K56+K72+K88+K104+K120+K136+K152+K168+K184+K200+K216+K232+K248+K264+K280+K296+K312+K328+K344+K360+K376+K392+K408+K424+K440+K456+K472+K488 -> 0 | L8: =SUM(G8:K8) -> 412 | M8: =ROUND((L8/$E$1),0) -> 103
D9: Women | G9: =+G25+G41+G57+G73+G89+G105+G121+G137+G153+G169+G185+G201+G217+G233+G249+G265+G281+G297+G313+G329+G345+G361+G377+G393+G409+G425+G441+G457+G473+G489 -> 256 | H9: =+H25+H41+H57+H73+H89+H105+H121+H137+H153+H169+H185+H201+H217+H233+H249+H265+H281+H297+H313+H329+H345+H361+H377+H393+H409+H425+H441+H457+H473+H489 -> 277 | I9: =+I25+I41+I57+I73+I89+I105+I121+I137+I153+I169+I185+I201+I217+I233+I249+I265+I281+I297+I313+I329+I345+I361+I377+I393+I409+I425+I441+I457+I473+I489 -> 287 | J9: =+J25+J41+J57+J73+J89+J105+J121+J137+J153+J169+J185+J201+J217+J233+J249+J265+J281+J297+J313+J329+J345+J361+J377+J393+J409+J425+J441+J457+J473+J489 -> 230 | K9: =+K25+K41+K57+K73+K89+K105+K121+K137+K153+K169+K185+K201+K217+K233+K249+K265+K281+K297+K313+K329+K345+K361+K377+K393+K409+K425+K441+K457+K473+K489 -> 0 | L9: =SUM(G9:K9) -> 1050 | M9: =ROUND((L9/$E$1),0) -> 263
D10: Youth | G10: =+G26+G42+G58+G74+G90+G106+G122+G138+G154+G170+G186+G202+G218+G234+G250+G266+G282+G298+G314+G330+G346+G362+G378+G394+G410+G426+G442+G458+G474+G490 -> 370 | H10: =+H26+H42+H58+H74+H90+H106+H122+H138+H154+H170+H186+H202+H218+H234+H250+H266+H282+H298+H314+H330+H346+H362+H378+H394+H410+H426+H442+H458+H474+H490 -> 431 | I10: =+I26+I42+I58+I74+I90+I106+I122+I138+I154+I170+I186+I202+I218+I234+I250+I266+I282+I298+I314+I330+I346+I362+I378+I394+I410+I426+I442+I458+I474+I490 -> 436 | J10: =+J26+J42+J58+J74+J90+J106+J122+J138+J154+J170+J186+J202+J218+J234+J250+J266+J282+J298+J314+J330+J346+J362+J378+J394+J410+J426+J442+J458+J474+J490 -> 286 | K10: =+K26+K42+K58+K74+K90+K106+K122+K138+K154+K170+K186+K202+K218+K234+K250+K266+K282+K298+K314+K330+K346+K362+K378+K394+K410+K426+K442+K458+K474+K490 -> 0 | L10: =SUM(G10:K10) -> 1523 | M10: =ROUND((L10/$E$1),0) -> 381
D11: Children | G11: =+G27+G43+G59+G75+G91+G107+G123+G139+G155+G171+G187+G203+G219+G235+G251+G267+G283+G299+G315+G331+G347+G363+G379+G395+G411+G427+G443+G459+G475+G491 -> 628 | H11: =+H27+H43+H59+H75+H91+H107+H123+H139+H155+H171+H187+H203+H219+H235+H251+H267+H283+H299+H315+H331+H347+H363+H379+H395+H411+H427+H443+H459+H475+H491 -> 766 | I11: =+I27+I43+I59+I75+I91+I107+I123+I139+I155+I171+I187+I203+I219+I235+I251+I267+I283+I299+I315+I331+I347+I363+I379+I395+I411+I427+I443+I459+I475+I491 -> 755 | J11: =+J27+J43+J59+J75+J91+J107+J123+J139+J155+J171+J187+J203+J219+J235+J251+J267+J283+J299+J315+J331+J347+J363+J379+J395+J411+J427+J443+J459+J475+J491 -> 540 | K11: =+K27+K43+K59+K75+K91+K107+K123+K139+K155+K171+K187+K203+K219+K235+K251+K267+K283+K299+K315+K331+K347+K363+K379+K395+K411+K427+K443+K459+K475+K491 -> 0 | L11: =SUM(G11:K11) -> 2689 | M11: =ROUND((L11/$E$1),0) -> 672
C12: Salvations | G12: =+G28+G44+G60+G76+G92+G108+G124+G140+G156+G172+G188+G204+G220+G236+G252+G268+G284+G300+G316+G332+G348+G364+G380+G396+G412+G428+G444+G460+G476+G492 -> 31 | H12: =+H28+H44+H60+H76+H92+H108+H124+H140+H156+H172+H188+H204+H220+H236+H252+H268+H284+H300+H316+H332+H348+H364+H380+H396+H412+H428+H444+H460+H476+H492 -> 28 | I12: =+I28+I44+I60+I76+I92+I108+I124+I140+I156+I172+I188+I204+I220+I236+I252+I268+I284+I300+I316+I332+I348+I364+I380+I396+I412+I428+I444+I460+I476+I492 -> 52 | J12: =+J28+J44+J60+J76+J92+J108+J124+J140+J156+J172+J188+J204+J220+J236+J252+J268+J284+J300+J316+J332+J348+J364+J380+J396+J412+J428+J444+J460+J476+J492 -> 35 | K12: =+K28+K44+K60+K76+K92+K108+K124+K140+K156+K172+K188+K204+K220+K236+K252+K268+K284+K300+K316+K332+K348+K364+K380+K396+K412+K428+K444+K460+K476+K492 -> 0 | L12: =SUM(G12:K12) -> 146 | M12: =ROUND((L12/$E$1),0) -> 37
C13: Baptisms | G13: =+G29+G45+G61+G77+G93+G109+G125+G141+G157+G173+G189+G205+G221+G237+G253+G269+G285+G301+G317+G333+G349+G365+G381+G397+G413+G429+G445+G461+G477+G493 -> 0 | H13: =+H29+H45+H61+H77+H93+H109+H125+H141+H157+H173+H189+H205+H221+H237+H253+H269+H285+H301+H317+H333+H349+H365+H381+H397+H413+H429+H445+H461+H477+H493 -> 0 | I13: =+I29+I45+I61+I77+I93+I109+I125+I141+I157+I173+I189+I205+I221+I237+I253+I269+I285+I301+I317+I333+I349+I365+I381+I397+I413+I429+I445+I461+I477+I493 -> 0 | J13: =+J29+J45+J61+J77+J93+J109+J125+J141+J157+J173+J189+J205+J221+J237+J253+J269+J285+J301+J317+J333+J349+J365+J381+J397+J413+J429+J445+J461+J477+J493 -> 5 | K13: =+K29+K45+K61+K77+K93+K109+K125+K141+K157+K173+K189+K205+K221+K237+K253+K269+K285+K301+K317+K333+K349+K365+K381+K397+K413+K429+K445+K461+K477+K493 -> 0 | L13: =SUM(G13:K13) -> 5 | M13: =ROUND((L13/$E$1),0) -> 1
C14: Home Visits | G14: =+G30+G46+G62+G78+G94+G110+G126+G142+G158+G174+G190+G206+G222+G238+G254+G270+G286+G302+G318+G334+G350+G366+G382+G398+G414+G430+G446+G462+G478+G494 -> 76 | H14: =+H30+H46+H62+H78+H94+H110+H126+H142+H158+H174+H190+H206+H222+H238+H254+H270+H286+H302+H318+H334+H350+H366+H382+H398+H414+H430+H446+H462+H478+H494 -> 28 | I14: =+I30+I46+I62+I78+I94+I110+I126+I142+I158+I174+I190+I206+I222+I238+I254+I270+I286+I302+I318+I334+I350+I366+I382+I398+I414+I430+I446+I462+I478+I494 -> 30 | J14: =+J30+J46+J62+J78+J94+J110+J126+J142+J158+J174+J190+J206+J222+J238+J254+J270+J286+J302+J318+J334+J350+J366+J382+J398+J414+J430+J446+J462+J478+J494 -> 19 | K14: =+K30+K46+K62+K78+K94+K110+K126+K142+K158+K174+K190+K206+K222+K238+K254+K270+K286+K302+K318+K334+K350+K366+K382+K398+K414+K430+K446+K462+K478+K494 -> 0 | L14: =SUM(G14:K14) -> 153 | M14: =ROUND((L14/$E$1),0) -> 38
C15: Meals / Food Packs | G15: =+G31+G47+G63+G79+G95+G111+G127+G143+G159+G175+G191+G207+G223+G239+G255+G271+G287+G303+G319+G335+G351+G367+G383+G399+G415+G431+G447+G463+G479+G495 -> 116 | H15: =+H31+H47+H63+H79+H95+H111+H127+H143+H159+H175+H191+H207+H223+H239+H255+H271+H287+H303+H319+H335+H351+H367+H383+H399+H415+H431+H447+H463+H479+H495 -> 105 | I15: =+I31+I47+I63+I79+I95+I111+I127+I143+I159+I175+I191+I207+I223+I239+I255+I271+I287+I303+I319+I335+I351+I367+I383+I399+I415+I431+I447+I463+I479+I495 -> 799 | J15: =+J31+J47+J63+J79+J95+J111+J127+J143+J159+J175+J191+J207+J223+J239+J255+J271+J287+J303+J319+J335+J351+J367+J383+J399+J415+J431+J447+J463+J479+J495 -> 354 | K15: =+K31+K47+K63+K79+K95+K111+K127+K143+K159+K175+K191+K207+K223+K239+K255+K271+K287+K303+K319+K335+K351+K367+K383+K399+K415+K431+K447+K463+K479+K495 -> 0 | L15: =SUM(G15:K15) -> 1374 | M15: =ROUND((L15/$E$1),0) -> 344
C16: Preschool Attendance | G16: =+G32+G48+G64+G80+G96+G112+G128+G144+G160+G176+G192+G208+G224+G240+G256+G272+G288+G304+G320+G336+G352+G368+G384+G400+G416+G432+G448+G464+G480+G496 -> 44 | H16: =+H32+H48+H64+H80+H96+H112+H128+H144+H160+H176+H192+H208+H224+H240+H256+H272+H288+H304+H320+H336+H352+H368+H384+H400+H416+H432+H448+H464+H480+H496 -> 60 | I16: =+I32+I48+I64+I80+I96+I112+I128+I144+I160+I176+I192+I208+I224+I240+I256+I272+I288+I304+I320+I336+I352+I368+I384+I400+I416+I432+I448+I464+I480+I496 -> 43 | J16: =+J32+J48+J64+J80+J96+J112+J128+J144+J160+J176+J192+J208+J224+J240+J256+J272+J288+J304+J320+J336+J352+J368+J384+J400+J416+J432+J448+J464+J480+J496 -> 0 | K16: =+K32+K48+K64+K80+K96+K112+K128+K144+K160+K176+K192+K208+K224+K240+K256+K272+K288+K304+K320+K336+K352+K368+K384+K400+K416+K432+K448+K464+K480+K496 -> 0 | L16: =SUM(G16:K16) -> 147 | M16: =ROUND((L16/$E$1),0) -> 37
A19: 1 | C19: Hawane CLC Church | G19: =+$G$3 -> 2021 | H19: =+G19 -> 2021 | I19: =+H19 -> 2021 | J19: =+I19 -> 2021 | K19: =+J19 -> 2021 | L19: =+K19 -> 2021 | M19: =+L19 -> 2021
C20: =+$C4 -> December 2021 | G20: =+$G$4 -> Dec | H20: =+G20 -> Dec | I20: =+H20 -> Dec | J20: =+I20 -> Dec | K20: =+J20 -> Dec | L20: =+K20 -> Dec | M20: =+L20 -> Dec
G21: =+$G$5 -> 5 | H21: =+$H$5 -> 12 | I21: =+$I$5 -> 19 | J21: =+$J$5 -> 26 | K21: =+$K$5 -> 0 | L21: Total | M21: Average
C23: Church Attendance: | G23: =SUM(G24:G27) -> 105 | H23: =SUM(H24:H27) -> 145 | I23: =SUM(I24:I27) -> 124 | J23: =SUM(J24:J27) -> 111 | K23: =SUM(K24:K27) -> 0 | L23: =SUM(L24:L27) -> 485 | M23: =ROUND((L23/$E$1),0) -> 121
D24: Men | G24: 6 | H24: 8 | I24: 7 | J24: 7 | L24: =SUM(G24:K24) -> 28 | M24: =ROUND((L24/$E$1),0) -> 7
D25: Women | G25: 19 | H25: 22 | I25: 21 | J25: 16 | L25: =SUM(G25:K25) -> 78 | M25: =ROUND((L25/$E$1),0) -> 20
D26: Youth | G26: 36 | H26: 47 | I26: 39 | J26: 37 | L26: =SUM(G26:K26) -> 159 | M26: =ROUND((L26/$E$1),0) -> 40
D27: Children | G27: 44 | H27: 68 | I27: 57 | J27: 51 | L27: =SUM(G27:K27) -> 220 | M27: =ROUND((L27/$E$1),0) -> 55
C28: Salvations | L28: =SUM(G28:K28) -> 0 | M28: =ROUND((L28/$E$1),0) -> 0
C29: Baptisms | L29: =SUM(G29:K29) -> 0 | M29: =ROUND((L29/$E$1),0) -> 0
C30: Home Visits | L30: =SUM(G30:K30) -> 0 | M30: =ROUND((L30/$E$1),0) -> 0
C31: Meals / Food Packs | L31: =SUM(G31:K31) -> 0 | M31: =ROUND((L31/$E$1),0) -> 0
C32: Preschool Attendance | L32: =SUM(G32:K32) -> 0 | M32: =ROUND((L32/$E$1),0) -> 0
A35: =+A19+1 -> 2 | C35: Ngwenya | G35: 2021 | H35: =+G35 -> 2021 | I35: =+H35 -> 2021 | J35: =+I35 -> 2021 | K35: =+J35 -> 2021 | L35: =+K35 -> 2021 | M35: =+L35 -> 2021
C36: =+$C20 -> December 2021 | G36: Dec | H36: =+G36 -> Dec | I36: =+H36 -> Dec | J36: =+I36 -> Dec | K36: =+J36 -> Dec | L36: =+K36 -> Dec | M36: =+L36 -> Dec
G37: 5 | H37: 12 | I37: 19 | J37: 26 | L37: Total | M37: Average
C39: Church Attendance: | G39: =SUM(G40:G43) -> 48 | H39: =SUM(H40:H43) -> 54 | I39: =SUM(I40:I43) -> 56 | J39: =SUM(J40:J43) -> 49 | K39: =SUM(K40:K43) -> 0 | L39: =SUM(L40:L43) -> 207 | M39: =ROUND((L39/$E$1),0) -> 52
D40: Men | G40: 5 | H40: 4 | I40: 6 | J40: 4 | L40: =SUM(G40:K40) -> 19 | M40: =ROUND((L40/$E$1),0) -> 5
D41: Women | G41: 10 | H41: 10 | I41: 12 | J41: 12 | L41: =SUM(G41:K41) -> 44 | M41: =ROUND((L41/$E$1),0) -> 11
D42: Youth | G42: 15 | H42: 20 | I42: 20 | J42: 15 | L42: =SUM(G42:K42) -> 70 | M42: =ROUND((L42/$E$1),0) -> 18
D43: Children | G43: 18 | H43: 20 | I43: 18 | J43: 18 | L43: =SUM(G43:K43) -> 74 | M43: =ROUND((L43/$E$1),0) -> 19
C44: Salvations | H44: 2 | L44: =SUM(G44:K44) -> 2 | M44: =ROUND((L44/$E$1),0) -> 1
C45: Baptisms | J45: 5 | L45: =SUM(G45:K45) -> 5 | M45: =ROUND((L45/$E$1),0) -> 1
C46: Home Visits | G46: 3 | H46: 3 | J46: 5 | L46: =SUM(G46:K46) -> 11 | M46: =ROUND((L46/$E$1),0) -> 3
C47: Meals / Food Packs | H47: 1 | I47: 2 | J47: 2 | L47: =SUM(G47:K47) -> 5 | M47: =ROUND((L47/$E$1),0) -> 1
C48: Preschool Attendance | L48: =SUM(G48:K48) -> 0 | M48: =ROUND((L48/$E$1),0) -> 0
A51: =+A35+1 -> 3 | C51: Lavumisa | G51: =+$G$3 -> 2021 | H51: =+G51 -> 2021 | I51: =+H51 -> 2021 | J51: =+I51 -> 2021 | K51: =+J51 -> 2021 | L51: =+K51 -> 2021 | M51: =+L51 -> 2021
C52: =+$C36 -> December 2021 | G52: =+$G$4 -> Dec | H52: =+G52 -> Dec | I52: =+H52 -> Dec | J52: =+I52 -> Dec | K52: =+J52 -> Dec | L52: =+K52 -> Dec | M52: =+L52 -> Dec
G53: =+$G$5 -> 5 | H53: =+$H$5 -> 12 | I53: =+$I$5 -> 19 | J53: =+$J$5 -> 26 | K53: =+$K$5 -> 0 | L53: Total | M53: Average
C55: Church Attendance: | G55: =SUM(G56:G59) -> 104 | H55: =SUM(H56:H59) -> 0 | I55: =SUM(I56:I59) -> 94 | J55: =SUM(J56:J59) -> 182 | K55: =SUM(K56:K59) -> 0 | L55: =SUM(L56:L59) -> 380 | M55: =ROUND((L55/$E$1),0) -> 95
D56: Men | G56: 2 | I56: 4 | J56: 9 | L56: =SUM(G56:K56) -> 15 | M56: =ROUND((L56/$E$1),0) -> 4
D57: Women | G57: 23 | I57: 21 | J57: 38 | L57: =SUM(G57:K57) -> 82 | M57: =ROUND((L57/$E$1),0) -> 21
D58: Youth | G58: 31 | I58: 23 | J58: 47 | L58: =SUM(G58:K58) -> 101 | M58: =ROUND((L58/$E$1),0) -> 25
D59: Children | G59: 48 | I59: 46 | J59: 88 | L59: =SUM(G59:K59) -> 182 | M59: =ROUND((L59/$E$1),0) -> 46
C60: Salvations | L60: =SUM(G60:K60) -> 0 | M60: =ROUND((L60/$E$1),0) -> 0
C61: Baptisms | L61: =SUM(G61:K61) -> 0 | M61: =ROUND((L61/$E$1),0) -> 0
C62: Home Visits | L62: =SUM(G62:K62) -> 0 | M62: =ROUND((L62/$E$1),0) -> 0
C63: Meals / Food Packs | L63: =SUM(G63:K63) -> 0 | M63: =ROUND((L63/$E$1),0) -> 0
C64: Preschool Attendance | L64: =SUM(G64:K64) -> 0 | M64: =ROUND((L64/$E$1),0) -> 0
A67: =+A51+1 -> 4 | C67: Engcamini | G67: =+$G$3 -> 2021 | H67: =+G67 -> 2021 | I67: =+H67 -> 2021 | J67: =+I67 -> 2021 | K67: =+J67 -> 2021 | L67: =+K67 -> 2021 | M67: =+L67 -> 2021
C68: =+$C52 -> December 2021 | G68: =+$G$4 -> Dec | H68: =+G68 -> Dec | I68: =+H68 -> Dec | J68: =+I68 -> Dec | K68: =+J68 -> Dec | L68: =+K68 -> Dec | M68: =+L68 -> Dec
G69: =+$G$5 -> 5 | H69: =+$H$5 -> 12 | I69: =+$I$5 -> 19 | J69: =+$J$5 -> 26 | K69: =+$K$5 -> 0 | L69: Total | M69: Average
C71: Church Attendance: | G71: =SUM(G72:G75) -> 65 | H71: =SUM(H72:H75) -> 92 | I71: =SUM(I72:I75) -> 48 | J71: =SUM(J72:J75) -> 31 | K71: =SUM(K72:K75) -> 0 | L71: =SUM(L72:L75) -> 236 | M71: =ROUND((L71/$E$1),0) -> 59
D72: Men | G72: 1 | H72: 6 | I72: 7 | J72: 3 | L72: =SUM(G72:K72) -> 17 | M72: =ROUND((L72/$E$1),0) -> 4
D73: Women | G73: 8 | H73: 8 | I73: 13 | J73: 8 | L73: =SUM(G73:K73) -> 37 | M73: =ROUND((L73/$E$1),0) -> 9
D74: Youth | G74: 6 | H74: 17 | I74: 28 | J74: 11 | L74: =SUM(G74:K74) -> 62 | M74: =ROUND((L74/$E$1),0) -> 16
D75: Children | G75: 50 | H75: 61 | J75: 9 | L75: =SUM(G75:K75) -> 120 | M75: =ROUND((L75/$E$1),0) -> 30
C76: Salvations | I76: 4 | L76: =SUM(G76:K76) -> 4 | M76: =ROUND((L76/$E$1),0) -> 1
C77: Baptisms | L77: =SUM(G77:K77) -> 0 | M77: =ROUND((L77/$E$1),0) -> 0
C78: Home Visits | L78: =SUM(G78:K78) -> 0 | M78: =ROUND((L78/$E$1),0) -> 0
C79: Meals / Food Packs | I79: 180 | J79: 72 | L79: =SUM(G79:K79) -> 252 | M79: =ROUND((L79/$E$1),0) -> 63
C80: Preschool Attendance | L80: =SUM(G80:K80) -> 0 | M80: =ROUND((L80/$E$1),0) -> 0
A83: =+A67+1 -> 5 | C83: Pine Valley | G83: 2021 | H83: =+G83 -> 2021 | I83: =+H83 -> 2021 | J83: =+I83 -> 2021 | K83: =+J83 -> 2021 | L83: =+K83 -> 2021 | M83: =+L83 -> 2021
C84: =+$C68 -> December 2021 | G84: Dec | H84: =+G84 -> Dec | I84: =+H84 -> Dec | J84: =+I84 -> Dec | K84: =+J84 -> Dec | L84: =+K84 -> Dec | M84: =+L84 -> Dec
G85: 5 | H85: 12 | I85: 19 | J85: 26 | L85: Total | M85: Average
C87: Church Attendance: | G87: =SUM(G88:G91) -> 108 | H87: =SUM(H88:H91) -> 131 | I87: =SUM(I88:I91) -> 131 | J87: =SUM(J88:J91) -> 71 | K87: =SUM(K88:K91) -> 0 | L87: =SUM(L88:L91) -> 441 | M87: =ROUND((L87/$E$1),0) -> 110
D88: Men | G88: 8 | H88: 10 | I88: 10 | J88: 5 | L88: =SUM(G88:K88) -> 33 | M88: =ROUND((L88/$E$1),0) -> 8
D89: Women | G89: 16 | H89: 16 | I89: 16 | J89: 10 | L89: =SUM(G89:K89) -> 58 | M89: =ROUND((L89/$E$1),0) -> 15
D90: Youth | G90: 53 | H90: 55 | I90: 55 | J90: 20 | L90: =SUM(G90:K90) -> 183 | M90: =ROUND((L90/$E$1),0) -> 46
D91: Children | G91: 31 | H91: 50 | I91: 50 | J91: 36 | L91: =SUM(G91:K91) -> 167 | M91: =ROUND((L91/$E$1),0) -> 42
C92: Salvations | L92: =SUM(G92:K92) -> 0 | M92: =ROUND((L92/$E$1),0) -> 0
C93: Baptisms | L93: =SUM(G93:K93) -> 0 | M93: =ROUND((L93/$E$1),0) -> 0
C94: Home Visits | L94: =SUM(G94:K94) -> 0 | M94: =ROUND((L94/$E$1),0) -> 0
C95: Meals / Food Packs | L95: =SUM(G95:K95) -> 0 | M95: =ROUND((L95/$E$1),0) -> 0
C96: Preschool Attendance | L96: =SUM(G96:K96) -> 0 | M96: =ROUND((L96/$E$1),0) -> 0
A99: =+A83+1 -> 6 | C99: Ngwempisi | G99: =+$G$3 -> 2021 | H99: =+G99 -> 2021 | I99: =+H99 -> 2021 | J99: =+I99 -> 2021 | K99: =+J99 -> 2021 | L99: =+K99 -> 2021 | M99: =+L99 -> 2021
C100: =+$C84 -> December 2021 | G100: =+$G$4 -> Dec | H100: =+G100 -> Dec | I100: =+H100 -> Dec | J100: =+I100 -> Dec | K100: =+J100 -> Dec | L100: =+K100 -> Dec | M100: =+L100 -> Dec
G101: =+$G$5 -> 5 | H101: =+$H$5 -> 12 | I101: =+$I$5 -> 19 | J101: =+$J$5 -> 26 | K101: =+$K$5 -> 0 | L101: Total | M101: Average
C103: Church Attendance: | G103: =SUM(G104:G107) -> 31 | H103: =SUM(H104:H107) -> 20 | I103: =SUM(I104:I107) -> 15 | J103: =SUM(J104:J107) -> 22 | K103: =SUM(K104:K107) -> 0 | L103: =SUM(L104:L107) -> 88 | M103: =ROUND((L103/$E$1),0) -> 22
D104: Men | G104: 1 | H104: 1 | I104: 1 | J104: 1 | L104: =SUM(G104:K104) -> 4 | M104: =ROUND((L104/$E$1),0) -> 1
D105: Women | G105: 10 | H105: 9 | I105: 8 | J105: 8 | L105: =SUM(G105:K105) -> 35 | M105: =ROUND((L105/$E$1),0) -> 9
D106: Youth | G106: 9 | H106: 4 | I106: 6 | J106: 2 | L106: =SUM(G106:K106) -> 21 | M106: =ROUND((L106/$E$1),0) -> 5
D107: Children | G107: 11 | H107: 6 | J107: 11 | L107: =SUM(G107:K107) -> 28 | M107: =ROUND((L107/$E$1),0) -> 7
C108: Salvations | L108: =SUM(G108:K108) -> 0 | M108: =ROUND((L108/$E$1),0) -> 0
C109: Baptisms | L109: =SUM(G109:K109) -> 0 | M109: =ROUND((L109/$E$1),0) -> 0
C110: Home Visits | L110: =SUM(G110:K110) -> 0 | M110: =ROUND((L110/$E$1),0) -> 0
C111: Meals / Food Packs | L111: =SUM(G111:K111) -> 0 | M111: =ROUND((L111/$E$1),0) -> 0
C112: Preschool Attendance | L112: =SUM(G112:K112) -> 0 | M112: =ROUND((L112/$E$1),0) -> 0
A115: =+A99+1 -> 7 | C115: Gebeni | G115: =+$G$3 -> 2021 | H115: =+G115 -> 2021 | I115: =+H115 -> 2021 | J115: =+I115 -> 2021 | K115: =+J115 -> 2021 | L115: =+K115 -> 2021 | M115: =+L115 -> 2021
C116: =+$C100 -> December 2021 | G116: =+$G$4 -> Dec | H116: =+G116 -> Dec | I116: =+H116 -> Dec | J116: =+I116 -> Dec | K116: =+J116 -> Dec | L116: =+K116 -> Dec | M116: =+L116 -> Dec
G117: =+$G$5 -> 5 | H117: =+$H$5 -> 12 | I117: =+$I$5 -> 19 | J117: =+$J$5 -> 26 | K117: =+$K$5 -> 0 | L117: Total | M117: Average
C119: Church Attendance: | G119: =SUM(G120:G123) -> 31 | H119: =SUM(H120:H123) -> 35 | I119: =SUM(I120:I123) -> 54 | J119: =SUM(J120:J123) -> 34 | K119: =SUM(K120:K123) -> 0 | L119: =SUM(L120:L123) -> 154 | M119: =ROUND((L119/$E$1),0) -> 39
D120: Men | G120: 5 | H120: 7 | I120: 5 | J120: 2 | L120: =SUM(G120:K120) -> 19 | M120: =ROUND((L120/$E$1),0) -> 5
D121: Women | G121: 10 | H121: 10 | I121: 14 | J121: 8 | L121: =SUM(G121:K121) -> 42 | M121: =ROUND((L121/$E$1),0) -> 11
D122: Youth | G122: 8 | H122: 5 | I122: 11 | J122: 9 | L122: =SUM(G122:K122) -> 33 | M122: =ROUND((L122/$E$1),0) -> 8
D123: Children | G123: 8 | H123: 13 | I123: 24 | J123: 15 | L123: =SUM(G123:K123) -> 60 | M123: =ROUND((L123/$E$1),0) -> 15
...

Sheet Jan22
D1: Number of Sundays | E1: 5
C3: Total ICBC | G3: 2022 | H3: =+G3 -> 2022 | I3: =+H3 -> 2022 | J3: =+I3 -> 2022 | K3: =+J3 -> 2022 | L3: =+K3 -> 2022 | M3: =+L3 -> 2022
C4: January 2022 | G4: Jan | H4: =+G4 -> Jan | I4: =+H4 -> Jan | J4: =+I4 -> Jan | K4: =+J4 -> Jan | L4: =+K4 -> Jan | M4: =+L4 -> Jan
G5: 2 | H5: 9 | I5: 16 | J5: 23 | K5: 30 | L5: Total | M5: Average
C7: Church Attendance: | G7: =SUM(G8:G11) -> 1363 | H7: =SUM(H8:H11) -> 1579 | I7: =SUM(I8:I11) -> 1560 | J7: =SUM(J8:J11) -> 1404 | K7: =SUM(K8:K11) -> 1353 | L7: =SUM(L8:L11) -> 7259 | M7: =ROUND((L7/$E$1),0) -> 1452
D8: Men | G8: =+G24+G40+G56+G72+G88+G104+G120+G136+G152+G168+G184+G200+G216+G232+G248+G264+G280+G296+G312+G328+G344+G360+G376+G392+G408+G424+G440+G456+G472+G488 -> 117 | H8: =+H24+H40+H56+H72+H88+H104+H120+H136+H152+H168+H184+H200+H216+H232+H248+H264+H280+H296+H312+H328+H344+H360+H376+H392+H408+H424+H440+H456+H472+H488 -> 128 | I8: =+I24+I40+I56+I72+I88+I104+I120+I136+I152+I168+I184+I200+I216+I232+I248+I264+I280+I296+I312+I328+I344+I360+I376+I392+I408+I424+I440+I456+I472+I488 -> 106 | J8: =+J24+J40+J56+J72+J88+J104+J120+J136+J152+J168+J184+J200+J216+J232+J248+J264+J280+J296+J312+J328+J344+J360+J376+J392+J408+J424+J440+J456+J472+J488 -> 104 | K8: =+K24+K40+K56+K72+K88+K104+K120+K136+K152+K168+K184+K200+K216+K232+K248+K264+K280+K296+K312+K328+K344+K360+K376+K392+K408+K424+K440+K456+K472+K488 -> 112 | L8: =SUM(G8:K8) -> 567 | M8: =ROUND((L8/$E$1),0) -> 113
D9: Women | G9: =+G25+G41+G57+G73+G89+G105+G121+G137+G153+G169+G185+G201+G217+G233+G249+G265+G281+G297+G313+G329+G345+G361+G377+G393+G409+G425+G441+G457+G473+G489 -> 277 | H9: =+H25+H41+H57+H73+H89+H105+H121+H137+H153+H169+H185+H201+H217+H233+H249+H265+H281+H297+H313+H329+H345+H361+H377+H393+H409+H425+H441+H457+H473+H489 -> 295 | I9: =+I25+I41+I57+I73+I89+I105+I121+I137+I153+I169+I185+I201+I217+I233+I249+I265+I281+I297+I313+I329+I345+I361+I377+I393+I409+I425+I441+I457+I473+I489 -> 284 | J9: =+J25+J41+J57+J73+J89+J105+J121+J137+J153+J169+J185+J201+J217+J233+J249+J265+J281+J297+J313+J329+J345+J361+J377+J393+J409+J425+J441+J457+J473+J489 -> 276 | K9: =+K25+K41+K57+K73+K89+K105+K121+K137+K153+K169+K185+K201+K217+K233+K249+K265+K281+K297+K313+K329+K345+K361+K377+K393+K409+K425+K441+K457+K473+K489 -> 276 | L9: =SUM(G9:K9) -> 1408 | M9: =ROUND((L9/$E$1),0) -> 282
D10: Youth | G10: =+G26+G42+G58+G74+G90+G106+G122+G138+G154+G170+G186+G202+G218+G234+G250+G266+G282+G298+G314+G330+G346+G362+G378+G394+G410+G426+G442+G458+G474+G490 -> 387 | H10: =+H26+H42+H58+H74+H90+H106+H122+H138+H154+H170+H186+H202+H218+H234+H250+H266+H282+H298+H314+H330+H346+H362+H378+H394+H410+H426+H442+H458+H474+H490 -> 439 | I10: =+I26+I42+I58+I74+I90+I106+I122+I138+I154+I170+I186+I202+I218+I234+I250+I266+I282+I298+I314+I330+I346+I362+I378+I394+I410+I426+I442+I458+I474+I490 -> 427 | J10: =+J26+J42+J58+J74+J90+J106+J122+J138+J154+J170+J186+J202+J218+J234+J250+J266+J282+J298+J314+J330+J346+J362+J378+J394+J410+J426+J442+J458+J474+J490 -> 384 | K10: =+K26+K42+K58+K74+K90+K106+K122+K138+K154+K170+K186+K202+K218+K234+K250+K266+K282+K298+K314+K330+K346+K362+K378+K394+K410+K426+K442+K458+K474+K490 -> 345 | L10: =SUM(G10:K10) -> 1982 | M10: =ROUND((L10/$E$1),0) -> 396
D11: Children | G11: =+G27+G43+G59+G75+G91+G107+G123+G139+G155+G171+G187+G203+G219+G235+G251+G267+G283+G299+G315+G331+G347+G363+G379+G395+G411+G427+G443+G459+G475+G491 -> 582 | H11: =+H27+H43+H59+H75+H91+H107+H123+H139+H155+H171+H187+H203+H219+H235+H251+H267+H283+H299+H315+H331+H347+H363+H379+H395+H411+H427+H443+H459+H475+H491 -> 717 | I11: =+I27+I43+I59+I75+I91+I107+I123+I139+I155+I171+I187+I203+I219+I235+I251+I267+I283+I299+I315+I331+I347+I363+I379+I395+I411+I427+I443+I459+I475+I491 -> 743 | J11: =+J27+J43+J59+J75+J91+J107+J123+J139+J155+J171+J187+J203+J219+J235+J251+J267+J283+J299+J315+J331+J347+J363+J379+J395+J411+J427+J443+J459+J475+J491 -> 640 | K11: =+K27+K43+K59+K75+K91+K107+K123+K139+K155+K171+K187+K203+K219+K235+K251+K267+K283+K299+K315+K331+K347+K363+K379+K395+K411+K427+K443+K459+K475+K491 -> 620 | L11: =SUM(G11:K11) -> 3302 | M11: =ROUND((L11/$E$1),0) -> 660
C12: Salvations | G12: =+G28+G44+G60+G76+G92+G108+G124+G140+G156+G172+G188+G204+G220+G236+G252+G268+G284+G300+G316+G332+G348+G364+G380+G396+G412+G428+G444+G460+G476+G492 -> 15 | H12: =+H28+H44+H60+H76+H92+H108+H124+H140+H156+H172+H188+H204+H220+H236+H252+H268+H284+H300+H316+H332+H348+H364+H380+H396+H412+H428+H444+H460+H476+H492 -> 27 | I12: =+I28+I44+I60+I76+I92+I108+I124+I140+I156+I172+I188+I204+I220+I236+I252+I268+I284+I300+I316+I332+I348+I364+I380+I396+I412+I428+I444+I460+I476+I492 -> 34 | J12: =+J28+J44+J60+J76+J92+J108+J124+J140+J156+J172+J188+J204+J220+J236+J252+J268+J284+J300+J316+J332+J348+J364+J380+J396+J412+J428+J444+J460+J476+J492 -> 33 | K12: =+K28+K44+K60+K76+K92+K108+K124+K140+K156+K172+K188+K204+K220+K236+K252+K268+K284+K300+K316+K332+K348+K364+K380+K396+K412+K428+K444+K460+K476+K492 -> 20 | L12: =SUM(G12:K12) -> 129 | M12: =ROUND((L12/$E$1),0) -> 26
C13: Baptisms | G13: =+G29+G45+G61+G77+G93+G109+G125+G141+G157+G173+G189+G205+G221+G237+G253+G269+G285+G301+G317+G333+G349+G365+G381+G397+G413+G429+G445+G461+G477+G493 -> 0 | H13: =+H29+H45+H61+H77+H93+H109+H125+H141+H157+H173+H189+H205+H221+H237+H253+H269+H285+H301+H317+H333+H349+H365+H381+H397+H413+H429+H445+H461+H477+H493 -> 0 | I13: =+I29+I45+I61+I77+I93+I109+I125+I141+I157+I173+I189+I205+I221+I237+I253+I269+I285+I301+I317+I333+I349+I365+I381+I397+I413+I429+I445+I461+I477+I493 -> 0 | J13: =+J29+J45+J61+J77+J93+J109+J125+J141+J157+J173+J189+J205+J221+J237+J253+J269+J285+J301+J317+J333+J349+J365+J381+J397+J413+J429+J445+J461+J477+J493 -> 0 | K13: =+K29+K45+K61+K77+K93+K109+K125+K141+K157+K173+K189+K205+K221+K237+K253+K269+K285+K301+K317+K333+K349+K365+K381+K397+K413+K429+K445+K461+K477+K493 -> 0 | L13: =SUM(G13:K13) -> 0 | M13: =ROUND((L13/$E$1),0) -> 0
C14: Home Visits | G14: =+G30+G46+G62+G78+G94+G110+G126+G142+G158+G174+G190+G206+G222+G238+G254+G270+G286+G302+G318+G334+G350+G366+G382+G398+G414+G430+G446+G462+G478+G494 -> 36 | H14: =+H30+H46+H62+H78+H94+H110+H126+H142+H158+H174+H190+H206+H222+H238+H254+H270+H286+H302+H318+H334+H350+H366+H382+H398+H414+H430+H446+H462+H478+H494 -> 26 | I14: =+I30+I46+I62+I78+I94+I110+I126+I142+I158+I174+I190+I206+I222+I238+I254+I270+I286+I302+I318+I334+I350+I366+I382+I398+I414+I430+I446+I462+I478+I494 -> 74 | J14: =+J30+J46+J62+J78+J94+J110+J126+J142+J158+J174+J190+J206+J222+J238+J254+J270+J286+J302+J318+J334+J350+J366+J382+J398+J414+J430+J446+J462+J478+J494 -> 112 | K14: =+K30+K46+K62+K78+K94+K110+K126+K142+K158+K174+K190+K206+K222+K238+K254+K270+K286+K302+K318+K334+K350+K366+K382+K398+K414+K430+K446+K462+K478+K494 -> 30 | L14: =SUM(G14:K14) -> 278 | M14: =ROUND((L14/$E$1),0) -> 56
C15: Meals / Food Packs | G15: =+G31+G47+G63+G79+G95+G111+G127+G143+G159+G175+G191+G207+G223+G239+G255+G271+G287+G303+G319+G335+G351+G367+G383+G399+G415+G431+G447+G463+G479+G495 -> 284 | H15: =+H31+H47+H63+H79+H95+H111+H127+H143+H159+H175+H191+H207+H223+H239+H255+H271+H287+H303+H319+H335+H351+H367+H383+H399+H415+H431+H447+H463+H479+H495 -> 387 | I15: =+I31+I47+I63+I79+I95+I111+I127+I143+I159+I175+I191+I207+I223+I239+I255+I271+I287+I303+I319+I335+I351+I367+I383+I399+I415+I431+I447+I463+I479+I495 -> 415 | J15: =+J31+J47+J63+J79+J95+J111+J127+J143+J159+J175+J191+J207+J223+J239+J255+J271+J287+J303+J319+J335+J351+J367+J383+J399+J415+J431+J447+J463+J479+J495 -> 555 | K15: =+K31+K47+K63+K79+K95+K111+K127+K143+K159+K175+K191+K207+K223+K239+K255+K271+K287+K303+K319+K335+K351+K367+K383+K399+K415+K431+K447+K463+K479+K495 -> 427 | L15: =SUM(G15:K15) -> 2068 | M15: =ROUND((L15/$E$1),0) -> 414
C16: Preschool Attendance | G16: =+G32+G48+G64+G80+G96+G112+G128+G144+G160+G176+G192+G208+G224+G240+G256+G272+G288+G304+G320+G336+G352+G368+G384+G400+G416+G432+G448+G464+G480+G496 -> 43 | H16: =+H32+H48+H64+H80+H96+H112+H128+H144+H160+H176+H192+H208+H224+H240+H256+H272+H288+H304+H320+H336+H352+H368+H384+H400+H416+H432+H448+H464+H480+H496 -> 41 | I16: =+I32+I48+I64+I80+I96+I112+I128+I144+I160+I176+I192+I208+I224+I240+I256+I272+I288+I304+I320+I336+I352+I368+I384+I400+I416+I432+I448+I464+I480+I496 -> 0 | J16: =+J32+J48+J64+J80+J96+J112+J128+J144+J160+J176+J192+J208+J224+J240+J256+J272+J288+J304+J320+J336+J352+J368+J384+J400+J416+J432+J448+J464+J480+J496 -> 0 | K16: =+K32+K48+K64+K80+K96+K112+K128+K144+K160+K176+K192+K208+K224+K240+K256+K272+K288+K304+K320+K336+K352+K368+K384+K400+K416+K432+K448+K464+K480+K496 -> 133 | L16: =SUM(G16:K16) -> 217 | M16: =ROUND((L16/$E$1),0) -> 43
A19: 1 | C19: Hawane CLC Church | G19: =+$G$3 -> 2022 | H19: =+G19 -> 2022 | I19: =+H19 -> 2022 | J19: =+I19 -> 2022 | K19: =+J19 -> 2022 | L19: =+K19 -> 2022 | M19: =+L19 -> 2022
C20: =+$C4 -> January 2022 | G20: =+$G$4 -> Jan | H20: =+G20 -> Jan | I20: =+H20 -> Jan | J20: =+I20 -> Jan | K20: =+J20 -> Jan | L20: =+K20 -> Jan | M20: =+L20 -> Jan
G21: =+$G$5 -> 2 | H21: =+$H$5 -> 9 | I21: =+$I$5 -> 16 | J21: =+$J$5 -> 23 | K21: =+$K$5 -> 30 | L21: Total | M21: Average
C23: Church Attendance: | G23: =SUM(G24:G27) -> 141 | H23: =SUM(H24:H27) -> 175 | I23: =SUM(I24:I27) -> 167 | J23: =SUM(J24:J27) -> 164 | K23: =SUM(K24:K27) -> 121 | L23: =SUM(L24:L27) -> 768 | M23: =ROUND((L23/$E$1),0) -> 154
D24: Men | G24: 12 | H24: 10 | I24: 13 | J24: 13 | K24: 13 | L24: =SUM(G24:K24) -> 61 | M24: =ROUND((L24/$E$1),0) -> 12
D25: Women | G25: 21 | H25: 31 | I25: 23 | J25: 33 | K25: 29 | L25: =SUM(G25:K25) -> 137 | M25: =ROUND((L25/$E$1),0) -> 27
D26: Youth | G26: 49 | H26: 57 | I26: 49 | J26: 50 | K26: 50 | L26: =SUM(G26:K26) -> 255 | M26: =ROUND((L26/$E$1),0) -> 51
D27: Children | G27: 59 | H27: 77 | I27: 82 | J27: 68 | K27: 29 | L27: =SUM(G27:K27) -> 315 | M27: =ROUND((L27/$E$1),0) -> 63
C28: Salvations | L28: =SUM(G28:K28) -> 0 | M28: =ROUND((L28/$E$1),0) -> 0
C29: Baptisms | L29: =SUM(G29:K29) -> 0 | M29: =ROUND((L29/$E$1),0) -> 0
C30: Home Visits | L30: =SUM(G30:K30) -> 0 | M30: =ROUND((L30/$E$1),0) -> 0
C31: Meals / Food Packs | L31: =SUM(G31:K31) -> 0 | M31: =ROUND((L31/$E$1),0) -> 0
C32: Preschool Attendance | L32: =SUM(G32:K32) -> 0 | M32: =ROUND((L32/$E$1),0) -> 0
A35: =+A19+1 -> 2 | C35: Ngwenya | G35: 2021 | H35: =+G35 -> 2021 | I35: =+H35 -> 2021 | J35: =+I35 -> 2021 | K35: =+J35 -> 2021 | L35: =+K35 -> 2021 | M35: =+L35 -> 2021
C36: =+$C20 -> January 2022 | G36: Nov | H36: =+G36 -> Nov | I36: =+H36 -> Nov | J36: =+I36 -> Nov | K36: =+J36 -> Nov | L36: =+K36 -> Nov | M36: =+L36 -> Nov
G37: 7 | H37: 14 | I37: 21 | J37: 28 | L37: Total | M37: Average
C39: Church Attendance: | G39: =SUM(G40:G43) -> 40 | H39: =SUM(H40:H43) -> 47 | I39: =SUM(I40:I43) -> 44 | J39: =SUM(J40:J43) -> 43 | K39: =SUM(K40:K43) -> 52 | L39: =SUM(L40:L43) -> 226 | M39: =ROUND((L39/$E$1),0) -> 45
D40: Men | G40: 4 | H40: 5 | I40: 1 | J40: 4 | K40: 5 | L40: =SUM(G40:K40) -> 19 | M40: =ROUND((L40/$E$1),0) -> 4
D41: Women | G41: 6 | H41: 10 | I41: 6 | J41: 8 | K41: 12 | L41: =SUM(G41:K41) -> 42 | M41: =ROUND((L41/$E$1),0) -> 8
D42: Youth | G42: 11 | H42: 13 | I42: 12 | J42: 11 | K42: 15 | L42: =SUM(G42:K42) -> 62 | M42: =ROUND((L42/$E$1),0) -> 12
D43: Children | G43: 19 | H43: 19 | I43: 25 | J43: 20 | K43: 20 | L43: =SUM(G43:K43) -> 103 | M43: =ROUND((L43/$E$1),0) -> 21
C44: Salvations | K44: 3 | L44: =SUM(G44:K44) -> 3 | M44: =ROUND((L44/$E$1),0) -> 1
C45: Baptisms | L45: =SUM(G45:K45) -> 0 | M45: =ROUND((L45/$E$1),0) -> 0
C46: Home Visits | G46: 3 | H46: 2 | I46: 2 | J46: 3 | K46: 3 | L46: =SUM(G46:K46) -> 13 | M46: =ROUND((L46/$E$1),0) -> 3
C47: Meals / Food Packs | G47: 1 | H47: 3 | I47: 3 | J47: 2 | K47: 2 | L47: =SUM(G47:K47) -> 11 | M47: =ROUND((L47/$E$1),0) -> 2
C48: Preschool Attendance | L48: =SUM(G48:K48) -> 0 | M48: =ROUND((L48/$E$1),0) -> 0
A51: =+A35+1 -> 3 | C51: Lavumisa | G51: =+$G$3 -> 2022 | H51: =+G51 -> 2022 | I51: =+H51 -> 2022 | J51: =+I51 -> 2022 | K51: =+J51 -> 2022 | L51: =+K51 -> 2022 | M51: =+L51 -> 2022
C52: =+$C36 -> January 2022 | G52: =+$G$4 -> Jan | H52: =+G52 -> Jan | I52: =+H52 -> Jan | J52: =+I52 -> Jan | K52: =+J52 -> Jan | L52: =+K52 -> Jan | M52: =+L52 -> Jan
G53: =+$G$5 -> 2 | H53: =+$H$5 -> 9 | I53: =+$I$5 -> 16 | J53: =+$J$5 -> 23 | K53: =+$K$5 -> 30 | L53: Total | M53: Average
C55: Church Attendance: | G55: =SUM(G56:G59) -> 92 | H55: =SUM(H56:H59) -> 149 | I55: =SUM(I56:I59) -> 71 | J55: =SUM(J56:J59) -> 88 | K55: =SUM(K56:K59) -> 84 | L55: =SUM(L56:L59) -> 484 | M55: =ROUND((L55/$E$1),0) -> 97
D56: Men | G56: 7 | H56: 7 | I56: 4 | J56: 3 | K56: 3 | L56: =SUM(G56:K56) -> 24 | M56: =ROUND((L56/$E$1),0) -> 5
D57: Women | G57: 16 | H57: 23 | I57: 13 | J57: 23 | K57: 14 | L57: =SUM(G57:K57) -> 89 | M57: =ROUND((L57/$E$1),0) -> 18
D58: Youth | G58: 23 | H58: 43 | I58: 16 | J58: 18 | K58: 18 | L58: =SUM(G58:K58) -> 118 | M58: =ROUND((L58/$E$1),0) -> 24
D59: Children | G59: 46 | H59: 76 | I59: 38 | J59: 44 | K59: 49 | L59: =SUM(G59:K59) -> 253 | M59: =ROUND((L59/$E$1),0) -> 51
C60: Salvations | L60: =SUM(G60:K60) -> 0 | M60: =ROUND((L60/$E$1),0) -> 0
C61: Baptisms | L61: =SUM(G61:K61) -> 0 | M61: =ROUND((L61/$E$1),0) -> 0
C62: Home Visits | L62: =SUM(G62:K62) -> 0 | M62: =ROUND((L62/$E$1),0) -> 0
C63: Meals / Food Packs | L63: =SUM(G63:K63) -> 0 | M63: =ROUND((L63/$E$1),0) -> 0
C64: Preschool Attendance | L64: =SUM(G64:K64) -> 0 | M64: =ROUND((L64/$E$1),0) -> 0
A67: =+A51+1 -> 4 | C67: Engcamini | G67: =+$G$3 -> 2022 | H67: =+G67 -> 2022 | I67: =+H67 -> 2022 | J67: =+I67 -> 2022 | K67: =+J67 -> 2022 | L67: =+K67 -> 2022 | M67: =+L67 -> 2022
C68: =+$C52 -> January 2022 | G68: =+$G$4 -> Jan | H68: =+G68 -> Jan | I68: =+H68 -> Jan | J68: =+I68 -> Jan | K68: =+J68 -> Jan | L68: =+K68 -> Jan | M68: =+L68 -> Jan
G69: =+$G$5 -> 2 | H69: =+$H$5 -> 9 | I69: =+$I$5 -> 16 | J69: =+$J$5 -> 23 | K69: =+$K$5 -> 30 | L69: Total | M69: Average
C71: Church Attendance: | G71: =SUM(G72:G75) -> 22 | H71: =SUM(H72:H75) -> 51 | I71: =SUM(I72:I75) -> 48 | J71: =SUM(J72:J75) -> 24 | K71: =SUM(K72:K75) -> 46 | L71: =SUM(L72:L75) -> 191 | M71: =ROUND((L71/$E$1),0) -> 38
D72: Men | G72: 6 | H72: 4 | I72: 4 | J72: 4 | K72: 6 | L72: =SUM(G72:K72) -> 24 | M72: =ROUND((L72/$E$1),0) -> 5
D73: Women | G73: 4 | H73: 9 | I73: 9 | J73: 6 | K73: 9 | L73: =SUM(G73:K73) -> 37 | M73: =ROUND((L73/$E$1),0) -> 7
D74: Youth | G74: 5 | H74: 4 | I74: 7 | J74: 5 | K74: 8 | L74: =SUM(G74:K74) -> 29 | M74: =ROUND((L74/$E$1),0) -> 6
D75: Children | G75: 7 | H75: 34 | I75: 28 | J75: 9 | K75: 23 | L75: =SUM(G75:K75) -> 101 | M75: =ROUND((L75/$E$1),0) -> 20
C76: Salvations | L76: =SUM(G76:K76) -> 0 | M76: =ROUND((L76/$E$1),0) -> 0
C77: Baptisms | L77: =SUM(G77:K77) -> 0 | M77: =ROUND((L77/$E$1),0) -> 0
C78: Home Visits | L78: =SUM(G78:K78) -> 0 | M78: =ROUND((L78/$E$1),0) -> 0
C79: Meals / Food Packs | G79: 87 | H79: 144 | I79: 180 | J79: 144 | K79: 144 | L79: =SUM(G79:K79) -> 699 | M79: =ROUND((L79/$E$1),0) -> 140
C80: Preschool Attendance | L80: =SUM(G80:K80) -> 0 | M80: =ROUND((L80/$E$1),0) -> 0
A83: =+A67+1 -> 5 | C83: Pine Valley | G83: 2021 | H83: =+G83 -> 2021 | I83: =+H83 -> 2021 | J83: =+I83 -> 2021 | K83: =+J83 -> 2021 | L83: =+K83 -> 2021 | M83: =+L83 -> 2021
C84: =+$C68 -> January 2022 | G84: Nov | H84: =+G84 -> Nov | I84: =+H84 -> Nov | J84: =+I84 -> Nov | K84: =+J84 -> Nov | L84: =+K84 -> Nov | M84: =+L84 -> Nov
G85: 7 | H85: 14 | I85: 21 | J85: 28 | L85: Total | M85: Average
C87: Church Attendance: | G87: =SUM(G88:G91) -> 65 | H87: =SUM(H88:H91) -> 128 | I87: =SUM(I88:I91) -> 112 | J87: =SUM(J88:J91) -> 102 | K87: =SUM(K88:K91) -> 115 | L87: =SUM(L88:L91) -> 522 | M87: =ROUND((L87/$E$1),0) -> 104
D88: Men | G88: 4 | H88: 9 | I88: 7 | J88: 7 | K88: 8 | L88: =SUM(G88:K88) -> 35 | M88: =ROUND((L88/$E$1),0) -> 7
D89: Women | G89: 9 | H89: 25 | I89: 12 | J89: 12 | K89: 12 | L89: =SUM(G89:K89) -> 70 | M89: =ROUND((L89/$E$1),0) -> 14
D90: Youth | G90: 36 | H90: 52 | I90: 55 | J90: 44 | K90: 39 | L90: =SUM(G90:K90) -> 226 | M90: =ROUND((L90/$E$1),0) -> 45
D91: Children | G91: 16 | H91: 42 | I91: 38 | J91: 39 | K91: 56 | L91: =SUM(G91:K91) -> 191 | M91: =ROUND((L91/$E$1),0) -> 38
C92: Salvations | L92: =SUM(G92:K92) -> 0 | M92: =ROUND((L92/$E$1),0) -> 0
C93: Baptisms | L93: =SUM(G93:K93) -> 0 | M93: =ROUND((L93/$E$1),0) -> 0
C94: Home Visits | L94: =SUM(G94:K94) -> 0 | M94: =ROUND((L94/$E$1),0) -> 0
C95: Meals / Food Packs | L95: =SUM(G95:K95) -> 0 | M95: =ROUND((L95/$E$1),0) -> 0
C96: Preschool Attendance | L96: =SUM(G96:K96) -> 0 | M96: =ROUND((L96/$E$1),0) -> 0
A99: =+A83+1 -> 6 | C99: Ngwempisi | G99: =+$G$3 -> 2022 | H99: =+G99 -> 2022 | I99: =+H99 -> 2022 | J99: =+I99 -> 2022 | K99: =+J99 -> 2022 | L99: =+K99 -> 2022 | M99: =+L99 -> 2022
C100: =+$C84 -> January 2022 | G100: =+$G$4 -> Jan | H100: =+G100 -> Jan | I100: =+H100 -> Jan | J100: =+I100 -> Jan | K100: =+J100 -> Jan | L100: =+K100 -> Jan | M100: =+L100 -> Jan
G101: =+$G$5 -> 2 | H101: =+$H$5 -> 9 | I101: =+$I$5 -> 16 | J101: =+$J$5 -> 23 | K101: =+$K$5 -> 30 | L101: Total | M101: Average
C103: Church Attendance: | G103: =SUM(G104:G107) -> 28 | H103: =SUM(H104:H107) -> 43 | I103: =SUM(I104:I107) -> 41 | J103: =SUM(J104:J107) -> 37 | K103: =SUM(K104:K107) -> 37 | L103: =SUM(L104:L107) -> 186 | M103: =ROUND((L103/$E$1),0) -> 37
D104: Men | G104: 1 | H104: 2 | I104: 2 | J104: 1 | K104: 2 | L104: =SUM(G104:K104) -> 8 | M104: =ROUND((L104/$E$1),0) -> 2
D105: Women | G105: 10 | H105: 11 | I105: 13 | J105: 10 | K105: 8 | L105: =SUM(G105:K105) -> 52 | M105: =ROUND((L105/$E$1),0) -> 10
D106: Youth | G106: 6 | H106: 13 | I106: 12 | J106: 11 | K106: 12 | L106: =SUM(G106:K106) -> 54 | M106: =ROUND((L106/$E$1),0) -> 11
D107: Children | G107: 11 | H107: 17 | I107: 14 | J107: 15 | K107: 15 | L107: =SUM(G107:K107) -> 72 | M107: =ROUND((L107/$E$1),0) -> 14
C108: Salvations | L108: =SUM(G108:K108) -> 0 | M108: =ROUND((L108/$E$1),0) -> 0
C109: Baptisms | L109: =SUM(G109:K109) -> 0 | M109: =ROUND((L109/$E$1),0) -> 0
C110: Home Visits | L110: =SUM(G110:K110) -> 0 | M110: =ROUND((L110/$E$1),0) -> 0
C111: Meals / Food Packs | L111: =SUM(G111:K111) -> 0 | M111: =ROUND((L111/$E$1),0) -> 0
C112: Preschool Attendance | L112: =SUM(G112:K112) -> 0 | M112: =ROUND((L112/$E$1),0) -> 0
A115: =+A99+1 -> 7 | C115: Gebeni | G115: =+$G$3 -> 2022 | H115: =+G115 -> 2022 | I115: =+H115 -> 2022 | J115: =+I115 -> 2022 | K115: =+J115 -> 2022 | L115: =+K115 -> 2022 | M115: =+L115 -> 2022
C116: =+$C100 -> January 2022 | G116: =+$G$4 -> Jan | H116: =+G116 -> Jan | I116: =+H116 -> Jan | J116: =+I116 -> Jan | K116: =+J116 -> Jan | L116: =+K116 -> Jan | M116: =+L116 -> Jan
G117: =+$G$5 -> 2 | H117: =+$H$5 -> 9 | I117: =+$I$5 -> 16 | J117: =+$J$5 -> 23 | K117: =+$K$5 -> 30 | L117: Total | M117: Average
C119: Church Attendance: | G119: =SUM(G120:G123) -> 29 | H119: =SUM(H120:H123) -> 37 | I119: =SUM(I120:I123) -> 43 | J119: =SUM(J120:J123) -> 38 | K119: =SUM(K120:K123) -> 27 | L119: =SUM(L120:L123) -> 174 | M119: =ROUND((L119/$E$1),0) -> 35
D120: Men | G120: 3 | H120: 4 | I120: 4 | J120: 3 | K120: 2 | L120: =SUM(G120:K120) -> 16 | M120: =ROUND((L120/$E$1),0) -> 3
D121: Women | G121: 10 | H121: 12 | I121: 12 | J121: 8 | K121: 8 | L121: =SUM(G121:K121) -> 50 | M121: =ROUND((L121/$E$1),0) -> 10
D122: Youth | G122: 11 | H122: 11 | I122: 14 | J122: 6 | K122: 10 | L122: =SUM(G122:K122) -> 52 | M122: =ROUND((L122/$E$1),0) -> 10
D123: Children | G123: 5 | H123: 10 | I123: 13 | J123: 21 | K123: 7 | L123: =SUM(G123:K123) -> 56 | M123: =ROUND((L123/$E$1),0) -> 11
...

Sheet Feb22
D1: Number of Sundays | E1: 4
C3: Total ICBC | G3: 2022 | H3: =+G3 -> 2022 | I3: =+H3 -> 2022 | J3: =+I3 -> 2022 | K3: =+J3 -> 2022 | L3: =+K3 -> 2022 | M3: =+L3 -> 2022
C4: February 2022 | G4: Feb | H4: =+G4 -> Feb | I4: =+H4 -> Feb | J4: =+I4 -> Feb | K4: =+J4 -> Feb | L4: =+K4 -> Feb | M4: =+L4 -> Feb
G5: 6 | H5: 13 | I5: 20 | J5: 27 | L5: Total | M5: Average
C7: Church Attendance: | G7: =SUM(G8:G11) -> 1358 | H7: =SUM(H8:H11) -> 1639 | I7: =SUM(I8:I11) -> 1657 | J7: =SUM(J8:J11) -> 1619 | K7: =SUM(K8:K11) -> 0 | L7: =SUM(L8:L11) -> 6273 | M7: =ROUND((L7/$E$1),0) -> 1568
D8: Men | G8: =+G24+G40+G56+G72+G88+G104+G120+G136+G152+G168+G184+G200+G216+G232+G248+G264+G280+G296+G312+G328+G344+G360+G376+G392+G408+G424+G440+G456+G472+G488 -> 106 | H8: =+H24+H40+H56+H72+H88+H104+H120+H136+H152+H168+H184+H200+H216+H232+H248+H264+H280+H296+H312+H328+H344+H360+H376+H392+H408+H424+H440+H456+H472+H488 -> 111 | I8: =+I24+I40+I56+I72+I88+I104+I120+I136+I152+I168+I184+I200+I216+I232+I248+I264+I280+I296+I312+I328+I344+I360+I376+I392+I408+I424+I440+I456+I472+I488 -> 131 | J8: =+J24+J40+J56+J72+J88+J104+J120+J136+J152+J168+J184+J200+J216+J232+J248+J264+J280+J296+J312+J328+J344+J360+J376+J392+J408+J424+J440+J456+J472+J488 -> 116 | K8: =+K24+K40+K56+K72+K88+K104+K120+K136+K152+K168+K184+K200+K216+K232+K248+K264+K280+K296+K312+K328+K344+K360+K376+K392+K408+K424+K440+K456+K472+K488 -> 0 | L8: =SUM(G8:K8) -> 464 | M8: =ROUND((L8/$E$1),0) -> 116
D9: Women | G9: =+G25+G41+G57+G73+G89+G105+G121+G137+G153+G169+G185+G201+G217+G233+G249+G265+G281+G297+G313+G329+G345+G361+G377+G393+G409+G425+G441+G457+G473+G489 -> 283 | H9: =+H25+H41+H57+H73+H89+H105+H121+H137+H153+H169+H185+H201+H217+H233+H249+H265+H281+H297+H313+H329+H345+H361+H377+H393+H409+H425+H441+H457+H473+H489 -> 326 | I9: =+I25+I41+I57+I73+I89+I105+I121+I137+I153+I169+I185+I201+I217+I233+I249+I265+I281+I297+I313+I329+I345+I361+I377+I393+I409+I425+I441+I457+I473+I489 -> 292 | J9: =+J25+J41+J57+J73+J89+J105+J121+J137+J153+J169+J185+J201+J217+J233+J249+J265+J281+J297+J313+J329+J345+J361+J377+J393+J409+J425+J441+J457+J473+J489 -> 284 | K9: =+K25+K41+K57+K73+K89+K105+K121+K137+K153+K169+K185+K201+K217+K233+K249+K265+K281+K297+K313+K329+K345+K361+K377+K393+K409+K425+K441+K457+K473+K489 -> 0 | L9: =SUM(G9:K9) -> 1185 | M9: =ROUND((L9/$E$1),0) -> 296
D10: Youth | G10: =+G26+G42+G58+G74+G90+G106+G122+G138+G154+G170+G186+G202+G218+G234+G250+G266+G282+G298+G314+G330+G346+G362+G378+G394+G410+G426+G442+G458+G474+G490 -> 343 | H10: =+H26+H42+H58+H74+H90+H106+H122+H138+H154+H170+H186+H202+H218+H234+H250+H266+H282+H298+H314+H330+H346+H362+H378+H394+H410+H426+H442+H458+H474+H490 -> 462 | I10: =+I26+I42+I58+I74+I90+I106+I122+I138+I154+I170+I186+I202+I218+I234+I250+I266+I282+I298+I314+I330+I346+I362+I378+I394+I410+I426+I442+I458+I474+I490 -> 503 | J10: =+J26+J42+J58+J74+J90+J106+J122+J138+J154+J170+J186+J202+J218+J234+J250+J266+J282+J298+J314+J330+J346+J362+J378+J394+J410+J426+J442+J458+J474+J490 -> 430 | K10: =+K26+K42+K58+K74+K90+K106+K122+K138+K154+K170+K186+K202+K218+K234+K250+K266+K282+K298+K314+K330+K346+K362+K378+K394+K410+K426+K442+K458+K474+K490 -> 0 | L10: =SUM(G10:K10) -> 1738 | M10: =ROUND((L10/$E$1),0) -> 435
D11: Children | G11: =+G27+G43+G59+G75+G91+G107+G123+G139+G155+G171+G187+G203+G219+G235+G251+G267+G283+G299+G315+G331+G347+G363+G379+G395+G411+G427+G443+G459+G475+G491 -> 626 | H11: =+H27+H43+H59+H75+H91+H107+H123+H139+H155+H171+H187+H203+H219+H235+H251+H267+H283+H299+H315+H331+H347+H363+H379+H395+H411+H427+H443+H459+H475+H491 -> 740 | I11: =+I27+I43+I59+I75+I91+I107+I123+I139+I155+I171+I187+I203+I219+I235+I251+I267+I283+I299+I315+I331+I347+I363+I379+I395+I411+I427+I443+I459+I475+I491 -> 731 | J11: =+J27+J43+J59+J75+J91+J107+J123+J139+J155+J171+J187+J203+J219+J235+J251+J267+J283+J299+J315+J331+J347+J363+J379+J395+J411+J427+J443+J459+J475+J491 -> 789 | K11: =+K27+K43+K59+K75+K91+K107+K123+K139+K155+K171+K187+K203+K219+K235+K251+K267+K283+K299+K315+K331+K347+K363+K379+K395+K411+K427+K443+K459+K475+K491 -> 0 | L11: =SUM(G11:K11) -> 2886 | M11: =ROUND((L11/$E$1),0) -> 722
C12: Salvations | G12: =+G28+G44+G60+G76+G92+G108+G124+G140+G156+G172+G188+G204+G220+G236+G252+G268+G284+G300+G316+G332+G348+G364+G380+G396+G412+G428+G444+G460+G476+G492 -> 18 | H12: =+H28+H44+H60+H76+H92+H108+H124+H140+H156+H172+H188+H204+H220+H236+H252+H268+H284+H300+H316+H332+H348+H364+H380+H396+H412+H428+H444+H460+H476+H492 -> 55 | I12: =+I28+I44+I60+I76+I92+I108+I124+I140+I156+I172+I188+I204+I220+I236+I252+I268+I284+I300+I316+I332+I348+I364+I380+I396+I412+I428+I444+I460+I476+I492 -> 26 | J12: =+J28+J44+J60+J76+J92+J108+J124+J140+J156+J172+J188+J204+J220+J236+J252+J268+J284+J300+J316+J332+J348+J364+J380+J396+J412+J428+J444+J460+J476+J492 -> 16 | K12: =+K28+K44+K60+K76+K92+K108+K124+K140+K156+K172+K188+K204+K220+K236+K252+K268+K284+K300+K316+K332+K348+K364+K380+K396+K412+K428+K444+K460+K476+K492 -> 0 | L12: =SUM(G12:K12) -> 115 | M12: =ROUND((L12/$E$1),0) -> 29
C13: Baptisms | G13: =+G29+G45+G61+G77+G93+G109+G125+G141+G157+G173+G189+G205+G221+G237+G253+G269+G285+G301+G317+G333+G349+G365+G381+G397+G413+G429+G445+G461+G477+G493 -> 0 | H13: =+H29+H45+H61+H77+H93+H109+H125+H141+H157+H173+H189+H205+H221+H237+H253+H269+H285+H301+H317+H333+H349+H365+H381+H397+H413+H429+H445+H461+H477+H493 -> 0 | I13: =+I29+I45+I61+I77+I93+I109+I125+I141+I157+I173+I189+I205+I221+I237+I253+I269+I285+I301+I317+I333+I349+I365+I381+I397+I413+I429+I445+I461+I477+I493 -> 0 | J13: =+J29+J45+J61+J77+J93+J109+J125+J141+J157+J173+J189+J205+J221+J237+J253+J269+J285+J301+J317+J333+J349+J365+J381+J397+J413+J429+J445+J461+J477+J493 -> 2 | K13: =+K29+K45+K61+K77+K93+K109+K125+K141+K157+K173+K189+K205+K221+K237+K253+K269+K285+K301+K317+K333+K349+K365+K381+K397+K413+K429+K445+K461+K477+K493 -> 0 | L13: =SUM(G13:K13) -> 2 | M13: =ROUND((L13/$E$1),0) -> 1
C14: Home Visits | G14: =+G30+G46+G62+G78+G94+G110+G126+G142+G158+G174+G190+G206+G222+G238+G254+G270+G286+G302+G318+G334+G350+G366+G382+G398+G414+G430+G446+G462+G478+G494 -> 46 | H14: =+H30+H46+H62+H78+H94+H110+H126+H142+H158+H174+H190+H206+H222+H238+H254+H270+H286+H302+H318+H334+H350+H366+H382+H398+H414+H430+H446+H462+H478+H494 -> 40 | I14: =+I30+I46+I62+I78+I94+I110+I126+I142+I158+I174+I190+I206+I222+I238+I254+I270+I286+I302+I318+I334+I350+I366+I382+I398+I414+I430+I446+I462+I478+I494 -> 26 | J14: =+J30+J46+J62+J78+J94+J110+J126+J142+J158+J174+J190+J206+J222+J238+J254+J270+J286+J302+J318+J334+J350+J366+J382+J398+J414+J430+J446+J462+J478+J494 -> 34 | K14: =+K30+K46+K62+K78+K94+K110+K126+K142+K158+K174+K190+K206+K222+K238+K254+K270+K286+K302+K318+K334+K350+K366+K382+K398+K414+K430+K446+K462+K478+K494 -> 0 | L14: =SUM(G14:K14) -> 146 | M14: =ROUND((L14/$E$1),0) -> 37
C15: Meals / Food Packs | G15: =+G31+G47+G63+G79+G95+G111+G127+G143+G159+G175+G191+G207+G223+G239+G255+G271+G287+G303+G319+G335+G351+G367+G383+G399+G415+G431+G447+G463+G479+G495 -> 670 | H15: =+H31+H47+H63+H79+H95+H111+H127+H143+H159+H175+H191+H207+H223+H239+H255+H271+H287+H303+H319+H335+H351+H367+H383+H399+H415+H431+H447+H463+H479+H495 -> 392 | I15: =+I31+I47+I63+I79+I95+I111+I127+I143+I159+I175+I191+I207+I223+I239+I255+I271+I287+I303+I319+I335+I351+I367+I383+I399+I415+I431+I447+I463+I479+I495 -> 316 | J15: =+J31+J47+J63+J79+J95+J111+J127+J143+J159+J175+J191+J207+J223+J239+J255+J271+J287+J303+J319+J335+J351+J367+J383+J399+J415+J431+J447+J463+J479+J495 -> 440 | K15: =+K31+K47+K63+K79+K95+K111+K127+K143+K159+K175+K191+K207+K223+K239+K255+K271+K287+K303+K319+K335+K351+K367+K383+K399+K415+K431+K447+K463+K479+K495 -> 0 | L15: =SUM(G15:K15) -> 1818 | M15: =ROUND((L15/$E$1),0) -> 455
C16: Preschool Attendance | G16: =+G32+G48+G64+G80+G96+G112+G128+G144+G160+G176+G192+G208+G224+G240+G256+G272+G288+G304+G320+G336+G352+G368+G384+G400+G416+G432+G448+G464+G480+G496 -> 0 | H16: =+H32+H48+H64+H80+H96+H112+H128+H144+H160+H176+H192+H208+H224+H240+H256+H272+H288+H304+H320+H336+H352+H368+H384+H400+H416+H432+H448+H464+H480+H496 -> 313 | I16: =+I32+I48+I64+I80+I96+I112+I128+I144+I160+I176+I192+I208+I224+I240+I256+I272+I288+I304+I320+I336+I352+I368+I384+I400+I416+I432+I448+I464+I480+I496 -> 282 | J16: =+J32+J48+J64+J80+J96+J112+J128+J144+J160+J176+J192+J208+J224+J240+J256+J272+J288+J304+J320+J336+J352+J368+J384+J400+J416+J432+J448+J464+J480+J496 -> 199 | K16: =+K32+K48+K64+K80+K96+K112+K128+K144+K160+K176+K192+K208+K224+K240+K256+K272+K288+K304+K320+K336+K352+K368+K384+K400+K416+K432+K448+K464+K480+K496 -> 0 | L16: =SUM(G16:K16) -> 794 | M16: =ROUND((L16/$E$1),0) -> 199
A19: 1 | C19: Hawane CLC Church | G19: =+$G$3 -> 2022 | H19: =+G19 -> 2022 | I19: =+H19 -> 2022 | J19: =+I19 -> 2022 | K19: =+J19 -> 2022 | L19: =+K19 -> 2022 | M19: =+L19 -> 2022
C20: =+$C4 -> February 2022 | G20: =+$G$4 -> Feb | H20: =+G20 -> Feb | I20: =+H20 -> Feb | J20: =+I20 -> Feb | K20: =+J20 -> Feb | L20: =+K20 -> Feb | M20: =+L20 -> Feb
G21: =+$G$5 -> 6 | H21: =+$H$5 -> 13 | I21: =+$I$5 -> 20 | J21: =+$J$5 -> 27 | K21: =+$K$5 -> 0 | L21: Total | M21: Average
C23: Church Attendance: | G23: =SUM(G24:G27) -> 132 | H23: =SUM(H24:H27) -> 142 | I23: =SUM(I24:I27) -> 136 | J23: =SUM(J24:J27) -> 140 | K23: =SUM(K24:K27) -> 0 | L23: =SUM(L24:L27) -> 550 | M23: =ROUND((L23/$E$1),0) -> 138
D24: Men | G24: 12 | H24: 11 | I24: 12 | J24: 11 | L24: =SUM(G24:K24) -> 46 | M24: =ROUND((L24/$E$1),0) -> 12
D25: Women | G25: 26 | H25: 32 | I25: 32 | J25: 22 | L25: =SUM(G25:K25) -> 112 | M25: =ROUND((L25/$E$1),0) -> 28
D26: Youth | G26: 50 | H26: 60 | I26: 52 | J26: 33 | L26: =SUM(G26:K26) -> 195 | M26: =ROUND((L26/$E$1),0) -> 49
D27: Children | G27: 44 | H27: 39 | I27: 40 | J27: 74 | L27: =SUM(G27:K27) -> 197 | M27: =ROUND((L27/$E$1),0) -> 49
C28: Salvations | L28: =SUM(G28:K28) -> 0 | M28: =ROUND((L28/$E$1),0) -> 0
C29: Baptisms | L29: =SUM(G29:K29) -> 0 | M29: =ROUND((L29/$E$1),0) -> 0
C30: Home Visits | L30: =SUM(G30:K30) -> 0 | M30: =ROUND((L30/$E$1),0) -> 0
C31: Meals / Food Packs | L31: =SUM(G31:K31) -> 0 | M31: =ROUND((L31/$E$1),0) -> 0
C32: Preschool Attendance | L32: =SUM(G32:K32) -> 0 | M32: =ROUND((L32/$E$1),0) -> 0
A35: =+A19+1 -> 2 | C35: Ngwenya | G35: =+$G$3 -> 2022 | H35: =+G35 -> 2022 | I35: =+H35 -> 2022 | J35: =+I35 -> 2022 | K35: =+J35 -> 2022 | L35: =+K35 -> 2022 | M35: =+L35 -> 2022
C36: =+$C20 -> February 2022 | G36: =+$G$4 -> Feb | H36: =+G36 -> Feb | I36: =+H36 -> Feb | J36: =+I36 -> Feb | K36: =+J36 -> Feb | L36: =+K36 -> Feb | M36: =+L36 -> Feb
G37: =+$G$5 -> 6 | H37: =+$H$5 -> 13 | I37: =+$I$5 -> 20 | J37: =+$J$5 -> 27 | K37: =+$K$5 -> 0 | L37: Total | M37: Average
C39: Church Attendance: | G39: =SUM(G40:G43) -> 55 | H39: =SUM(H40:H43) -> 56 | I39: =SUM(I40:I43) -> 52 | J39: =SUM(J40:J43) -> 49 | K39: =SUM(K40:K43) -> 0 | L39: =SUM(L40:L43) -> 212 | M39: =ROUND((L39/$E$1),0) -> 53
D40: Men | G40: 6 | H40: 5 | I40: 5 | J40: 4 | L40: =SUM(G40:K40) -> 20 | M40: =ROUND((L40/$E$1),0) -> 5
D41: Women | G41: 14 | H41: 11 | I41: 13 | J41: 8 | L41: =SUM(G41:K41) -> 46 | M41: =ROUND((L41/$E$1),0) -> 12
D42: Youth | G42: 15 | H42: 13 | I42: 13 | J42: 13 | L42: =SUM(G42:K42) -> 54 | M42: =ROUND((L42/$E$1),0) -> 14
D43: Children | G43: 20 | H43: 27 | I43: 21 | J43: 24 | L43: =SUM(G43:K43) -> 92 | M43: =ROUND((L43/$E$1),0) -> 23
C44: Salvations | G44: 2 | H44: 3 | I44: 2 | L44: =SUM(G44:K44) -> 7 | M44: =ROUND((L44/$E$1),0) -> 2
C45: Baptisms | L45: =SUM(G45:K45) -> 0 | M45: =ROUND((L45/$E$1),0) -> 0
C46: Home Visits | G46: 2 | H46: 3 | I46: 5 | J46: 4 | L46: =SUM(G46:K46) -> 14 | M46: =ROUND((L46/$E$1),0) -> 4
C47: Meals / Food Packs | G47: 2 | H47: 4 | I47: 6 | J47: 3 | L47: =SUM(G47:K47) -> 15 | M47: =ROUND((L47/$E$1),0) -> 4
C48: Preschool Attendance | L48: =SUM(G48:K48) -> 0 | M48: =ROUND((L48/$E$1),0) -> 0
A51: =+A35+1 -> 3 | C51: Lavumisa | G51: =+$G$3 -> 2022 | H51: =+G51 -> 2022 | I51: =+H51 -> 2022 | J51: =+I51 -> 2022 | K51: =+J51 -> 2022 | L51: =+K51 -> 2022 | M51: =+L51 -> 2022
C52: =+$C36 -> February 2022 | G52: =+$G$4 -> Feb | H52: =+G52 -> Feb | I52: =+H52 -> Feb | J52: =+I52 -> Feb | K52: =+J52 -> Feb | L52: =+K52 -> Feb | M52: =+L52 -> Feb
G53: =+$G$5 -> 6 | H53: =+$H$5 -> 13 | I53: =+$I$5 -> 20 | J53: =+$J$5 -> 27 | K53: =+$K$5 -> 0 | L53: Total | M53: Average
C55: Church Attendance: | G55: =SUM(G56:G59) -> 79 | H55: =SUM(H56:H59) -> 62 | I55: =SUM(I56:I59) -> 75 | J55: =SUM(J56:J59) -> 118 | K55: =SUM(K56:K59) -> 0 | L55: =SUM(L56:L59) -> 334 | M55: =ROUND((L55/$E$1),0) -> 84
D56: Men | G56: 2 | H56: 3 | I56: 4 | J56: 3 | L56: =SUM(G56:K56) -> 12 | M56: =ROUND((L56/$E$1),0) -> 3
D57: Women | G57: 13 | H57: 16 | I57: 16 | J57: 15 | L57: =SUM(G57:K57) -> 60 | M57: =ROUND((L57/$E$1),0) -> 15
D58: Youth | G58: 16 | H58: 28 | I58: 30 | J58: 24 | L58: =SUM(G58:K58) -> 98 | M58: =ROUND((L58/$E$1),0) -> 25
D59: Children | G59: 48 | H59: 15 | I59: 25 | J59: 76 | L59: =SUM(G59:K59) -> 164 | M59: =ROUND((L59/$E$1),0) -> 41
C60: Salvations | L60: =SUM(G60:K60) -> 0 | M60: =ROUND((L60/$E$1),0) -> 0
C61: Baptisms | L61: =SUM(G61:K61) -> 0 | M61: =ROUND((L61/$E$1),0) -> 0
C62: Home Visits | L62: =SUM(G62:K62) -> 0 | M62: =ROUND((L62/$E$1),0) -> 0
C63: Meals / Food Packs | L63: =SUM(G63:K63) -> 0 | M63: =ROUND((L63/$E$1),0) -> 0
C64: Preschool Attendance | H64: 25 | I64: 25 | J64: 23 | L64: =SUM(G64:K64) -> 73 | M64: =ROUND((L64/$E$1),0) -> 18
A67: =+A51+1 -> 4 | C67: Engcamini | G67: =+$G$3 -> 2022 | H67: =+G67 -> 2022 | I67: =+H67 -> 2022 | J67: =+I67 -> 2022 | K67: =+J67 -> 2022 | L67: =+K67 -> 2022 | M67: =+L67 -> 2022
C68: =+$C52 -> February 2022 | G68: =+$G$4 -> Feb | H68: =+G68 -> Feb | I68: =+H68 -> Feb | J68: =+I68 -> Feb | K68: =+J68 -> Feb | L68: =+K68 -> Feb | M68: =+L68 -> Feb
G69: =+$G$5 -> 6 | H69: =+$H$5 -> 13 | I69: =+$I$5 -> 20 | J69: =+$J$5 -> 27 | K69: =+$K$5 -> 0 | L69: Total | M69: Average
C71: Church Attendance: | G71: =SUM(G72:G75) -> 48 | H71: =SUM(H72:H75) -> 59 | I71: =SUM(I72:I75) -> 62 | J71: =SUM(J72:J75) -> 93 | K71: =SUM(K72:K75) -> 0 | L71: =SUM(L72:L75) -> 262 | M71: =ROUND((L71/$E$1),0) -> 66
D72: Men | G72: 4 | H72: 8 | I72: 7 | J72: 12 | L72: =SUM(G72:K72) -> 31 | M72: =ROUND((L72/$E$1),0) -> 8
D73: Women | G73: 11 | H73: 10 | I73: 12 | J73: 10 | L73: =SUM(G73:K73) -> 43 | M73: =ROUND((L73/$E$1),0) -> 11
D74: Youth | G74: 4 | H74: 8 | I74: 10 | J74: 18 | L74: =SUM(G74:K74) -> 40 | M74: =ROUND((L74/$E$1),0) -> 10
D75: Children | G75: 29 | H75: 33 | I75: 33 | J75: 53 | L75: =SUM(G75:K75) -> 148 | M75: =ROUND((L75/$E$1),0) -> 37
C76: Salvations | L76: =SUM(G76:K76) -> 0 | M76: =ROUND((L76/$E$1),0) -> 0
C77: Baptisms | J77: 2 | L77: =SUM(G77:K77) -> 2 | M77: =ROUND((L77/$E$1),0) -> 1
C78: Home Visits | H78: 2 | I78: 1 | L78: =SUM(G78:K78) -> 3 | M78: =ROUND((L78/$E$1),0) -> 1
C79: Meals / Food Packs | G79: 86 | I79: 35 | J79: 180 | L79: =SUM(G79:K79) -> 301 | M79: =ROUND((L79/$E$1),0) -> 75
C80: Preschool Attendance | H80: 33 | L80: =SUM(G80:K80) -> 33 | M80: =ROUND((L80/$E$1),0) -> 8
A83: =+A67+1 -> 5 | C83: Pine Valley | G83: =+$G$3 -> 2022 | H83: =+G83 -> 2022 | I83: =+H83 -> 2022 | J83: =+I83 -> 2022 | K83: =+J83 -> 2022 | L83: =+K83 -> 2022 | M83: =+L83 -> 2022
C84: =+$C68 -> February 2022 | G84: =+$G$4 -> Feb | H84: =+G84 -> Feb | I84: =+H84 -> Feb | J84: =+I84 -> Feb | K84: =+J84 -> Feb | L84: =+K84 -> Feb | M84: =+L84 -> Feb
G85: =+$G$5 -> 6 | H85: =+$H$5 -> 13 | I85: =+$I$5 -> 20 | J85: =+$J$5 -> 27 | K85: =+$K$5 -> 0 | L85: Total | M85: Average
C87: Church Attendance: | G87: =SUM(G88:G91) -> 116 | H87: =SUM(H88:H91) -> 141 | I87: =SUM(I88:I91) -> 143 | J87: =SUM(J88:J91) -> 143 | K87: =SUM(K88:K91) -> 0 | L87: =SUM(L88:L91) -> 543 | M87: =ROUND((L87/$E$1),0) -> 136
D88: Men | G88: 8 | H88: 9 | I88: 9 | J88: 9 | L88: =SUM(G88:K88) -> 35 | M88: =ROUND((L88/$E$1),0) -> 9
D89: Women | G89: 12 | H89: 13 | I89: 13 | J89: 13 | L89: =SUM(G89:K89) -> 51 | M89: =ROUND((L89/$E$1),0) -> 13
D90: Youth | G90: 40 | H90: 47 | I90: 49 | J90: 49 | L90: =SUM(G90:K90) -> 185 | M90: =ROUND((L90/$E$1),0) -> 46
D91: Children | G91: 56 | H91: 72 | I91: 72 | J91: 72 | L91: =SUM(G91:K91) -> 272 | M91: =ROUND((L91/$E$1),0) -> 68
C92: Salvations | L92: =SUM(G92:K92) -> 0 | M92: =ROUND((L92/$E$1),0) -> 0
C93: Baptisms | L93: =SUM(G93:K93) -> 0 | M93: =ROUND((L93/$E$1),0) -> 0
C94: Home Visits | L94: =SUM(G94:K94) -> 0 | M94: =ROUND((L94/$E$1),0) -> 0
C95: Meals / Food Packs | L95: =SUM(G95:K95) -> 0 | M95: =ROUND((L95/$E$1),0) -> 0
C96: Preschool Attendance | L96: =SUM(G96:K96) -> 0 | M96: =ROUND((L96/$E$1),0) -> 0
A99: =+A83+1 -> 6 | C99: Ngwempisi | G99: =+$G$3 -> 2022 | H99: =+G99 -> 2022 | I99: =+H99 -> 2022 | J99: =+I99 -> 2022 | K99: =+J99 -> 2022 | L99: =+K99 -> 2022 | M99: =+L99 -> 2022
C100: =+$C84 -> February 2022 | G100: =+$G$4 -> Feb | H100: =+G100 -> Feb | I100: =+H100 -> Feb | J100: =+I100 -> Feb | K100: =+J100 -> Feb | L100: =+K100 -> Feb | M100: =+L100 -> Feb
G101: =+$G$5 -> 6 | H101: =+$H$5 -> 13 | I101: =+$I$5 -> 20 | J101: =+$J$5 -> 27 | K101: =+$K$5 -> 0 | L101: Total | M101: Average
C103: Church Attendance: | G103: =SUM(G104:G107) -> 50 | H103: =SUM(H104:H107) -> 44 | I103: =SUM(I104:I107) -> 57 | J103: =SUM(J104:J107) -> 38 | K103: =SUM(K104:K107) -> 0 | L103: =SUM(L104:L107) -> 189 | M103: =ROUND((L103/$E$1),0) -> 47
D104: Men | G104: 1 | H104: 2 | I104: 4 | J104: 1 | L104: =SUM(G104:K104) -> 8 | M104: =ROUND((L104/$E$1),0) -> 2
D105: Women | G105: 12 | H105: 12 | I105: 11 | J105: 9 | L105: =SUM(G105:K105) -> 44 | M105: =ROUND((L105/$E$1),0) -> 11
D106: Youth | G106: 15 | H106: 10 | I106: 20 | J106: 10 | L106: =SUM(G106:K106) -> 55 | M106: =ROUND((L106/$E$1),0) -> 14
D107: Children | G107: 22 | H107: 20 | I107: 22 | J107: 18 | L107: =SUM(G107:K107) -> 82 | M107: =ROUND((L107/$E$1),0) -> 21
C108: Salvations | L108: =SUM(G108:K108) -> 0 | M108: =ROUND((L108/$E$1),0) -> 0
C109: Baptisms | L109: =SUM(G109:K109) -> 0 | M109: =ROUND((L109/$E$1),0) -> 0
C110: Home Visits | L110: =SUM(G110:K110) -> 0 | M110: =ROUND((L110/$E$1),0) -> 0
C111: Meals / Food Packs | L111: =SUM(G111:K111) -> 0 | M111: =ROUND((L111/$E$1),0) -> 0
C112: Preschool Attendance | L112: =SUM(G112:K112) -> 0 | M112: =ROUND((L112/$E$1),0) -> 0
A115: =+A99+1 -> 7 | C115: Gebeni | G115: =+$G$3 -> 2022 | H115: =+G115 -> 2022 | I115: =+H115 -> 2022 | J115: =+I115 -> 2022 | K115: =+J115 -> 2022 | L115: =+K115 -> 2022 | M115: =+L115 -> 2022
C116: =+$C100 -> February 2022 | G116: =+$G$4 -> Feb | H116: =+G116 -> Feb | I116: =+H116 -> Feb | J116: =+I116 -> Feb | K116: =+J116 -> Feb | L116: =+K116 -> Feb | M116: =+L116 -> Feb
G117: =+$G$5 -> 6 | H117: =+$H$5 -> 13 | I117: =+$I$5 -> 20 | J117: =+$J$5 -> 27 | K117: =+$K$5 -> 0 | L117: Total | M117: Average
C119: Church Attendance: | G119: =SUM(G120:G123) -> 23 | H119: =SUM(H120:H123) -> 39 | I119: =SUM(I120:I123) -> 37 | J119: =SUM(J120:J123) -> 35 | K119: =SUM(K120:K123) -> 0 | L119: =SUM(L120:L123) -> 134 | M119: =ROUND((L119/$E$1),0) -> 34
D120: Men | G120: 2 | H120: 2 | I120: 1 | J120: 4 | L120: =SUM(G120:K120) -> 9 | M120: =ROUND((L120/$E$1),0) -> 2
D121: Women | G121: 10 | H121: 9 | I121: 5 | J121: 13 | L121: =SUM(G121:K121) -> 37 | M121: =ROUND((L121/$E$1),0) -> 9
D122: Youth | G122: 4 | H122: 15 | I122: 20 | J122: 10 | L122: =SUM(G122:K122) -> 49 | M122: =ROUND((L122/$E$1),0) -> 12
D123: Children | G123: 7 | H123: 13 | I123: 11 | J123: 8 | L123: =SUM(G123:K123) -> 39 | M123: =ROUND((L123/$E$1),0) -> 10
...

Sheet Mar22
D1: Number of Sundays | E1: 4
C3: Total ICBC | G3: 2022 | H3: =+G3 -> 2022 | I3: =+H3 -> 2022 | J3: =+I3 -> 2022 | K3: =+J3 -> 2022 | L3: =+K3 -> 2022 | M3: =+L3 -> 2022
C4: March 2022 | G4: Mar | H4: =+G4 -> Mar | I4: =+H4 -> Mar | J4: =+I4 -> Mar | K4: =+J4 -> Mar | L4: =+K4 -> Mar | M4: =+L4 -> Mar
G5: 6 | H5: 13 | I5: 20 | J5: 27 | L5: Total | M5: Average
C7: Church Attendance: | G7: =SUM(G8:G11) -> 1672 | H7: =SUM(H8:H11) -> 1905 | I7: =SUM(I8:I11) -> 1764 | J7: =SUM(J8:J11) -> 1851 | K7: =SUM(K8:K11) -> 0 | L7: =SUM(L8:L11) -> 7192 | M7: =ROUND((L7/$E$1),0) -> 1798
D8: Men | G8: =+G24+G40+G56+G72+G88+G104+G120+G136+G152+G168+G184+G200+G216+G232+G248+G264+G280+G296+G312+G328+G344+G360+G376+G392+G408+G424+G440+G456+G472+G488 -> 113 | H8: =+H24+H40+H56+H72+H88+H104+H120+H136+H152+H168+H184+H200+H216+H232+H248+H264+H280+H296+H312+H328+H344+H360+H376+H392+H408+H424+H440+H456+H472+H488 -> 136 | I8: =+I24+I40+I56+I72+I88+I104+I120+I136+I152+I168+I184+I200+I216+I232+I248+I264+I280+I296+I312+I328+I344+I360+I376+I392+I408+I424+I440+I456+I472+I488 -> 133 | J8: =+J24+J40+J56+J72+J88+J104+J120+J136+J152+J168+J184+J200+J216+J232+J248+J264+J280+J296+J312+J328+J344+J360+J376+J392+J408+J424+J440+J456+J472+J488 -> 127 | K8: =+K24+K40+K56+K72+K88+K104+K120+K136+K152+K168+K184+K200+K216+K232+K248+K264+K280+K296+K312+K328+K344+K360+K376+K392+K408+K424+K440+K456+K472+K488 -> 0 | L8: =SUM(G8:K8) -> 509 | M8: =ROUND((L8/$E$1),0) -> 127
D9: Women | G9: =+G25+G41+G57+G73+G89+G105+G121+G137+G153+G169+G185+G201+G217+G233+G249+G265+G281+G297+G313+G329+G345+G361+G377+G393+G409+G425+G441+G457+G473+G489 -> 307 | H9: =+H25+H41+H57+H73+H89+H105+H121+H137+H153+H169+H185+H201+H217+H233+H249+H265+H281+H297+H313+H329+H345+H361+H377+H393+H409+H425+H441+H457+H473+H489 -> 346 | I9: =+I25+I41+I57+I73+I89+I105+I121+I137+I153+I169+I185+I201+I217+I233+I249+I265+I281+I297+I313+I329+I345+I361+I377+I393+I409+I425+I441+I457+I473+I489 -> 303 | J9: =+J25+J41+J57+J73+J89+J105+J121+J137+J153+J169+J185+J201+J217+J233+J249+J265+J281+J297+J313+J329+J345+J361+J377+J393+J409+J425+J441+J457+J473+J489 -> 379 | K9: =+K25+K41+K57+K73+K89+K105+K121+K137+K153+K169+K185+K201+K217+K233+K249+K265+K281+K297+K313+K329+K345+K361+K377+K393+K409+K425+K441+K457+K473+K489 -> 0 | L9: =SUM(G9:K9) -> 1335 | M9: =ROUND((L9/$E$1),0) -> 334
D10: Youth | G10: =+G26+G42+G58+G74+G90+G106+G122+G138+G154+G170+G186+G202+G218+G234+G250+G266+G282+G298+G314+G330+G346+G362+G378+G394+G410+G426+G442+G458+G474+G490 -> 460 | H10: =+H26+H42+H58+H74+H90+H106+H122+H138+H154+H170+H186+H202+H218+H234+H250+H266+H282+H298+H314+H330+H346+H362+H378+H394+H410+H426+H442+H458+H474+H490 -> 507 | I10: =+I26+I42+I58+I74+I90+I106+I122+I138+I154+I170+I186+I202+I218+I234+I250+I266+I282+I298+I314+I330+I346+I362+I378+I394+I410+I426+I442+I458+I474+I490 -> 450 | J10: =+J26+J42+J58+J74+J90+J106+J122+J138+J154+J170+J186+J202+J218+J234+J250+J266+J282+J298+J314+J330+J346+J362+J378+J394+J410+J426+J442+J458+J474+J490 -> 476 | K10: =+K26+K42+K58+K74+K90+K106+K122+K138+K154+K170+K186+K202+K218+K234+K250+K266+K282+K298+K314+K330+K346+K362+K378+K394+K410+K426+K442+K458+K474+K490 -> 0 | L10: =SUM(G10:K10) -> 1893 | M10: =ROUND((L10/$E$1),0) -> 473
D11: Children | G11: =+G27+G43+G59+G75+G91+G107+G123+G139+G155+G171+G187+G203+G219+G235+G251+G267+G283+G299+G315+G331+G347+G363+G379+G395+G411+G427+G443+G459+G475+G491 -> 792 | H11: =+H27+H43+H59+H75+H91+H107+H123+H139+H155+H171+H187+H203+H219+H235+H251+H267+H283+H299+H315+H331+H347+H363+H379+H395+H411+H427+H443+H459+H475+H491 -> 916 | I11: =+I27+I43+I59+I75+I91+I107+I123+I139+I155+I171+I187+I203+I219+I235+I251+I267+I283+I299+I315+I331+I347+I363+I379+I395+I411+I427+I443+I459+I475+I491 -> 878 | J11: =+J27+J43+J59+J75+J91+J107+J123+J139+J155+J171+J187+J203+J219+J235+J251+J267+J283+J299+J315+J331+J347+J363+J379+J395+J411+J427+J443+J459+J475+J491 -> 869 | K11: =+K27+K43+K59+K75+K91+K107+K123+K139+K155+K171+K187+K203+K219+K235+K251+K267+K283+K299+K315+K331+K347+K363+K379+K395+K411+K427+K443+K459+K475+K491 -> 0 | L11: =SUM(G11:K11) -> 3455 | M11: =ROUND((L11/$E$1),0) -> 864
C12: Salvations | G12: =+G28+G44+G60+G76+G92+G108+G124+G140+G156+G172+G188+G204+G220+G236+G252+G268+G284+G300+G316+G332+G348+G364+G380+G396+G412+G428+G444+G460+G476+G492 -> 39 | H12: =+H28+H44+H60+H76+H92+H108+H124+H140+H156+H172+H188+H204+H220+H236+H252+H268+H284+H300+H316+H332+H348+H364+H380+H396+H412+H428+H444+H460+H476+H492 -> 52 | I12: =+I28+I44+I60+I76+I92+I108+I124+I140+I156+I172+I188+I204+I220+I236+I252+I268+I284+I300+I316+I332+I348+I364+I380+I396+I412+I428+I444+I460+I476+I492 -> 32 | J12: =+J28+J44+J60+J76+J92+J108+J124+J140+J156+J172+J188+J204+J220+J236+J252+J268+J284+J300+J316+J332+J348+J364+J380+J396+J412+J428+J444+J460+J476+J492 -> 25 | K12: =+K28+K44+K60+K76+K92+K108+K124+K140+K156+K172+K188+K204+K220+K236+K252+K268+K284+K300+K316+K332+K348+K364+K380+K396+K412+K428+K444+K460+K476+K492 -> 0 | L12: =SUM(G12:K12) -> 148 | M12: =ROUND((L12/$E$1),0) -> 37
C13: Baptisms | G13: =+G29+G45+G61+G77+G93+G109+G125+G141+G157+G173+G189+G205+G221+G237+G253+G269+G285+G301+G317+G333+G349+G365+G381+G397+G413+G429+G445+G461+G477+G493 -> 0 | H13: =+H29+H45+H61+H77+H93+H109+H125+H141+H157+H173+H189+H205+H221+H237+H253+H269+H285+H301+H317+H333+H349+H365+H381+H397+H413+H429+H445+H461+H477+H493 -> 0 | I13: =+I29+I45+I61+I77+I93+I109+I125+I141+I157+I173+I189+I205+I221+I237+I253+I269+I285+I301+I317+I333+I349+I365+I381+I397+I413+I429+I445+I461+I477+I493 -> 0 | J13: =+J29+J45+J61+J77+J93+J109+J125+J141+J157+J173+J189+J205+J221+J237+J253+J269+J285+J301+J317+J333+J349+J365+J381+J397+J413+J429+J445+J461+J477+J493 -> 0 | K13: =+K29+K45+K61+K77+K93+K109+K125+K141+K157+K173+K189+K205+K221+K237+K253+K269+K285+K301+K317+K333+K349+K365+K381+K397+K413+K429+K445+K461+K477+K493 -> 0 | L13: =SUM(G13:K13) -> 0 | M13: =ROUND((L13/$E$1),0) -> 0
C14: Home Visits | G14: =+G30+G46+G62+G78+G94+G110+G126+G142+G158+G174+G190+G206+G222+G238+G254+G270+G286+G302+G318+G334+G350+G366+G382+G398+G414+G430+G446+G462+G478+G494 -> 44 | H14: =+H30+H46+H62+H78+H94+H110+H126+H142+H158+H174+H190+H206+H222+H238+H254+H270+H286+H302+H318+H334+H350+H366+H382+H398+H414+H430+H446+H462+H478+H494 -> 61 | I14: =+I30+I46+I62+I78+I94+I110+I126+I142+I158+I174+I190+I206+I222+I238+I254+I270+I286+I302+I318+I334+I350+I366+I382+I398+I414+I430+I446+I462+I478+I494 -> 45 | J14: =+J30+J46+J62+J78+J94+J110+J126+J142+J158+J174+J190+J206+J222+J238+J254+J270+J286+J302+J318+J334+J350+J366+J382+J398+J414+J430+J446+J462+J478+J494 -> 61 | K14: =+K30+K46+K62+K78+K94+K110+K126+K142+K158+K174+K190+K206+K222+K238+K254+K270+K286+K302+K318+K334+K350+K366+K382+K398+K414+K430+K446+K462+K478+K494 -> 0 | L14: =SUM(G14:K14) -> 211 | M14: =ROUND((L14/$E$1),0) -> 53
C15: Meals / Food Packs | G15: =+G31+G47+G63+G79+G95+G111+G127+G143+G159+G175+G191+G207+G223+G239+G255+G271+G287+G303+G319+G335+G351+G367+G383+G399+G415+G431+G447+G463+G479+G495 -> 629 | H15: =+H31+H47+H63+H79+H95+H111+H127+H143+H159+H175+H191+H207+H223+H239+H255+H271+H287+H303+H319+H335+H351+H367+H383+H399+H415+H431+H447+H463+H479+H495 -> 561 | I15: =+I31+I47+I63+I79+I95+I111+I127+I143+I159+I175+I191+I207+I223+I239+I255+I271+I287+I303+I319+I335+I351+I367+I383+I399+I415+I431+I447+I463+I479+I495 -> 545 | J15: =+J31+J47+J63+J79+J95+J111+J127+J143+J159+J175+J191+J207+J223+J239+J255+J271+J287+J303+J319+J335+J351+J367+J383+J399+J415+J431+J447+J463+J479+J495 -> 699 | K15: =+K31+K47+K63+K79+K95+K111+K127+K143+K159+K175+K191+K207+K223+K239+K255+K271+K287+K303+K319+K335+K351+K367+K383+K399+K415+K431+K447+K463+K479+K495 -> 0 | L15: =SUM(G15:K15) -> 2434 | M15: =ROUND((L15/$E$1),0) -> 609
C16: Preschool Attendance | G16: =+G32+G48+G64+G80+G96+G112+G128+G144+G160+G176+G192+G208+G224+G240+G256+G272+G288+G304+G320+G336+G352+G368+G384+G400+G416+G432+G448+G464+G480+G496 -> 704 | H16: =+H32+H48+H64+H80+H96+H112+H128+H144+H160+H176+H192+H208+H224+H240+H256+H272+H288+H304+H320+H336+H352+H368+H384+H400+H416+H432+H448+H464+H480+H496 -> 719 | I16: =+I32+I48+I64+I80+I96+I112+I128+I144+I160+I176+I192+I208+I224+I240+I256+I272+I288+I304+I320+I336+I352+I368+I384+I400+I416+I432+I448+I464+I480+I496 -> 729 | J16: =+J32+J48+J64+J80+J96+J112+J128+J144+J160+J176+J192+J208+J224+J240+J256+J272+J288+J304+J320+J336+J352+J368+J384+J400+J416+J432+J448+J464+J480+J496 -> 736 | K16: =+K32+K48+K64+K80+K96+K112+K128+K144+K160+K176+K192+K208+K224+K240+K256+K272+K288+K304+K320+K336+K352+K368+K384+K400+K416+K432+K448+K464+K480+K496 -> 0 | L16: =SUM(G16:K16) -> 2888 | M16: =ROUND((L16/$E$1),0) -> 722
A19: 1 | C19: Hawane CLC Church | G19: =+$G$3 -> 2022 | H19: =+G19 -> 2022 | I19: =+H19 -> 2022 | J19: =+I19 -> 2022 | K19: =+J19 -> 2022 | L19: =+K19 -> 2022 | M19: =+L19 -> 2022
C20: =+$C4 -> March 2022 | G20: =+$G$4 -> Mar | H20: =+G20 -> Mar | I20: =+H20 -> Mar | J20: =+I20 -> Mar | K20: =+J20 -> Mar | L20: =+K20 -> Mar | M20: =+L20 -> Mar
G21: =+$G$5 -> 6 | H21: =+$H$5 -> 13 | I21: =+$I$5 -> 20 | J21: =+$J$5 -> 27 | K21: =+$K$5 -> 0 | L21: Total | M21: Average
C23: Church Attendance: | G23: =SUM(G24:G27) -> 136 | H23: =SUM(H24:H27) -> 192 | I23: =SUM(I24:I27) -> 189 | J23: =SUM(J24:J27) -> 179 | K23: =SUM(K24:K27) -> 0 | L23: =SUM(L24:L27) -> 696 | M23: =ROUND((L23/$E$1),0) -> 174
D24: Men | G24: 12 | H24: 33 | I24: 32 | J24: 11 | L24: =SUM(G24:K24) -> 88 | M24: =ROUND((L24/$E$1),0) -> 22
D25: Women | G25: 23 | H25: 16 | I25: 16 | J25: 29 | L25: =SUM(G25:K25) -> 84 | M25: =ROUND((L25/$E$1),0) -> 21
D26: Youth | G26: 51 | H26: 49 | I26: 47 | J26: 60 | L26: =SUM(G26:K26) -> 207 | M26: =ROUND((L26/$E$1),0) -> 52
D27: Children | G27: 50 | H27: 94 | I27: 94 | J27: 79 | L27: =SUM(G27:K27) -> 317 | M27: =ROUND((L27/$E$1),0) -> 79
C28: Salvations | L28: =SUM(G28:K28) -> 0 | M28: =ROUND((L28/$E$1),0) -> 0
C29: Baptisms | L29: =SUM(G29:K29) -> 0 | M29: =ROUND((L29/$E$1),0) -> 0
C30: Home Visits | L30: =SUM(G30:K30) -> 0 | M30: =ROUND((L30/$E$1),0) -> 0
C31: Meals / Food Packs | L31: =SUM(G31:K31) -> 0 | M31: =ROUND((L31/$E$1),0) -> 0
C32: Preschool Attendance | G32: 44 | H32: 44 | I32: 44 | J32: 44 | L32: =SUM(G32:K32) -> 176 | M32: =ROUND((L32/$E$1),0) -> 44
A35: =+A19+1 -> 2 | C35: Ngwenya | G35: =+$G$3 -> 2022 | H35: =+G35 -> 2022 | I35: =+H35 -> 2022 | J35: =+I35 -> 2022 | K35: =+J35 -> 2022 | L35: =+K35 -> 2022 | M35: =+L35 -> 2022
C36: =+$C20 -> March 2022 | G36: =+$G$4 -> Mar | H36: =+G36 -> Mar | I36: =+H36 -> Mar | J36: =+I36 -> Mar | K36: =+J36 -> Mar | L36: =+K36 -> Mar | M36: =+L36 -> Mar
G37: =+$G$5 -> 6 | H37: =+$H$5 -> 13 | I37: =+$I$5 -> 20 | J37: =+$J$5 -> 27 | K37: =+$K$5 -> 0 | L37: Total | M37: Average | Q37: 27 March 2022 - Ngwenya had the service at the Uphakatsi
C39: Church Attendance: | G39: =SUM(G40:G43) -> 59 | H39: =SUM(H40:H43) -> 63 | I39: =SUM(I40:I43) -> 55 | J39: =SUM(J40:J43) -> 0 | K39: =SUM(K40:K43) -> 0 | L39: =SUM(L40:L43) -> 177 | M39: =ROUND((L39/$E$1),0) -> 44
D40: Men | G40: 5 | H40: 6 | I40: 4 | L40: =SUM(G40:K40) -> 15 | M40: =ROUND((L40/$E$1),0) -> 4
D41: Women | G41: 11 | H41: 14 | I41: 10 | L41: =SUM(G41:K41) -> 35 | M41: =ROUND((L41/$E$1),0) -> 9
D42: Youth | G42: 15 | H42: 15 | I42: 15 | L42: =SUM(G42:K42) -> 45 | M42: =ROUND((L42/$E$1),0) -> 11
D43: Children | G43: 28 | H43: 28 | I43: 26 | L43: =SUM(G43:K43) -> 82 | M43: =ROUND((L43/$E$1),0) -> 21
C44: Salvations | H44: 3 | I44: 4 | L44: =SUM(G44:K44) -> 7 | M44: =ROUND((L44/$E$1),0) -> 2
C45: Baptisms | L45: =SUM(G45:K45) -> 0 | M45: =ROUND((L45/$E$1),0) -> 0
C46: Home Visits | G46: 5 | H46: 5 | I46: 2 | J46: 4 | L46: =SUM(G46:K46) -> 16 | M46: =ROUND((L46/$E$1),0) -> 4
C47: Meals / Food Packs | G47: 4 | H47: 4 | I47: 3 | J47: 4 | L47: =SUM(G47:K47) -> 15 | M47: =ROUND((L47/$E$1),0) -> 4
C48: Preschool Attendance | L48: =SUM(G48:K48) -> 0 | M48: =ROUND((L48/$E$1),0) -> 0
A51: =+A35+1 -> 3 | C51: Lavumisa | G51: =+$G$3 -> 2022 | H51: =+G51 -> 2022 | I51: =+H51 -> 2022 | J51: =+I51 -> 2022 | K51: =+J51 -> 2022 | L51: =+K51 -> 2022 | M51: =+L51 -> 2022
C52: =+$C36 -> March 2022 | G52: =+$G$4 -> Mar | H52: =+G52 -> Mar | I52: =+H52 -> Mar | J52: =+I52 -> Mar | K52: =+J52 -> Mar | L52: =+K52 -> Mar | M52: =+L52 -> Mar
G53: =+$G$5 -> 6 | H53: =+$H$5 -> 13 | I53: =+$I$5 -> 20 | J53: =+$J$5 -> 27 | K53: =+$K$5 -> 0 | L53: Total | M53: Average
C55: Church Attendance: | G55: =SUM(G56:G59) -> 115 | H55: =SUM(H56:H59) -> 105 | I55: =SUM(I56:I59) -> 108 | J55: =SUM(J56:J59) -> 93 | K55: =SUM(K56:K59) -> 0 | L55: =SUM(L56:L59) -> 421 | M55: =ROUND((L55/$E$1),0) -> 105
D56: Men | G56: 4 | H56: 2 | I56: 2 | J56: 4 | L56: =SUM(G56:K56) -> 12 | M56: =ROUND((L56/$E$1),0) -> 3
D57: Women | G57: 18 | H57: 16 | I57: 15 | J57: 21 | L57: =SUM(G57:K57) -> 70 | M57: =ROUND((L57/$E$1),0) -> 18
D58: Youth | G58: 26 | H58: 23 | I58: 26 | J58: 14 | L58: =SUM(G58:K58) -> 89 | M58: =ROUND((L58/$E$1),0) -> 22
D59: Children | G59: 67 | H59: 64 | I59: 65 | J59: 54 | L59: =SUM(G59:K59) -> 250 | M59: =ROUND((L59/$E$1),0) -> 63
C60: Salvations | L60: =SUM(G60:K60) -> 0 | M60: =ROUND((L60/$E$1),0) -> 0
C61: Baptisms | L61: =SUM(G61:K61) -> 0 | M61: =ROUND((L61/$E$1),0) -> 0
C62: Home Visits | L62: =SUM(G62:K62) -> 0 | M62: =ROUND((L62/$E$1),0) -> 0
C63: Meals / Food Packs | L63: =SUM(G63:K63) -> 0 | M63: =ROUND((L63/$E$1),0) -> 0
C64: Preschool Attendance | G64: 39 | H64: 39 | I64: 39 | J64: 39 | L64: =SUM(G64:K64) -> 156 | M64: =ROUND((L64/$E$1),0) -> 39
A67: =+A51+1 -> 4 | C67: Engcamini | G67: =+$G$3 -> 2022 | H67: =+G67 -> 2022 | I67: =+H67 -> 2022 | J67: =+I67 -> 2022 | K67: =+J67 -> 2022 | L67: =+K67 -> 2022 | M67: =+L67 -> 2022
C68: =+$C52 -> March 2022 | G68: =+$G$4 -> Mar | H68: =+G68 -> Mar | I68: =+H68 -> Mar | J68: =+I68 -> Mar | K68: =+J68 -> Mar | L68: =+K68 -> Mar | M68: =+L68 -> Mar
G69: =+$G$5 -> 6 | H69: =+$H$5 -> 13 | I69: =+$I$5 -> 20 | J69: =+$J$5 -> 27 | K69: =+$K$5 -> 0 | L69: Total | M69: Average
C71: Church Attendance: | G71: =SUM(G72:G75) -> 73 | H71: =SUM(H72:H75) -> 48 | I71: =SUM(I72:I75) -> 46 | J71: =SUM(J72:J75) -> 65 | K71: =SUM(K72:K75) -> 0 | L71: =SUM(L72:L75) -> 232 | M71: =ROUND((L71/$E$1),0) -> 58
D72: Men | G72: 6 | H72: 3 | I72: 2 | J72: 10 | L72: =SUM(G72:K72) -> 21 | M72: =ROUND((L72/$E$1),0) -> 5
D73: Women | G73: 13 | H73: 9 | I73: 10 | J73: 16 | L73: =SUM(G73:K73) -> 48 | M73: =ROUND((L73/$E$1),0) -> 12
D74: Youth | G74: 20 | H74: 5 | I74: 8 | J74: 16 | L74: =SUM(G74:K74) -> 49 | M74: =ROUND((L74/$E$1),0) -> 12
D75: Children | G75: 34 | H75: 31 | I75: 26 | J75: 23 | L75: =SUM(G75:K75) -> 114 | M75: =ROUND((L75/$E$1),0) -> 29
C76: Salvations | L76: =SUM(G76:K76) -> 0 | M76: =ROUND((L76/$E$1),0) -> 0
C77: Baptisms | L77: =SUM(G77:K77) -> 0 | M77: =ROUND((L77/$E$1),0) -> 0
C78: Home Visits | L78: =SUM(G78:K78) -> 0 | M78: =ROUND((L78/$E$1),0) -> 0
C79: Meals / Food Packs | G79: 288 | H79: 130 | I79: 216 | J79: 396 | L79: =SUM(G79:K79) -> 1030 | M79: =ROUND((L79/$E$1),0) -> 258
C80: Preschool Attendance | G80: 45 | H80: 45 | I80: 45 | J80: 45 | L80: =SUM(G80:K80) -> 180 | M80: =ROUND((L80/$E$1),0) -> 45
A83: =+A67+1 -> 5 | C83: Pine Valley | G83: =+$G$3 -> 2022 | H83: =+G83 -> 2022 | I83: =+H83 -> 2022 | J83: =+I83 -> 2022 | K83: =+J83 -> 2022 | L83: =+K83 -> 2022 | M83: =+L83 -> 2022
C84: =+$C68 -> March 2022 | G84: =+$G$4 -> Mar | H84: =+G84 -> Mar | I84: =+H84 -> Mar | J84: =+I84 -> Mar | K84: =+J84 -> Mar | L84: =+K84 -> Mar | M84: =+L84 -> Mar
G85: =+$G$5 -> 6 | H85: =+$H$5 -> 13 | I85: =+$I$5 -> 20 | J85: =+$J$5 -> 27 | K85: =+$K$5 -> 0 | L85: Total | M85: Average
C87: Church Attendance: | G87: =SUM(G88:G91) -> 145 | H87: =SUM(H88:H91) -> 155 | I87: =SUM(I88:I91) -> 143 | J87: =SUM(J88:J91) -> 107 | K87: =SUM(K88:K91) -> 0 | L87: =SUM(L88:L91) -> 550 | M87: =ROUND((L87/$E$1),0) -> 138
D88: Men | G88: 7 | H88: 6 | I88: 9 | J88: 7 | L88: =SUM(G88:K88) -> 29 | M88: =ROUND((L88/$E$1),0) -> 7
D89: Women | G89: 13 | H89: 23 | I89: 13 | J89: 7 | L89: =SUM(G89:K89) -> 56 | M89: =ROUND((L89/$E$1),0) -> 14
D90: Youth | G90: 49 | H90: 47 | I90: 49 | J90: 55 | L90: =SUM(G90:K90) -> 200 | M90: =ROUND((L90/$E$1),0) -> 50
D91: Children | G91: 76 | H91: 79 | I91: 72 | J91: 38 | L91: =SUM(G91:K91) -> 265 | M91: =ROUND((L91/$E$1),0) -> 66
C92: Salvations | L92: =SUM(G92:K92) -> 0 | M92: =ROUND((L92/$E$1),0) -> 0
C93: Baptisms | L93: =SUM(G93:K93) -> 0 | M93: =ROUND((L93/$E$1),0) -> 0
C94: Home Visits | L94: =SUM(G94:K94) -> 0 | M94: =ROUND((L94/$E$1),0) -> 0
C95: Meals / Food Packs | L95: =SUM(G95:K95) -> 0 | M95: =ROUND((L95/$E$1),0) -> 0
C96: Preschool Attendance | G96: 27 | H96: 27 | I96: 27 | J96: 27 | L96: =SUM(G96:K96) -> 108 | M96: =ROUND((L96/$E$1),0) -> 27
A99: =+A83+1 -> 6 | C99: Ngwempisi | G99: =+$G$3 -> 2022 | H99: =+G99 -> 2022 | I99: =+H99 -> 2022 | J99: =+I99 -> 2022 | K99: =+J99 -> 2022 | L99: =+K99 -> 2022 | M99: =+L99 -> 2022
C100: =+$C84 -> March 2022 | G100: =+$G$4 -> Mar | H100: =+G100 -> Mar | I100: =+H100 -> Mar | J100: =+I100 -> Mar | K100: =+J100 -> Mar | L100: =+K100 -> Mar | M100: =+L100 -> Mar
G101: =+$G$5 -> 6 | H101: =+$H$5 -> 13 | I101: =+$I$5 -> 20 | J101: =+$J$5 -> 27 | K101: =+$K$5 -> 0 | L101: Total | M101: Average
C103: Church Attendance: | G103: =SUM(G104:G107) -> 78 | H103: =SUM(H104:H107) -> 49 | I103: =SUM(I104:I107) -> 59 | J103: =SUM(J104:J107) -> 50 | K103: =SUM(K104:K107) -> 0 | L103: =SUM(L104:L107) -> 236 | M103: =ROUND((L103/$E$1),0) -> 59
D104: Men | G104: 2 | H104: 1 | I104: 1 | J104: 1 | L104: =SUM(G104:K104) -> 5 | M104: =ROUND((L104/$E$1),0) -> 1
D105: Women | G105: 19 | H105: 15 | I105: 12 | J105: 11 | L105: =SUM(G105:K105) -> 57 | M105: =ROUND((L105/$E$1),0) -> 14
D106: Youth | G106: 23 | H106: 13 | I106: 21 | J106: 13 | L106: =SUM(G106:K106) -> 70 | M106: =ROUND((L106/$E$1),0) -> 18
D107: Children | G107: 34 | H107: 20 | I107: 25 | J107: 25 | L107: =SUM(G107:K107) -> 104 | M107: =ROUND((L107/$E$1),0) -> 26
C108: Salvations | L108: =SUM(G108:K108) -> 0 | M108: =ROUND((L108/$E$1),0) -> 0
C109: Baptisms | L109: =SUM(G109:K109) -> 0 | M109: =ROUND((L109/$E$1),0) -> 0
C110: Home Visits | L110: =SUM(G110:K110) -> 0 | M110: =ROUND((L110/$E$1),0) -> 0
C111: Meals / Food Packs | L111: =SUM(G111:K111) -> 0 | M111: =ROUND((L111/$E$1),0) -> 0
C112: Preschool Attendance | G112: 40 | H112: 40 | I112: 40 | J112: 40 | L112: =SUM(G112:K112) -> 160 | M112: =ROUND((L112/$E$1),0) -> 40
A115: =+A99+1 -> 7 | C115: Gebeni | G115: =+$G$3 -> 2022 | H115: =+G115 -> 2022 | I115: =+H115 -> 2022 | J115: =+I115 -> 2022 | K115: =+J115 -> 2022 | L115: =+K115 -> 2022 | M115: =+L115 -> 2022
C116: =+$C100 -> March 2022 | G116: =+$G$4 -> Mar | H116: =+G116 -> Mar | I116: =+H116 -> Mar | J116: =+I116 -> Mar | K116: =+J116 -> Mar | L116: =+K116 -> Mar | M116: =+L116 -> Mar
G117: =+$G$5 -> 6 | H117: =+$H$5 -> 13 | I117: =+$I$5 -> 20 | J117: =+$J$5 -> 27 | K117: =+$K$5 -> 0 | L117: Total | M117: Average
C119: Church Attendance: | G119: =SUM(G120:G123) -> 41 | H119: =SUM(H120:H123) -> 40 | I119: =SUM(I120:I123) -> 46 | J119: =SUM(J120:J123) -> 44 | K119: =SUM(K120:K123) -> 0 | L119: =SUM(L120:L123) -> 171 | M119: =ROUND((L119/$E$1),0) -> 43
D120: Men | G120: 5 | H120: 2 | I120: 3 | J120: 3 | L120: =SUM(G120:K120) -> 13 | M120: =ROUND((L120/$E$1),0) -> 3
D121: Women | G121: 13 | H121: 9 | I121: 12 | J121: 13 | L121: =SUM(G121:K121) -> 47 | M121: =ROUND((L121/$E$1),0) -> 12
D122: Youth | G122: 10 | H122: 16 | I122: 13 | J122: 11 | L122: =SUM(G122:K122) -> 50 | M122: =ROUND((L122/$E$1),0) -> 13
D123: Children | G123: 13 | H123: 13 | I123: 18 | J123: 17 | L123: =SUM(G123:K123) -> 61 | M123: =ROUND((L123/$E$1),0) -> 15
...

Sheet Apr22
D1: Number of Sundays | E1: 4
C3: Total ICBC | G3: 2022 | H3: =+G3 -> 2022 | I3: =+H3 -> 2022 | J3: =+I3 -> 2022 | K3: =+J3 -> 2022 | L3: =+K3 -> 2022 | M3: =+L3 -> 2022
C4: April 2022 | G4: Apr | H4: =+G4 -> Apr | I4: =+H4 -> Apr | J4: =+I4 -> Apr | K4: =+J4 -> Apr | L4: =+K4 -> Apr | M4: =+L4 -> Apr
G5: 3 | H5: 10 | I5: 17 | J5: 24 | L5: Total | M5: Average
C7: Church Attendance: | G7: =SUM(G8:G11) -> 1672 | H7: =SUM(H8:H11) -> 1153 | I7: =SUM(I8:I11) -> 1610 | J7: =SUM(J8:J11) -> 1823 | K7: =SUM(K8:K11) -> 0 | L7: =SUM(L8:L11) -> 6258 | M7: =ROUND((L7/$E$1),0) -> 1565
D8: Men | G8: =+G24+G40+G56+G72+G88+G104+G120+G136+G152+G168+G184+G200+G216+G232+G248+G264+G280+G296+G312+G328+G344+G360+G376+G392+G408+G424+G440+G456+G472+G488 -> 116 | H8: =+H24+H40+H56+H72+H88+H104+H120+H136+H152+H168+H184+H200+H216+H232+H248+H264+H280+H296+H312+H328+H344+H360+H376+H392+H408+H424+H440+H456+H472+H488 -> 98 | I8: =+I24+I40+I56+I72+I88+I104+I120+I136+I152+I168+I184+I200+I216+I232+I248+I264+I280+I296+I312+I328+I344+I360+I376+I392+I408+I424+I440+I456+I472+I488 -> 194 | J8: =+J24+J40+J56+J72+J88+J104+J120+J136+J152+J168+J184+J200+J216+J232+J248+J264+J280+J296+J312+J328+J344+J360+J376+J392+J408+J424+J440+J456+J472+J488 -> 128 | K8: =+K24+K40+K56+K72+K88+K104+K120+K136+K152+K168+K184+K200+K216+K232+K248+K264+K280+K296+K312+K328+K344+K360+K376+K392+K408+K424+K440+K456+K472+K488 -> 0 | L8: =SUM(G8:K8) -> 536 | M8: =ROUND((L8/$E$1),0) -> 134
D9: Women | G9: =+G25+G41+G57+G73+G89+G105+G121+G137+G153+G169+G185+G201+G217+G233+G249+G265+G281+G297+G313+G329+G345+G361+G377+G393+G409+G425+G441+G457+G473+G489 -> 327 | H9: =+H25+H41+H57+H73+H89+H105+H121+H137+H153+H169+H185+H201+H217+H233+H249+H265+H281+H297+H313+H329+H345+H361+H377+H393+H409+H425+H441+H457+H473+H489 -> 212 | I9: =+I25+I41+I57+I73+I89+I105+I121+I137+I153+I169+I185+I201+I217+I233+I249+I265+I281+I297+I313+I329+I345+I361+I377+I393+I409+I425+I441+I457+I473+I489 -> 369 | J9: =+J25+J41+J57+J73+J89+J105+J121+J137+J153+J169+J185+J201+J217+J233+J249+J265+J281+J297+J313+J329+J345+J361+J377+J393+J409+J425+J441+J457+J473+J489 -> 340 | K9: =+K25+K41+K57+K73+K89+K105+K121+K137+K153+K169+K185+K201+K217+K233+K249+K265+K281+K297+K313+K329+K345+K361+K377+K393+K409+K425+K441+K457+K473+K489 -> 0 | L9: =SUM(G9:K9) -> 1248 | M9: =ROUND((L9/$E$1),0) -> 312
D10: Youth | G10: =+G26+G42+G58+G74+G90+G106+G122+G138+G154+G170+G186+G202+G218+G234+G250+G266+G282+G298+G314+G330+G346+G362+G378+G394+G410+G426+G442+G458+G474+G490 -> 428 | H10: =+H26+H42+H58+H74+H90+H106+H122+H138+H154+H170+H186+H202+H218+H234+H250+H266+H282+H298+H314+H330+H346+H362+H378+H394+H410+H426+H442+H458+H474+H490 -> 329 | I10: =+I26+I42+I58+I74+I90+I106+I122+I138+I154+I170+I186+I202+I218+I234+I250+I266+I282+I298+I314+I330+I346+I362+I378+I394+I410+I426+I442+I458+I474+I490 -> 554 | J10: =+J26+J42+J58+J74+J90+J106+J122+J138+J154+J170+J186+J202+J218+J234+J250+J266+J282+J298+J314+J330+J346+J362+J378+J394+J410+J426+J442+J458+J474+J490 -> 505 | K10: =+K26+K42+K58+K74+K90+K106+K122+K138+K154+K170+K186+K202+K218+K234+K250+K266+K282+K298+K314+K330+K346+K362+K378+K394+K410+K426+K442+K458+K474+K490 -> 0 | L10: =SUM(G10:K10) -> 1816 | M10: =ROUND((L10/$E$1),0) -> 454
D11: Children | G11: =+G27+G43+G59+G75+G91+G107+G123+G139+G155+G171+G187+G203+G219+G235+G251+G267+G283+G299+G315+G331+G347+G363+G379+G395+G411+G427+G443+G459+G475+G491 -> 801 | H11: =+H27+H43+H59+H75+H91+H107+H123+H139+H155+H171+H187+H203+H219+H235+H251+H267+H283+H299+H315+H331+H347+H363+H379+H395+H411+H427+H443+H459+H475+H491 -> 514 | I11: =+I27+I43+I59+I75+I91+I107+I123+I139+I155+I171+I187+I203+I219+I235+I251+I267+I283+I299+I315+I331+I347+I363+I379+I395+I411+I427+I443+I459+I475+I491 -> 493 | J11: =+J27+J43+J59+J75+J91+J107+J123+J139+J155+J171+J187+J203+J219+J235+J251+J267+J283+J299+J315+J331+J347+J363+J379+J395+J411+J427+J443+J459+J475+J491 -> 850 | K11: =+K27+K43+K59+K75+K91+K107+K123+K139+K155+K171+K187+K203+K219+K235+K251+K267+K283+K299+K315+K331+K347+K363+K379+K395+K411+K427+K443+K459+K475+K491 -> 0 | L11: =SUM(G11:K11) -> 2658 | M11: =ROUND((L11/$E$1),0) -> 665
C12: Salvations | G12: =+G28+G44+G60+G76+G92+G108+G124+G140+G156+G172+G188+G204+G220+G236+G252+G268+G284+G300+G316+G332+G348+G364+G380+G396+G412+G428+G444+G460+G476+G492 -> 71 | H12: =+H28+H44+H60+H76+H92+H108+H124+H140+H156+H172+H188+H204+H220+H236+H252+H268+H284+H300+H316+H332+H348+H364+H380+H396+H412+H428+H444+H460+H476+H492 -> 25 | I12: =+I28+I44+I60+I76+I92+I108+I124+I140+I156+I172+I188+I204+I220+I236+I252+I268+I284+I300+I316+I332+I348+I364+I380+I396+I412+I428+I444+I460+I476+I492 -> 105 | J12: =+J28+J44+J60+J76+J92+J108+J124+J140+J156+J172+J188+J204+J220+J236+J252+J268+J284+J300+J316+J332+J348+J364+J380+J396+J412+J428+J444+J460+J476+J492 -> 38 | K12: =+K28+K44+K60+K76+K92+K108+K124+K140+K156+K172+K188+K204+K220+K236+K252+K268+K284+K300+K316+K332+K348+K364+K380+K396+K412+K428+K444+K460+K476+K492 -> 0 | L12: =SUM(G12:K12) -> 239 | M12: =ROUND((L12/$E$1),0) -> 60
C13: Baptisms | G13: =+G29+G45+G61+G77+G93+G109+G125+G141+G157+G173+G189+G205+G221+G237+G253+G269+G285+G301+G317+G333+G349+G365+G381+G397+G413+G429+G445+G461+G477+G493 -> 0 | H13: =+H29+H45+H61+H77+H93+H109+H125+H141+H157+H173+H189+H205+H221+H237+H253+H269+H285+H301+H317+H333+H349+H365+H381+H397+H413+H429+H445+H461+H477+H493 -> 0 | I13: =+I29+I45+I61+I77+I93+I109+I125+I141+I157+I173+I189+I205+I221+I237+I253+I269+I285+I301+I317+I333+I349+I365+I381+I397+I413+I429+I445+I461+I477+I493 -> 0 | J13: =+J29+J45+J61+J77+J93+J109+J125+J141+J157+J173+J189+J205+J221+J237+J253+J269+J285+J301+J317+J333+J349+J365+J381+J397+J413+J429+J445+J461+J477+J493 -> 9 | K13: =+K29+K45+K61+K77+K93+K109+K125+K141+K157+K173+K189+K205+K221+K237+K253+K269+K285+K301+K317+K333+K349+K365+K381+K397+K413+K429+K445+K461+K477+K493 -> 0 | L13: =SUM(G13:K13) -> 9 | M13: =ROUND((L13/$E$1),0) -> 2
C14: Home Visits | G14: =+G30+G46+G62+G78+G94+G110+G126+G142+G158+G174+G190+G206+G222+G238+G254+G270+G286+G302+G318+G334+G350+G366+G382+G398+G414+G430+G446+G462+G478+G494 -> 53 | H14: =+H30+H46+H62+H78+H94+H110+H126+H142+H158+H174+H190+H206+H222+H238+H254+H270+H286+H302+H318+H334+H350+H366+H382+H398+H414+H430+H446+H462+H478+H494 -> 46 | I14: =+I30+I46+I62+I78+I94+I110+I126+I142+I158+I174+I190+I206+I222+I238+I254+I270+I286+I302+I318+I334+I350+I366+I382+I398+I414+I430+I446+I462+I478+I494 -> 50 | J14: =+J30+J46+J62+J78+J94+J110+J126+J142+J158+J174+J190+J206+J222+J238+J254+J270+J286+J302+J318+J334+J350+J366+J382+J398+J414+J430+J446+J462+J478+J494 -> 47 | K14: =+K30+K46+K62+K78+K94+K110+K126+K142+K158+K174+K190+K206+K222+K238+K254+K270+K286+K302+K318+K334+K350+K366+K382+K398+K414+K430+K446+K462+K478+K494 -> 0 | L14: =SUM(G14:K14) -> 196 | M14: =ROUND((L14/$E$1),0) -> 49
C15: Meals / Food Packs | G15: =+G31+G47+G63+G79+G95+G111+G127+G143+G159+G175+G191+G207+G223+G239+G255+G271+G287+G303+G319+G335+G351+G367+G383+G399+G415+G431+G447+G463+G479+G495 -> 583 | H15: =+H31+H47+H63+H79+H95+H111+H127+H143+H159+H175+H191+H207+H223+H239+H255+H271+H287+H303+H319+H335+H351+H367+H383+H399+H415+H431+H447+H463+H479+H495 -> 339 | I15: =+I31+I47+I63+I79+I95+I111+I127+I143+I159+I175+I191+I207+I223+I239+I255+I271+I287+I303+I319+I335+I351+I367+I383+I399+I415+I431+I447+I463+I479+I495 -> 251 | J15: =+J31+J47+J63+J79+J95+J111+J127+J143+J159+J175+J191+J207+J223+J239+J255+J271+J287+J303+J319+J335+J351+J367+J383+J399+J415+J431+J447+J463+J479+J495 -> 282 | K15: =+K31+K47+K63+K79+K95+K111+K127+K143+K159+K175+K191+K207+K223+K239+K255+K271+K287+K303+K319+K335+K351+K367+K383+K399+K415+K431+K447+K463+K479+K495 -> 0 | L15: =SUM(G15:K15) -> 1455 | M15: =ROUND((L15/$E$1),0) -> 364
C16: Preschool Attendance | G16: =+G32+G48+G64+G80+G96+G112+G128+G144+G160+G176+G192+G208+G224+G240+G256+G272+G288+G304+G320+G336+G352+G368+G384+G400+G416+G432+G448+G464+G480+G496 -> 123 | H16: =+H32+H48+H64+H80+H96+H112+H128+H144+H160+H176+H192+H208+H224+H240+H256+H272+H288+H304+H320+H336+H352+H368+H384+H400+H416+H432+H448+H464+H480+H496 -> 195 | I16: =+I32+I48+I64+I80+I96+I112+I128+I144+I160+I176+I192+I208+I224+I240+I256+I272+I288+I304+I320+I336+I352+I368+I384+I400+I416+I432+I448+I464+I480+I496 -> 127 | J16: =+J32+J48+J64+J80+J96+J112+J128+J144+J160+J176+J192+J208+J224+J240+J256+J272+J288+J304+J320+J336+J352+J368+J384+J400+J416+J432+J448+J464+J480+J496 -> 224 | K16: =+K32+K48+K64+K80+K96+K112+K128+K144+K160+K176+K192+K208+K224+K240+K256+K272+K288+K304+K320+K336+K352+K368+K384+K400+K416+K432+K448+K464+K480+K496 -> 0 | L16: =SUM(G16:K16) -> 669 | M16: =ROUND((L16/$E$1),0) -> 167
A19: 1 | C19: Hawane CLC Church | G19: =+$G$3 -> 2022 | H19: =+G19 -> 2022 | I19: =+H19 -> 2022 | J19: =+I19 -> 2022 | K19: =+J19 -> 2022 | L19: =+K19 -> 2022 | M19: =+L19 -> 2022
C20: =+$C4 -> April 2022 | G20: =+$G$4 -> Apr | H20: =+G20 -> Apr | I20: =+H20 -> Apr | J20: =+I20 -> Apr | K20: =+J20 -> Apr | L20: =+K20 -> Apr | M20: =+L20 -> Apr
G21: =+$G$5 -> 3 | H21: =+$H$5 -> 10 | I21: =+$I$5 -> 17 | J21: =+$J$5 -> 24 | K21: =+$K$5 -> 0 | L21: Total | M21: Average
C23: Church Attendance: | G23: =SUM(G24:G27) -> 144 | H23: =SUM(H24:H27) -> 129 | I23: =SUM(I24:I27) -> 90 | J23: =SUM(J24:J27) -> 186 | K23: =SUM(K24:K27) -> 0 | L23: =SUM(L24:L27) -> 549 | M23: =ROUND((L23/$E$1),0) -> 137
D24: Men | G24: 14 | H24: 8 | I24: 8 | J24: 10 | L24: =SUM(G24:K24) -> 40 | M24: =ROUND((L24/$E$1),0) -> 10
D25: Women | G25: 26 | H25: 25 | I25: 17 | J25: 31 | L25: =SUM(G25:K25) -> 99 | M25: =ROUND((L25/$E$1),0) -> 25
D26: Youth | G26: 42 | H26: 34 | I26: 37 | J26: 55 | L26: =SUM(G26:K26) -> 168 | M26: =ROUND((L26/$E$1),0) -> 42
D27: Children | G27: 62 | H27: 62 | I27: 28 | J27: 90 | L27: =SUM(G27:K27) -> 242 | M27: =ROUND((L27/$E$1),0) -> 61
C28: Salvations | L28: =SUM(G28:K28) -> 0 | M28: =ROUND((L28/$E$1),0) -> 0
C29: Baptisms | L29: =SUM(G29:K29) -> 0 | M29: =ROUND((L29/$E$1),0) -> 0
C30: Home Visits | L30: =SUM(G30:K30) -> 0 | M30: =ROUND((L30/$E$1),0) -> 0
C31: Meals / Food Packs | L31: =SUM(G31:K31) -> 0 | M31: =ROUND((L31/$E$1),0) -> 0
C32: Preschool Attendance | L32: =SUM(G32:K32) -> 0 | M32: =ROUND((L32/$E$1),0) -> 0
A35: =+A19+1 -> 2 | C35: Ngwenya | G35: =+$G$3 -> 2022 | H35: =+G35 -> 2022 | I35: =+H35 -> 2022 | J35: =+I35 -> 2022 | K35: =+J35 -> 2022 | L35: =+K35 -> 2022 | M35: =+L35 -> 2022
C36: =+$C20 -> April 2022 | G36: =+$G$4 -> Apr | H36: =+G36 -> Apr | I36: =+H36 -> Apr | J36: =+I36 -> Apr | K36: =+J36 -> Apr | L36: =+K36 -> Apr | M36: =+L36 -> Apr
G37: =+$G$5 -> 3 | H37: =+$H$5 -> 10 | I37: =+$I$5 -> 17 | J37: =+$J$5 -> 24 | K37: =+$K$5 -> 0 | L37: Total | M37: Average
C39: Church Attendance: | G39: =SUM(G40:G43) -> 57 | H39: =SUM(H40:H43) -> 49 | I39: =SUM(I40:I43) -> 76 | J39: =SUM(J40:J43) -> 57 | K39: =SUM(K40:K43) -> 0 | L39: =SUM(L40:L43) -> 239 | M39: =ROUND((L39/$E$1),0) -> 60
D40: Men | G40: 4 | H40: 4 | I40: 8 | J40: 4 | L40: =SUM(G40:K40) -> 20 | M40: =ROUND((L40/$E$1),0) -> 5
D41: Women | G41: 10 | H41: 8 | I41: 18 | J41: 14 | L41: =SUM(G41:K41) -> 50 | M41: =ROUND((L41/$E$1),0) -> 13
D42: Youth | G42: 15 | H42: 13 | I42: 20 | J42: 15 | L42: =SUM(G42:K42) -> 63 | M42: =ROUND((L42/$E$1),0) -> 16
D43: Children | G43: 28 | H43: 24 | I43: 30 | J43: 24 | L43: =SUM(G43:K43) -> 106 | M43: =ROUND((L43/$E$1),0) -> 27
C44: Salvations | G44: 3 | I44: 7 | J44: 1 | L44: =SUM(G44:K44) -> 11 | M44: =ROUND((L44/$E$1),0) -> 3
C45: Baptisms | L45: =SUM(G45:K45) -> 0 | M45: =ROUND((L45/$E$1),0) -> 0
C46: Home Visits | G46: 4 | H46: 3 | I46: 2 | J46: 2 | L46: =SUM(G46:K46) -> 11 | M46: =ROUND((L46/$E$1),0) -> 3
C47: Meals / Food Packs | G47: 3 | H47: 2 | I47: 2 | J47: 1 | L47: =SUM(G47:K47) -> 8 | M47: =ROUND((L47/$E$1),0) -> 2
C48: Preschool Attendance | L48: =SUM(G48:K48) -> 0 | M48: =ROUND((L48/$E$1),0) -> 0
A51: =+A35+1 -> 3 | C51: Lavumisa | G51: =+$G$3 -> 2022 | H51: =+G51 -> 2022 | I51: =+H51 -> 2022 | J51: =+I51 -> 2022 | K51: =+J51 -> 2022 | L51: =+K51 -> 2022 | M51: =+L51 -> 2022
C52: =+$C36 -> April 2022 | G52: =+$G$4 -> Apr | H52: =+G52 -> Apr | I52: =+H52 -> Apr | J52: =+I52 -> Apr | K52: =+J52 -> Apr | L52: =+K52 -> Apr | M52: =+L52 -> Apr
G53: =+$G$5 -> 3 | H53: =+$H$5 -> 10 | I53: =+$I$5 -> 17 | J53: =+$J$5 -> 24 | K53: =+$K$5 -> 0 | L53: Total | M53: Average
C55: Church Attendance: | G55: =SUM(G56:G59) -> 60 | H55: =SUM(H56:H59) -> 35 | I55: =SUM(I56:I59) -> 43 | J55: =SUM(J56:J59) -> 69 | K55: =SUM(K56:K59) -> 0 | L55: =SUM(L56:L59) -> 207 | M55: =ROUND((L55/$E$1),0) -> 52
D56: Men | G56: 2 | H56: 2 | I56: 4 | J56: 2 | L56: =SUM(G56:K56) -> 10 | M56: =ROUND((L56/$E$1),0) -> 3
D57: Women | G57: 8 | H57: 6 | I57: 14 | J57: 19 | L57: =SUM(G57:K57) -> 47 | M57: =ROUND((L57/$E$1),0) -> 12
D58: Youth | G58: 15 | H58: 11 | I58: 9 | J58: 17 | L58: =SUM(G58:K58) -> 52 | M58: =ROUND((L58/$E$1),0) -> 13
D59: Children | G59: 35 | H59: 16 | I59: 16 | J59: 31 | L59: =SUM(G59:K59) -> 98 | M59: =ROUND((L59/$E$1),0) -> 25
C60: Salvations | L60: =SUM(G60:K60) -> 0 | M60: =ROUND((L60/$E$1),0) -> 0
C61: Baptisms | L61: =SUM(G61:K61) -> 0 | M61: =ROUND((L61/$E$1),0) -> 0
C62: Home Visits | L62: =SUM(G62:K62) -> 0 | M62: =ROUND((L62/$E$1),0) -> 0
C63: Meals / Food Packs | L63: =SUM(G63:K63) -> 0 | M63: =ROUND((L63/$E$1),0) -> 0
C64: Preschool Attendance | L64: =SUM(G64:K64) -> 0 | M64: =ROUND((L64/$E$1),0) -> 0
A67: =+A51+1 -> 4 | C67: Engcamini | G67: =+$G$3 -> 2022 | H67: =+G67 -> 2022 | I67: =+H67 -> 2022 | J67: =+I67 -> 2022 | K67: =+J67 -> 2022 | L67: =+K67 -> 2022 | M67: =+L67 -> 2022
C68: =+$C52 -> April 2022 | G68: =+$G$4 -> Apr | H68: =+G68 -> Apr | I68: =+H68 -> Apr | J68: =+I68 -> Apr | K68: =+J68 -> Apr | L68: =+K68 -> Apr | M68: =+L68 -> Apr
G69: =+$G$5 -> 3 | H69: =+$H$5 -> 10 | I69: =+$I$5 -> 17 | J69: =+$J$5 -> 24 | K69: =+$K$5 -> 0 | L69: Total | M69: Average
C71: Church Attendance: | G71: =SUM(G72:G75) -> 42 | H71: =SUM(H72:H75) -> 25 | I71: =SUM(I72:I75) -> 21 | J71: =SUM(J72:J75) -> 77 | K71: =SUM(K72:K75) -> 0 | L71: =SUM(L72:L75) -> 165 | M71: =ROUND((L71/$E$1),0) -> 41
D72: Men | G72: 4 | H72: 3 | I72: 3 | J72: 6 | L72: =SUM(G72:K72) -> 16 | M72: =ROUND((L72/$E$1),0) -> 4
D73: Women | G73: 10 | H73: 7 | I73: 5 | J73: 17 | L73: =SUM(G73:K73) -> 39 | M73: =ROUND((L73/$E$1),0) -> 10
D74: Youth | G74: 6 | H74: 3 | I74: 5 | J74: 19 | L74: =SUM(G74:K74) -> 33 | M74: =ROUND((L74/$E$1),0) -> 8
D75: Children | G75: 22 | H75: 12 | I75: 8 | J75: 35 | L75: =SUM(G75:K75) -> 77 | M75: =ROUND((L75/$E$1),0) -> 19
C76: Salvations | L76: =SUM(G76:K76) -> 0 | M76: =ROUND((L76/$E$1),0) -> 0
C77: Baptisms | L77: =SUM(G77:K77) -> 0 | M77: =ROUND((L77/$E$1),0) -> 0
C78: Home Visits | L78: =SUM(G78:K78) -> 0 | M78: =ROUND((L78/$E$1),0) -> 0
C79: Meals / Food Packs | G79: 144 | H79: 30 | L79: =SUM(G79:K79) -> 174 | M79: =ROUND((L79/$E$1),0) -> 44
C80: Preschool Attendance | L80: =SUM(G80:K80) -> 0 | M80: =ROUND((L80/$E$1),0) -> 0
A83: =+A67+1 -> 5 | C83: Pine Valley | G83: =+$G$3 -> 2022 | H83: =+G83 -> 2022 | I83: =+H83 -> 2022 | J83: =+I83 -> 2022 | K83: =+J83 -> 2022 | L83: =+K83 -> 2022 | M83: =+L83 -> 2022
C84: =+$C68 -> April 2022 | G84: =+$G$4 -> Apr | H84: =+G84 -> Apr | I84: =+H84 -> Apr | J84: =+I84 -> Apr | K84: =+J84 -> Apr | L84: =+K84 -> Apr | M84: =+L84 -> Apr
G85: =+$G$5 -> 3 | H85: =+$H$5 -> 10 | I85: =+$I$5 -> 17 | J85: =+$J$5 -> 24 | K85: =+$K$5 -> 0 | L85: Total | M85: Average
C87: Church Attendance: | G87: =SUM(G88:G91) -> 116 | H87: =SUM(H88:H91) -> 102 | I87: =SUM(I88:I91) -> 296 | J87: =SUM(J88:J91) -> 145 | K87: =SUM(K88:K91) -> 0 | L87: =SUM(L88:L91) -> 659 | M87: =ROUND((L87/$E$1),0) -> 165
D88: Men | G88: 8 | H88: 7 | I88: 55 | J88: 7 | L88: =SUM(G88:K88) -> 77 | M88: =ROUND((L88/$E$1),0) -> 19
D89: Women | G89: 12 | H89: 12 | I89: 72 | J89: 13 | L89: =SUM(G89:K89) -> 109 | M89: =ROUND((L89/$E$1),0) -> 27
D90: Youth | G90: 40 | H90: 44 | I90: 169 | J90: 49 | L90: =SUM(G90:K90) -> 302 | M90: =ROUND((L90/$E$1),0) -> 76
D91: Children | G91: 56 | H91: 39 | I91: 0 | J91: 76 | L91: =SUM(G91:K91) -> 171 | M91: =ROUND((L91/$E$1),0) -> 43
C92: Salvations | L92: =SUM(G92:K92) -> 0 | M92: =ROUND((L92/$E$1),0) -> 0
C93: Baptisms | L93: =SUM(G93:K93) -> 0 | M93: =ROUND((L93/$E$1),0) -> 0
C94: Home Visits | L94: =SUM(G94:K94) -> 0 | M94: =ROUND((L94/$E$1),0) -> 0
C95: Meals / Food Packs | L95: =SUM(G95:K95) -> 0 | M95: =ROUND((L95/$E$1),0) -> 0
C96: Preschool Attendance | L96: =SUM(G96:K96) -> 0 | M96: =ROUND((L96/$E$1),0) -> 0
A99: =+A83+1 -> 6 | C99: Ngwempisi | G99: =+$G$3 -> 2022 | H99: =+G99 -> 2022 | I99: =+H99 -> 2022 | J99: =+I99 -> 2022 | K99: =+J99 -> 2022 | L99: =+K99 -> 2022 | M99: =+L99 -> 2022
C100: =+$C84 -> April 2022 | G100: =+$G$4 -> Apr | H100: =+G100 -> Apr | I100: =+H100 -> Apr | J100: =+I100 -> Apr | K100: =+J100 -> Apr | L100: =+K100 -> Apr | M100: =+L100 -> Apr
G101: =+$G$5 -> 3 | H101: =+$H$5 -> 10 | I101: =+$I$5 -> 17 | J101: =+$J$5 -> 24 | K101: =+$K$5 -> 0 | L101: Total | M101: Average
C103: Church Attendance: | G103: =SUM(G104:G107) -> 37 | H103: =SUM(H104:H107) -> 24 | I103: =SUM(I104:I107) -> 0 | J103: =SUM(J104:J107) -> 58 | K103: =SUM(K104:K107) -> 0 | L103: =SUM(L104:L107) -> 119 | M103: =ROUND((L103/$E$1),0) -> 30
D104: Men | G104: 1 | H104: 1 | J104: 1 | L104: =SUM(G104:K104) -> 3 | M104: =ROUND((L104/$E$1),0) -> 1
D105: Women | G105: 11 | H105: 8 | J105: 15 | L105: =SUM(G105:K105) -> 34 | M105: =ROUND((L105/$E$1),0) -> 9
D106: Youth | G106: 7 | H106: 5 | J106: 17 | L106: =SUM(G106:K106) -> 29 | M106: =ROUND((L106/$E$1),0) -> 7
D107: Children | G107: 18 | H107: 10 | J107: 25 | L107: =SUM(G107:K107) -> 53 | M107: =ROUND((L107/$E$1),0) -> 13
C108: Salvations | L108: =SUM(G108:K108) -> 0 | M108: =ROUND((L108/$E$1),0) -> 0
C109: Baptisms | L109: =SUM(G109:K109) -> 0 | M109: =ROUND((L109/$E$1),0) -> 0
C110: Home Visits | L110: =SUM(G110:K110) -> 0 | M110: =ROUND((L110/$E$1),0) -> 0
C111: Meals / Food Packs | L111: =SUM(G111:K111) -> 0 | M111: =ROUND((L111/$E$1),0) -> 0
C112: Preschool Attendance | L112: =SUM(G112:K112) -> 0 | M112: =ROUND((L112/$E$1),0) -> 0
A115: =+A99+1 -> 7 | C115: Gebeni | G115: =+$G$3 -> 2022 | H115: =+G115 -> 2022 | I115: =+H115 -> 2022 | J115: =+I115 -> 2022 | K115: =+J115 -> 2022 | L115: =+K115 -> 2022 | M115: =+L115 -> 2022
C116: =+$C100 -> April 2022 | G116: =+$G$4 -> Apr | H116: =+G116 -> Apr | I116: =+H116 -> Apr | J116: =+I116 -> Apr | K116: =+J116 -> Apr | L116: =+K116 -> Apr | M116: =+L116 -> Apr
G117: =+$G$5 -> 3 | H117: =+$H$5 -> 10 | I117: =+$I$5 -> 17 | J117: =+$J$5 -> 24 | K117: =+$K$5 -> 0 | L117: Total | M117: Average
C119: Church Attendance: | G119: =SUM(G120:G123) -> 29 | H119: =SUM(H120:H123) -> 23 | I119: =SUM(I120:I123) -> 0 | J119: =SUM(J120:J123) -> 42 | K119: =SUM(K120:K123) -> 0 | L119: =SUM(L120:L123) -> 94 | M119: =ROUND((L119/$E$1),0) -> 24
D120: Men | G120: 1 | H120: 2 | J120: 1 | L120: =SUM(G120:K120) -> 4 | M120: =ROUND((L120/$E$1),0) -> 1
D121: Women | G121: 2 | H121: 6 | J121: 14 | L121: =SUM(G121:K121) -> 22 | M121: =ROUND((L121/$E$1),0) -> 6
D122: Youth | G122: 14 | H122: 12 | J122: 12 | L122: =SUM(G122:K122) -> 38 | M122: =ROUND((L122/$E$1),0) -> 10
D123: Children | G123: 12 | H123: 3 | J123: 15 | L123: =SUM(G123:K123) -> 30 | M123: =ROUND((L123/$E$1),0) -> 8
...

Sheet May22
D1: Number of Sundays | E1: 5 | S1: ICBC | T1: Total Church Attendance | U1: Total Home Visits
C3: Total ICBC | G3: 2022 | H3: =+G3 -> 2022 | I3: =+H3 -> 2022 | J3: =+I3 -> 2022 | K3: =+J3 -> 2022 | L3: =+K3 -> 2022 | M3: =+L3 -> 2022
C4: May 2022 | G4: May | H4: =+G4 -> May | I4: =+H4 -> May | J4: =+I4 -> May | K4: =+J4 -> May | L4: =+K4 -> May | M4: =+L4 -> May
G5: 1 | H5: 8 | I5: 15 | J5: 22 | K5: 29 | L5: Total | M5: Average
C7: Church Attendance: | G7: =SUM(G8:G11) -> 1614 | H7: =SUM(H8:H11) -> 1873 | I7: =SUM(I8:I11) -> 1514 | J7: =SUM(J8:J11) -> 1588 | K7: =SUM(K8:K11) -> 1784 | L7: =SUM(L8:L11) -> 8373 | M7: =ROUND((L7/$E$1),0) -> 1675
D8: Men | G8: =+G24+G40+G56+G72+G88+G104+G120+G136+G152+G168+G184+G200+G216+G232+G248+G264+G280+G296+G312+G328+G344+G360+G376+G392+G408+G424+G440+G456+G472+G488 -> 114 | H8: =+H24+H40+H56+H72+H88+H104+H120+H136+H152+H168+H184+H200+H216+H232+H248+H264+H280+H296+H312+H328+H344+H360+H376+H392+H408+H424+H440+H456+H472+H488 -> 129 | I8: =+I24+I40+I56+I72+I88+I104+I120+I136+I152+I168+I184+I200+I216+I232+I248+I264+I280+I296+I312+I328+I344+I360+I376+I392+I408+I424+I440+I456+I472+I488 -> 117 | J8: =+J24+J40+J56+J72+J88+J104+J120+J136+J152+J168+J184+J200+J216+J232+J248+J264+J280+J296+J312+J328+J344+J360+J376+J392+J408+J424+J440+J456+J472+J488 -> 146 | K8: =+K24+K40+K56+K72+K88+K104+K120+K136+K152+K168+K184+K200+K216+K232+K248+K264+K280+K296+K312+K328+K344+K360+K376+K392+K408+K424+K440+K456+K472+K488 -> 135 | L8: =SUM(G8:K8) -> 641 | M8: =ROUND((L8/$E$1),0) -> 128
D9: Women | G9: =+G25+G41+G57+G73+G89+G105+G121+G137+G153+G169+G185+G201+G217+G233+G249+G265+G281+G297+G313+G329+G345+G361+G377+G393+G409+G425+G441+G457+G473+G489 -> 300 | H9: =+H25+H41+H57+H73+H89+H105+H121+H137+H153+H169+H185+H201+H217+H233+H249+H265+H281+H297+H313+H329+H345+H361+H377+H393+H409+H425+H441+H457+H473+H489 -> 328 | I9: =+I25+I41+I57+I73+I89+I105+I121+I137+I153+I169+I185+I201+I217+I233+I249+I265+I281+I297+I313+I329+I345+I361+I377+I393+I409+I425+I441+I457+I473+I489 -> 276 | J9: =+J25+J41+J57+J73+J89+J105+J121+J137+J153+J169+J185+J201+J217+J233+J249+J265+J281+J297+J313+J329+J345+J361+J377+J393+J409+J425+J441+J457+J473+J489 -> 311 | K9: =+K25+K41+K57+K73+K89+K105+K121+K137+K153+K169+K185+K201+K217+K233+K249+K265+K281+K297+K313+K329+K345+K361+K377+K393+K409+K425+K441+K457+K473+K489 -> 350 | L9: =SUM(G9:K9) -> 1565 | M9: =ROUND((L9/$E$1),0) -> 313
D10: Youth | G10: =+G26+G42+G58+G74+G90+G106+G122+G138+G154+G170+G186+G202+G218+G234+G250+G266+G282+G298+G314+G330+G346+G362+G378+G394+G410+G426+G442+G458+G474+G490 -> 448 | H10: =+H26+H42+H58+H74+H90+H106+H122+H138+H154+H170+H186+H202+H218+H234+H250+H266+H282+H298+H314+H330+H346+H362+H378+H394+H410+H426+H442+H458+H474+H490 -> 497 | I10: =+I26+I42+I58+I74+I90+I106+I122+I138+I154+I170+I186+I202+I218+I234+I250+I266+I282+I298+I314+I330+I346+I362+I378+I394+I410+I426+I442+I458+I474+I490 -> 430 | J10: =+J26+J42+J58+J74+J90+J106+J122+J138+J154+J170+J186+J202+J218+J234+J250+J266+J282+J298+J314+J330+J346+J362+J378+J394+J410+J426+J442+J458+J474+J490 -> 425 | K10: =+K26+K42+K58+K74+K90+K106+K122+K138+K154+K170+K186+K202+K218+K234+K250+K266+K282+K298+K314+K330+K346+K362+K378+K394+K410+K426+K442+K458+K474+K490 -> 469 | L10: =SUM(G10:K10) -> 2269 | M10: =ROUND((L10/$E$1),0) -> 454
D11: Children | G11: =+G27+G43+G59+G75+G91+G107+G123+G139+G155+G171+G187+G203+G219+G235+G251+G267+G283+G299+G315+G331+G347+G363+G379+G395+G411+G427+G443+G459+G475+G491 -> 752 | H11: =+H27+H43+H59+H75+H91+H107+H123+H139+H155+H171+H187+H203+H219+H235+H251+H267+H283+H299+H315+H331+H347+H363+H379+H395+H411+H427+H443+H459+H475+H491 -> 919 | I11: =+I27+I43+I59+I75+I91+I107+I123+I139+I155+I171+I187+I203+I219+I235+I251+I267+I283+I299+I315+I331+I347+I363+I379+I395+I411+I427+I443+I459+I475+I491 -> 691 | J11: =+J27+J43+J59+J75+J91+J107+J123+J139+J155+J171+J187+J203+J219+J235+J251+J267+J283+J299+J315+J331+J347+J363+J379+J395+J411+J427+J443+J459+J475+J491 -> 706 | K11: =+K27+K43+K59+K75+K91+K107+K123+K139+K155+K171+K187+K203+K219+K235+K251+K267+K283+K299+K315+K331+K347+K363+K379+K395+K411+K427+K443+K459+K475+K491 -> 830 | L11: =SUM(G11:K11) -> 3898 | M11: =ROUND((L11/$E$1),0) -> 780
C12: Salvations | G12: =+G28+G44+G60+G76+G92+G108+G124+G140+G156+G172+G188+G204+G220+G236+G252+G268+G284+G300+G316+G332+G348+G364+G380+G396+G412+G428+G444+G460+G476+G492 -> 27 | H12: =+H28+H44+H60+H76+H92+H108+H124+H140+H156+H172+H188+H204+H220+H236+H252+H268+H284+H300+H316+H332+H348+H364+H380+H396+H412+H428+H444+H460+H476+H492 -> 34 | I12: =+I28+I44+I60+I76+I92+I108+I124+I140+I156+I172+I188+I204+I220+I236+I252+I268+I284+I300+I316+I332+I348+I364+I380+I396+I412+I428+I444+I460+I476+I492 -> 28 | J12: =+J28+J44+J60+J76+J92+J108+J124+J140+J156+J172+J188+J204+J220+J236+J252+J268+J284+J300+J316+J332+J348+J364+J380+J396+J412+J428+J444+J460+J476+J492 -> 19 | K12: =+K28+K44+K60+K76+K92+K108+K124+K140+K156+K172+K188+K204+K220+K236+K252+K268+K284+K300+K316+K332+K348+K364+K380+K396+K412+K428+K444+K460+K476+K492 -> 12 | L12: =SUM(G12:K12) -> 120 | M12: =ROUND((L12/$E$1),0) -> 24
C13: Baptisms | G13: =+G29+G45+G61+G77+G93+G109+G125+G141+G157+G173+G189+G205+G221+G237+G253+G269+G285+G301+G317+G333+G349+G365+G381+G397+G413+G429+G445+G461+G477+G493 -> 0 | H13: =+H29+H45+H61+H77+H93+H109+H125+H141+H157+H173+H189+H205+H221+H237+H253+H269+H285+H301+H317+H333+H349+H365+H381+H397+H413+H429+H445+H461+H477+H493 -> 0 | I13: =+I29+I45+I61+I77+I93+I109+I125+I141+I157+I173+I189+I205+I221+I237+I253+I269+I285+I301+I317+I333+I349+I365+I381+I397+I413+I429+I445+I461+I477+I493 -> 0 | J13: =+J29+J45+J61+J77+J93+J109+J125+J141+J157+J173+J189+J205+J221+J237+J253+J269+J285+J301+J317+J333+J349+J365+J381+J397+J413+J429+J445+J461+J477+J493 -> 0 | K13: =+K29+K45+K61+K77+K93+K109+K125+K141+K157+K173+K189+K205+K221+K237+K253+K269+K285+K301+K317+K333+K349+K365+K381+K397+K413+K429+K445+K461+K477+K493 -> 0 | L13: =SUM(G13:K13) -> 0 | M13: =ROUND((L13/$E$1),0) -> 0
C14: Home Visits | G14: =+G30+G46+G62+G78+G94+G110+G126+G142+G158+G174+G190+G206+G222+G238+G254+G270+G286+G302+G318+G334+G350+G366+G382+G398+G414+G430+G446+G462+G478+G494 -> 77 | H14: =+H30+H46+H62+H78+H94+H110+H126+H142+H158+H174+H190+H206+H222+H238+H254+H270+H286+H302+H318+H334+H350+H366+H382+H398+H414+H430+H446+H462+H478+H494 -> 70 | I14: =+I30+I46+I62+I78+I94+I110+I126+I142+I158+I174+I190+I206+I222+I238+I254+I270+I286+I302+I318+I334+I350+I366+I382+I398+I414+I430+I446+I462+I478+I494 -> 67 | J14: =+J30+J46+J62+J78+J94+J110+J126+J142+J158+J174+J190+J206+J222+J238+J254+J270+J286+J302+J318+J334+J350+J366+J382+J398+J414+J430+J446+J462+J478+J494 -> 46 | K14: =+K30+K46+K62+K78+K94+K110+K126+K142+K158+K174+K190+K206+K222+K238+K254+K270+K286+K302+K318+K334+K350+K366+K382+K398+K414+K430+K446+K462+K478+K494 -> 69 | L14: =SUM(G14:K14) -> 329 | M14: =ROUND((L14/$E$1),0) -> 66
C15: Meals / Food Packs | G15: =+G31+G47+G63+G79+G95+G111+G127+G143+G159+G175+G191+G207+G223+G239+G255+G271+G287+G303+G319+G335+G351+G367+G383+G399+G415+G431+G447+G463+G479+G495 -> 809 | H15: =+H31+H47+H63+H79+H95+H111+H127+H143+H159+H175+H191+H207+H223+H239+H255+H271+H287+H303+H319+H335+H351+H367+H383+H399+H415+H431+H447+H463+H479+H495 -> 431 | I15: =+I31+I47+I63+I79+I95+I111+I127+I143+I159+I175+I191+I207+I223+I239+I255+I271+I287+I303+I319+I335+I351+I367+I383+I399+I415+I431+I447+I463+I479+I495 -> 567 | J15: =+J31+J47+J63+J79+J95+J111+J127+J143+J159+J175+J191+J207+J223+J239+J255+J271+J287+J303+J319+J335+J351+J367+J383+J399+J415+J431+J447+J463+J479+J495 -> 525 | K15: =+K31+K47+K63+K79+K95+K111+K127+K143+K159+K175+K191+K207+K223+K239+K255+K271+K287+K303+K319+K335+K351+K367+K383+K399+K415+K431+K447+K463+K479+K495 -> 451 | L15: =SUM(G15:K15) -> 2783 | M15: =ROUND((L15/$E$1),0) -> 557
C16: Preschool Attendance | G16: =+G32+G48+G64+G80+G96+G112+G128+G144+G160+G176+G192+G208+G224+G240+G256+G272+G288+G304+G320+G336+G352+G368+G384+G400+G416+G432+G448+G464+G480+G496 -> 214 | H16: =+H32+H48+H64+H80+H96+H112+H128+H144+H160+H176+H192+H208+H224+H240+H256+H272+H288+H304+H320+H336+H352+H368+H384+H400+H416+H432+H448+H464+H480+H496 -> 209 | I16: =+I32+I48+I64+I80+I96+I112+I128+I144+I160+I176+I192+I208+I224+I240+I256+I272+I288+I304+I320+I336+I352+I368+I384+I400+I416+I432+I448+I464+I480+I496 -> 312 | J16: =+J32+J48+J64+J80+J96+J112+J128+J144+J160+J176+J192+J208+J224+J240+J256+J272+J288+J304+J320+J336+J352+J368+J384+J400+J416+J432+J448+J464+J480+J496 -> 212 | K16: =+K32+K48+K64+K80+K96+K112+K128+K144+K160+K176+K192+K208+K224+K240+K256+K272+K288+K304+K320+K336+K352+K368+K384+K400+K416+K432+K448+K464+K480+K496 -> 257 | L16: =SUM(G16:K16) -> 1204 | M16: =ROUND((L16/$E$1),0) -> 241
A19: 1 | C19: Hawane CLC Church | G19: =+$G$3 -> 2022 | H19: =+G19 -> 2022 | I19: =+H19 -> 2022 | J19: =+I19 -> 2022 | K19: =+J19 -> 2022 | L19: =+K19 -> 2022 | M19: =+L19 -> 2022 | S19: =+C19 -> Hawane CLC Church | T19: =+L23 -> 658 | U19: =+L30 -> 0
C20: =+$C4 -> May 2022 | G20: =+$G$4 -> May | H20: =+G20 -> May | I20: =+H20 -> May | J20: =+I20 -> May | K20: =+J20 -> May | L20: =+K20 -> May | M20: =+L20 -> May
G21: =+$G$5 -> 1 | H21: =+$H$5 -> 8 | I21: =+$I$5 -> 15 | J21: =+$J$5 -> 22 | K21: =+$K$5 -> 29 | L21: Total | M21: Average
C23: Church Attendance: | G23: =SUM(G24:G27) -> 146 | H23: =SUM(H24:H27) -> 167 | I23: =SUM(I24:I27) -> 107 | J23: =SUM(J24:J27) -> 114 | K23: =SUM(K24:K27) -> 124 | L23: =SUM(L24:L27) -> 658 | M23: =ROUND((L23/$E$1),0) -> 132
D24: Men | G24: 9 | H24: 14 | I24: 9 | J24: 8 | K24: 7 | L24: =SUM(G24:K24) -> 47 | M24: =ROUND((L24/$E$1),0) -> 9
D25: Women | G25: 25 | H25: 20 | I25: 18 | J25: 21 | K25: 25 | L25: =SUM(G25:K25) -> 109 | M25: =ROUND((L25/$E$1),0) -> 22
D26: Youth | G26: 46 | H26: 63 | I26: 42 | J26: 43 | K26: 50 | L26: =SUM(G26:K26) -> 244 | M26: =ROUND((L26/$E$1),0) -> 49
D27: Children | G27: 66 | H27: 70 | I27: 38 | J27: 42 | K27: 42 | L27: =SUM(G27:K27) -> 258 | M27: =ROUND((L27/$E$1),0) -> 52
C28: Salvations | L28: =SUM(G28:K28) -> 0 | M28: =ROUND((L28/$E$1),0) -> 0
C29: Baptisms | L29: =SUM(G29:K29) -> 0 | M29: =ROUND((L29/$E$1),0) -> 0
C30: Home Visits | L30: =SUM(G30:K30) -> 0 | M30: =ROUND((L30/$E$1),0) -> 0
C31: Meals / Food Packs | L31: =SUM(G31:K31) -> 0 | M31: =ROUND((L31/$E$1),0) -> 0
C32: Preschool Attendance | L32: =SUM(G32:K32) -> 0 | M32: =ROUND((L32/$E$1),0) -> 0
A35: =+A19+1 -> 2 | C35: Ngwenya | G35: =+$G$3 -> 2022 | H35: =+G35 -> 2022 | I35: =+H35 -> 2022 | J35: =+I35 -> 2022 | K35: =+J35 -> 2022 | L35: =+K35 -> 2022 | M35: =+L35 -> 2022 | S35: =+C35 -> Ngwenya | T35: =+L39 -> 261 | U35: =+L46 -> 13
C36: =+$C20 -> May 2022 | G36: =+$G$4 -> May | H36: =+G36 -> May | I36: =+H36 -> May | J36: =+I36 -> May | K36: =+J36 -> May | L36: =+K36 -> May | M36: =+L36 -> May
G37: =+$G$5 -> 1 | H37: =+$H$5 -> 8 | I37: =+$I$5 -> 15 | J37: =+$J$5 -> 22 | K37: =+$K$5 -> 29 | L37: Total | M37: Average
C39: Church Attendance: | G39: =SUM(G40:G43) -> 45 | H39: =SUM(H40:H43) -> 68 | I39: =SUM(I40:I43) -> 45 | J39: =SUM(J40:J43) -> 46 | K39: =SUM(K40:K43) -> 57 | L39: =SUM(L40:L43) -> 261 | M39: =ROUND((L39/$E$1),0) -> 52
D40: Men | G40: 4 | H40: 6 | I40: 4 | J40: 3 | K40: 4 | L40: =SUM(G40:K40) -> 21 | M40: =ROUND((L40/$E$1),0) -> 4
D41: Women | G41: 8 | H41: 14 | I41: 8 | J41: 10 | K41: 14 | L41: =SUM(G41:K41) -> 54 | M41: =ROUND((L41/$E$1),0) -> 11
D42: Youth | G42: 13 | H42: 20 | I42: 13 | J42: 13 | K42: 15 | L42: =SUM(G42:K42) -> 74 | M42: =ROUND((L42/$E$1),0) -> 15
D43: Children | G43: 20 | H43: 28 | I43: 20 | J43: 20 | K43: 24 | L43: =SUM(G43:K43) -> 112 | M43: =ROUND((L43/$E$1),0) -> 22
C44: Salvations | H44: 3 | I44: 1 | J44: 3 | L44: =SUM(G44:K44) -> 7 | M44: =ROUND((L44/$E$1),0) -> 1
C45: Baptisms | L45: =SUM(G45:K45) -> 0 | M45: =ROUND((L45/$E$1),0) -> 0
C46: Home Visits | G46: 4 | H46: 4 | I46: 2 | J46: 2 | K46: 1 | L46: =SUM(G46:K46) -> 13 | M46: =ROUND((L46/$E$1),0) -> 3
C47: Meals / Food Packs | G47: 3 | H47: 2 | I47: 3 | J47: 3 | K47: 3 | L47: =SUM(G47:K47) -> 14 | M47: =ROUND((L47/$E$1),0) -> 3
C48: Preschool Attendance | L48: =SUM(G48:K48) -> 0 | M48: =ROUND((L48/$E$1),0) -> 0
A51: =+A35+1 -> 3 | C51: Lavumisa | G51: =+$G$3 -> 2022 | H51: =+G51 -> 2022 | I51: =+H51 -> 2022 | J51: =+I51 -> 2022 | K51: =+J51 -> 2022 | L51: =+K51 -> 2022 | M51: =+L51 -> 2022 | S51: =+C51 -> Lavumisa | T51: =+L55 -> 317 | U51: =+L62 -> 0
C52: =+$C36 -> May 2022 | G52: =+$G$4 -> May | H52: =+G52 -> May | I52: =+H52 -> May | J52: =+I52 -> May | K52: =+J52 -> May | L52: =+K52 -> May | M52: =+L52 -> May
G53: =+$G$5 -> 1 | H53: =+$H$5 -> 8 | I53: =+$I$5 -> 15 | J53: =+$J$5 -> 22 | K53: =+$K$5 -> 29 | L53: Total | M53: Average
C55: Church Attendance: | G55: =SUM(G56:G59) -> 53 | H55: =SUM(H56:H59) -> 55 | I55: =SUM(I56:I59) -> 56 | J55: =SUM(J56:J59) -> 81 | K55: =SUM(K56:K59) -> 72 | L55: =SUM(L56:L59) -> 317 | M55: =ROUND((L55/$E$1),0) -> 63
D56: Men | G56: 3 | H56: 2 | I56: 3 | J56: 4 | K56: 3 | L56: =SUM(G56:K56) -> 15 | M56: =ROUND((L56/$E$1),0) -> 3
D57: Women | G57: 14 | H57: 13 | I57: 14 | J57: 27 | K57: 15 | L57: =SUM(G57:K57) -> 83 | M57: =ROUND((L57/$E$1),0) -> 17
D58: Youth | G58: 12 | H58: 16 | I58: 21 | J58: 16 | K58: 20 | L58: =SUM(G58:K58) -> 85 | M58: =ROUND((L58/$E$1),0) -> 17
D59: Children | G59: 24 | H59: 24 | I59: 18 | J59: 34 | K59: 34 | L59: =SUM(G59:K59) -> 134 | M59: =ROUND((L59/$E$1),0) -> 27
C60: Salvations | L60: =SUM(G60:K60) -> 0 | M60: =ROUND((L60/$E$1),0) -> 0
C61: Baptisms | L61: =SUM(G61:K61) -> 0 | M61: =ROUND((L61/$E$1),0) -> 0
C62: Home Visits | L62: =SUM(G62:K62) -> 0 | M62: =ROUND((L62/$E$1),0) -> 0
C63: Meals / Food Packs | L63: =SUM(G63:K63) -> 0 | M63: =ROUND((L63/$E$1),0) -> 0
C64: Preschool Attendance | L64: =SUM(G64:K64) -> 0 | M64: =ROUND((L64/$E$1),0) -> 0
A67: =+A51+1 -> 4 | C67: Engcamini | G67: =+$G$3 -> 2022 | H67: =+G67 -> 2022 | I67: =+H67 -> 2022 | J67: =+I67 -> 2022 | K67: =+J67 -> 2022 | L67: =+K67 -> 2022 | M67: =+L67 -> 2022 | P67: No Service - 29 May 2022 | S67: =+C67 -> Engcamini | T67: =+L71 -> 323 | U67: =+L78 -> 0
C68: =+$C52 -> May 2022 | G68: =+$G$4 -> May | H68: =+G68 -> May | I68: =+H68 -> May | J68: =+I68 -> May | K68: =+J68 -> May | L68: =+K68 -> May | M68: =+L68 -> May
G69: =+$G$5 -> 1 | H69: =+$H$5 -> 8 | I69: =+$I$5 -> 15 | J69: =+$J$5 -> 22 | K69: =+$K$5 -> 29 | L69: Total | M69: Average
C71: Church Attendance: | G71: =SUM(G72:G75) -> 78 | H71: =SUM(H72:H75) -> 78 | I71: =SUM(I72:I75) -> 82 | J71: =SUM(J72:J75) -> 85 | K71: =SUM(K72:K75) -> 0 | L71: =SUM(L72:L75) -> 323 | M71: =ROUND((L71/$E$1),0) -> 65
D72: Men | G72: 3 | H72: 5 | I72: 6 | J72: 5 | L72: =SUM(G72:K72) -> 19 | M72: =ROUND((L72/$E$1),0) -> 4
D73: Women | G73: 13 | H73: 9 | I73: 9 | J73: 13 | L73: =SUM(G73:K73) -> 44 | M73: =ROUND((L73/$E$1),0) -> 9
D74: Youth | G74: 19 | H74: 14 | I74: 14 | J74: 12 | L74: =SUM(G74:K74) -> 59 | M74: =ROUND((L74/$E$1),0) -> 12
D75: Children | G75: 43 | H75: 50 | I75: 53 | J75: 55 | L75: =SUM(G75:K75) -> 201 | M75: =ROUND((L75/$E$1),0) -> 40
C76: Salvations | J76: 1 | L76: =SUM(G76:K76) -> 1 | M76: =ROUND((L76/$E$1),0) -> 0
C77: Baptisms | L77: =SUM(G77:K77) -> 0 | M77: =ROUND((L77/$E$1),0) -> 0
C78: Home Visits | L78: =SUM(G78:K78) -> 0 | M78: =ROUND((L78/$E$1),0) -> 0
C79: Meals / Food Packs | G79: 144 | H79: 180 | I79: 144 | J79: 90 | L79: =SUM(G79:K79) -> 558 | M79: =ROUND((L79/$E$1),0) -> 112
C80: Preschool Attendance | L80: =SUM(G80:K80) -> 0 | M80: =ROUND((L80/$E$1),0) -> 0
A83: =+A67+1 -> 5 | C83: Pine Valley | G83: =+$G$3 -> 2022 | H83: =+G83 -> 2022 | I83: =+H83 -> 2022 | J83: =+I83 -> 2022 | K83: =+J83 -> 2022 | L83: =+K83 -> 2022 | M83: =+L83 -> 2022 | S83: =+C83 -> Pine Valley | T83: =+L87 -> 459 | U83: =+L94 -> 0
C84: =+$C68 -> May 2022 | G84: =+$G$4 -> May | H84: =+G84 -> May | I84: =+H84 -> May | J84: =+I84 -> May | K84: =+J84 -> May | L84: =+K84 -> May | M84: =+L84 -> May
G85: =+$G$5 -> 1 | H85: =+$H$5 -> 8 | I85: =+$I$5 -> 15 | J85: =+$J$5 -> 22 | K85: =+$K$5 -> 29 | L85: Total | M85: Average
C87: Church Attendance: | G87: =SUM(G88:G91) -> 102 | H87: =SUM(H88:H91) -> 116 | I87: =SUM(I88:I91) -> 64 | J87: =SUM(J88:J91) -> 65 | K87: =SUM(K88:K91) -> 112 | L87: =SUM(L88:L91) -> 459 | M87: =ROUND((L87/$E$1),0) -> 92
D88: Men | G88: 7 | H88: 8 | I88: 8 | J88: 7 | K88: 9 | L88: =SUM(G88:K88) -> 39 | M88: =ROUND((L88/$E$1),0) -> 8
D89: Women | G89: 12 | H89: 12 | I89: 19 | J89: 12 | K89: 30 | L89: =SUM(G89:K89) -> 85 | M89: =ROUND((L89/$E$1),0) -> 17
D90: Youth | G90: 44 | H90: 40 | I90: 37 | J90: 26 | K90: 40 | L90: =SUM(G90:K90) -> 187 | M90: =ROUND((L90/$E$1),0) -> 37
D91: Children | G91: 39 | H91: 56 | J91: 20 | K91: 33 | L91: =SUM(G91:K91) -> 148 | M91: =ROUND((L91/$E$1),0) -> 30
C92: Salvations | L92: =SUM(G92:K92) -> 0 | M92: =ROUND((L92/$E$1),0) -> 0
C93: Baptisms | L93: =SUM(G93:K93) -> 0 | M93: =ROUND((L93/$E$1),0) -> 0
C94: Home Visits | L94: =SUM(G94:K94) -> 0 | M94: =ROUND((L94/$E$1),0) -> 0
C95: Meals / Food Packs | L95: =SUM(G95:K95) -> 0 | M95: =ROUND((L95/$E$1),0) -> 0
C96: Preschool Attendance | L96: =SUM(G96:K96) -> 0 | M96: =ROUND((L96/$E$1),0) -> 0
A99: =+A83+1 -> 6 | C99: Ngwempisi | G99: =+$G$3 -> 2022 | H99: =+G99 -> 2022 | I99: =+H99 -> 2022 | J99: =+I99 -> 2022 | K99: =+J99 -> 2022 | L99: =+K99 -> 2022 | M99: =+L99 -> 2022 | S99: =+C99 -> Ngwempisi | T99: =+L103 -> 347 | U99: =+L110 -> 0
C100: =+$C84 -> May 2022 | G100: =+$G$4 -> May | H100: =+G100 -> May | I100: =+H100 -> May | J100: =+I100 -> May | K100: =+J100 -> May | L100: =+K100 -> May | M100: =+L100 -> May
G101: =+$G$5 -> 1 | H101: =+$H$5 -> 8 | I101: =+$I$5 -> 15 | J101: =+$J$5 -> 22 | K101: =+$K$5 -> 29 | L101: Total | M101: Average
C103: Church Attendance: | G103: =SUM(G104:G107) -> 67 | H103: =SUM(H104:H107) -> 76 | I103: =SUM(I104:I107) -> 58 | J103: =SUM(J104:J107) -> 65 | K103: =SUM(K104:K107) -> 81 | L103: =SUM(L104:L107) -> 347 | M103: =ROUND((L103/$E$1),0) -> 69
D104: Men | G104: 1 | H104: 2 | I104: 1 | J104: 2 | K104: 2 | L104: =SUM(G104:K104) -> 8 | M104: =ROUND((L104/$E$1),0) -> 2
D105: Women | G105: 13 | H105: 18 | I105: 13 | J105: 18 | K105: 18 | L105: =SUM(G105:K105) -> 80 | M105: =ROUND((L105/$E$1),0) -> 16
D106: Youth | G106: 17 | H106: 18 | I106: 20 | J106: 17 | K106: 27 | L106: =SUM(G106:K106) -> 99 | M106: =ROUND((L106/$E$1),0) -> 20
D107: Children | G107: 36 | H107: 38 | I107: 24 | J107: 28 | K107: 34 | L107: =SUM(G107:K107) -> 160 | M107: =ROUND((L107/$E$1),0) -> 32
C108: Salvations | L108: =SUM(G108:K108) -> 0 | M108: =ROUND((L108/$E$1),0) -> 0
C109: Baptisms | L109: =SUM(G109:K109) -> 0 | M109: =ROUND((L109/$E$1),0) -> 0
C110: Home Visits | L110: =SUM(G110:K110) -> 0 | M110: =ROUND((L110/$E$1),0) -> 0
C111: Meals / Food Packs | L111: =SUM(G111:K111) -> 0 | M111: =ROUND((L111/$E$1),0) -> 0
C112: Preschool Attendance | L112: =SUM(G112:K112) -> 0 | M112: =ROUND((L112/$E$1),0) -> 0
A115: =+A99+1 -> 7 | C115: Gebeni | G115: =+$G$3 -> 2022 | H115: =+G115 -> 2022 | I115: =+H115 -> 2022 | J115: =+I115 -> 2022 | K115: =+J115 -> 2022 | L115: =+K115 -> 2022 | M115: =+L115 -> 2022 | S115: =+C115 -> Gebeni | T115: =+L119 -> 239 | U115: =+L126 -> 0
C116: =+$C100 -> May 2022 | G116: =+$G$4 -> May | H116: =+G116 -> May | I116: =+H116 -> May | J116: =+I116 -> May | K116: =+J116 -> May | L116: =+K116 -> May | M116: =+L116 -> May
G117: =+$G$5 -> 1 | H117: =+$H$5 -> 8 | I117: =+$I$5 -> 15 | J117: =+$J$5 -> 22 | K117: =+$K$5 -> 29 | L117: Total | M117: Average
C119: Church Attendance: | G119: =SUM(G120:G123) -> 43 | H119: =SUM(H120:H123) -> 54 | I119: =SUM(I120:I123) -> 34 | J119: =SUM(J120:J123) -> 55 | K119: =SUM(K120:K123) -> 53 | L119: =SUM(L120:L123) -> 239 | M119: =ROUND((L119/$E$1),0) -> 48
D120: Men | G120: 2 | H120: 3 | I120: 3 | J120: 3 | K120: 2 | L120: =SUM(G120:K120) -> 13 | M120: =ROUND((L120/$E$1),0) -> 3
D121: Women | G121: 10 | H121: 9 | I121: 9 | J121: 14 | K121: 11 | L121: =SUM(G121:K121) -> 53 | M121: =ROUND((L121/$E$1),0) -> 11
D122: Youth | G122: 12 | H122: 14 | I122: 9 | J122: 14 | K122: 16 | L122: =SUM(G122:K122) -> 65 | M122: =ROUND((L122/$E$1),0) -> 13
D123: Children | G123: 19 | H123: 28 | I123: 13 | J123: 24 | K123: 24 | L123: =SUM(G123:K123) -> 108 | M123: =ROUND((L123/$E$1),0) -> 22
...

Sheet Jun22
D1: Number of Sundays | E1: 4 | S1: ICBC | T1: =+C7 -> Church Attendance: | U1: Adults | V1: Youth & Children | W1: Home Visits | X1: =+C12 -> Salvations
C3: Total ICBC | G3: 2022 | H3: =+G3 -> 2022 | I3: =+H3 -> 2022 | J3: =+I3 -> 2022 | K3: =+J3 -> 2022 | L3: =+K3 -> 2022 | M3: =+L3 -> 2022 | S3: =+C3 -> Total ICBC | T3: =+L7 -> 7258 | U3: =+L8+L9 -> 1825 | V3: =+L10+L11 -> 5433 | W3: =+L14 -> 296 | X3: =+L12 -> 109
C4: June 2022 | G4: Jun | H4: =+G4 -> Jun | I4: =+H4 -> Jun | J4: =+I4 -> Jun | K4: =+J4 -> Jun | L4: =+K4 -> Jun | M4: =+L4 -> Jun
G5: 5 | H5: 12 | I5: 19 | J5: 26 | L5: Total | M5: Average
C7: Church Attendance: | G7: =SUM(G8:G11) -> 1722 | H7: =SUM(H8:H11) -> 1931 | I7: =SUM(I8:I11) -> 1864 | J7: =SUM(J8:J11) -> 1741 | K7: =SUM(K8:K11) -> 0 | L7: =SUM(L8:L11) -> 7258 | M7: =ROUND((L7/$E$1),0) -> 1815
D8: Men | G8: =+G24+G40+G56+G72+G88+G104+G120+G136+G152+G168+G184+G200+G216+G232+G248+G264+G280+G296+G312+G328+G344+G360+G376+G392+G408+G424+G440+G456+G472+G488 -> 149 | H8: =+H24+H40+H56+H72+H88+H104+H120+H136+H152+H168+H184+H200+H216+H232+H248+H264+H280+H296+H312+H328+H344+H360+H376+H392+H408+H424+H440+H456+H472+H488 -> 159 | I8: =+I24+I40+I56+I72+I88+I104+I120+I136+I152+I168+I184+I200+I216+I232+I248+I264+I280+I296+I312+I328+I344+I360+I376+I392+I408+I424+I440+I456+I472+I488 -> 127 | J8: =+J24+J40+J56+J72+J88+J104+J120+J136+J152+J168+J184+J200+J216+J232+J248+J264+J280+J296+J312+J328+J344+J360+J376+J392+J408+J424+J440+J456+J472+J488 -> 125 | K8: =+K24+K40+K56+K72+K88+K104+K120+K136+K152+K168+K184+K200+K216+K232+K248+K264+K280+K296+K312+K328+K344+K360+K376+K392+K408+K424+K440+K456+K472+K488 -> 0 | L8: =SUM(G8:K8) -> 560 | M8: =ROUND((L8/$E$1),0) -> 140
D9: Women | G9: =+G25+G41+G57+G73+G89+G105+G121+G137+G153+G169+G185+G201+G217+G233+G249+G265+G281+G297+G313+G329+G345+G361+G377+G393+G409+G425+G441+G457+G473+G489 -> 303 | H9: =+H25+H41+H57+H73+H89+H105+H121+H137+H153+H169+H185+H201+H217+H233+H249+H265+H281+H297+H313+H329+H345+H361+H377+H393+H409+H425+H441+H457+H473+H489 -> 333 | I9: =+I25+I41+I57+I73+I89+I105+I121+I137+I153+I169+I185+I201+I217+I233+I249+I265+I281+I297+I313+I329+I345+I361+I377+I393+I409+I425+I441+I457+I473+I489 -> 315 | J9: =+J25+J41+J57+J73+J89+J105+J121+J137+J153+J169+J185+J201+J217+J233+J249+J265+J281+J297+J313+J329+J345+J361+J377+J393+J409+J425+J441+J457+J473+J489 -> 314 | K9: =+K25+K41+K57+K73+K89+K105+K121+K137+K153+K169+K185+K201+K217+K233+K249+K265+K281+K297+K313+K329+K345+K361+K377+K393+K409+K425+K441+K457+K473+K489 -> 0 | L9: =SUM(G9:K9) -> 1265 | M9: =ROUND((L9/$E$1),0) -> 316
D10: Youth | G10: =+G26+G42+G58+G74+G90+G106+G122+G138+G154+G170+G186+G202+G218+G234+G250+G266+G282+G298+G314+G330+G346+G362+G378+G394+G410+G426+G442+G458+G474+G490 -> 465 | H10: =+H26+H42+H58+H74+H90+H106+H122+H138+H154+H170+H186+H202+H218+H234+H250+H266+H282+H298+H314+H330+H346+H362+H378+H394+H410+H426+H442+H458+H474+H490 -> 516 | I10: =+I26+I42+I58+I74+I90+I106+I122+I138+I154+I170+I186+I202+I218+I234+I250+I266+I282+I298+I314+I330+I346+I362+I378+I394+I410+I426+I442+I458+I474+I490 -> 486 | J10: =+J26+J42+J58+J74+J90+J106+J122+J138+J154+J170+J186+J202+J218+J234+J250+J266+J282+J298+J314+J330+J346+J362+J378+J394+J410+J426+J442+J458+J474+J490 -> 419 | K10: =+K26+K42+K58+K74+K90+K106+K122+K138+K154+K170+K186+K202+K218+K234+K250+K266+K282+K298+K314+K330+K346+K362+K378+K394+K410+K426+K442+K458+K474+K490 -> 0 | L10: =SUM(G10:K10) -> 1886 | M10: =ROUND((L10/$E$1),0) -> 472
D11: Children | G11: =+G27+G43+G59+G75+G91+G107+G123+G139+G155+G171+G187+G203+G219+G235+G251+G267+G283+G299+G315+G331+G347+G363+G379+G395+G411+G427+G443+G459+G475+G491 -> 805 | H11: =+H27+H43+H59+H75+H91+H107+H123+H139+H155+H171+H187+H203+H219+H235+H251+H267+H283+H299+H315+H331+H347+H363+H379+H395+H411+H427+H443+H459+H475+H491 -> 923 | I11: =+I27+I43+I59+I75+I91+I107+I123+I139+I155+I171+I187+I203+I219+I235+I251+I267+I283+I299+I315+I331+I347+I363+I379+I395+I411+I427+I443+I459+I475+I491 -> 936 | J11: =+J27+J43+J59+J75+J91+J107+J123+J139+J155+J171+J187+J203+J219+J235+J251+J267+J283+J299+J315+J331+J347+J363+J379+J395+J411+J427+J443+J459+J475+J491 -> 883 | K11: =+K27+K43+K59+K75+K91+K107+K123+K139+K155+K171+K187+K203+K219+K235+K251+K267+K283+K299+K315+K331+K347+K363+K379+K395+K411+K427+K443+K459+K475+K491 -> 0 | L11: =SUM(G11:K11) -> 3547 | M11: =ROUND((L11/$E$1),0) -> 887
C12: Salvations | G12: =+G28+G44+G60+G76+G92+G108+G124+G140+G156+G172+G188+G204+G220+G236+G252+G268+G284+G300+G316+G332+G348+G364+G380+G396+G412+G428+G444+G460+G476+G492 -> 9 | H12: =+H28+H44+H60+H76+H92+H108+H124+H140+H156+H172+H188+H204+H220+H236+H252+H268+H284+H300+H316+H332+H348+H364+H380+H396+H412+H428+H444+H460+H476+H492 -> 33 | I12: =+I28+I44+I60+I76+I92+I108+I124+I140+I156+I172+I188+I204+I220+I236+I252+I268+I284+I300+I316+I332+I348+I364+I380+I396+I412+I428+I444+I460+I476+I492 -> 54 | J12: =+J28+J44+J60+J76+J92+J108+J124+J140+J156+J172+J188+J204+J220+J236+J252+J268+J284+J300+J316+J332+J348+J364+J380+J396+J412+J428+J444+J460+J476+J492 -> 13 | K12: =+K28+K44+K60+K76+K92+K108+K124+K140+K156+K172+K188+K204+K220+K236+K252+K268+K284+K300+K316+K332+K348+K364+K380+K396+K412+K428+K444+K460+K476+K492 -> 0 | L12: =SUM(G12:K12) -> 109 | M12: =ROUND((L12/$E$1),0) -> 27
C13: Baptisms | G13: =+G29+G45+G61+G77+G93+G109+G125+G141+G157+G173+G189+G205+G221+G237+G253+G269+G285+G301+G317+G333+G349+G365+G381+G397+G413+G429+G445+G461+G477+G493 -> 0 | H13: =+H29+H45+H61+H77+H93+H109+H125+H141+H157+H173+H189+H205+H221+H237+H253+H269+H285+H301+H317+H333+H349+H365+H381+H397+H413+H429+H445+H461+H477+H493 -> 0 | I13: =+I29+I45+I61+I77+I93+I109+I125+I141+I157+I173+I189+I205+I221+I237+I253+I269+I285+I301+I317+I333+I349+I365+I381+I397+I413+I429+I445+I461+I477+I493 -> 0 | J13: =+J29+J45+J61+J77+J93+J109+J125+J141+J157+J173+J189+J205+J221+J237+J253+J269+J285+J301+J317+J333+J349+J365+J381+J397+J413+J429+J445+J461+J477+J493 -> 0 | K13: =+K29+K45+K61+K77+K93+K109+K125+K141+K157+K173+K189+K205+K221+K237+K253+K269+K285+K301+K317+K333+K349+K365+K381+K397+K413+K429+K445+K461+K477+K493 -> 0 | L13: =SUM(G13:K13) -> 0 | M13: =ROUND((L13/$E$1),0) -> 0
C14: Home Visits | G14: =+G30+G46+G62+G78+G94+G110+G126+G142+G158+G174+G190+G206+G222+G238+G254+G270+G286+G302+G318+G334+G350+G366+G382+G398+G414+G430+G446+G462+G478+G494 -> 78 | H14: =+H30+H46+H62+H78+H94+H110+H126+H142+H158+H174+H190+H206+H222+H238+H254+H270+H286+H302+H318+H334+H350+H366+H382+H398+H414+H430+H446+H462+H478+H494 -> 62 | I14: =+I30+I46+I62+I78+I94+I110+I126+I142+I158+I174+I190+I206+I222+I238+I254+I270+I286+I302+I318+I334+I350+I366+I382+I398+I414+I430+I446+I462+I478+I494 -> 102 | J14: =+J30+J46+J62+J78+J94+J110+J126+J142+J158+J174+J190+J206+J222+J238+J254+J270+J286+J302+J318+J334+J350+J366+J382+J398+J414+J430+J446+J462+J478+J494 -> 54 | K14: =+K30+K46+K62+K78+K94+K110+K126+K142+K158+K174+K190+K206+K222+K238+K254+K270+K286+K302+K318+K334+K350+K366+K382+K398+K414+K430+K446+K462+K478+K494 -> 0 | L14: =SUM(G14:K14) -> 296 | M14: =ROUND((L14/$E$1),0) -> 74
C15: Meals / Food Packs | G15: =+G31+G47+G63+G79+G95+G111+G127+G143+G159+G175+G191+G207+G223+G239+G255+G271+G287+G303+G319+G335+G351+G367+G383+G399+G415+G431+G447+G463+G479+G495 -> 951 | H15: =+H31+H47+H63+H79+H95+H111+H127+H143+H159+H175+H191+H207+H223+H239+H255+H271+H287+H303+H319+H335+H351+H367+H383+H399+H415+H431+H447+H463+H479+H495 -> 540 | I15: =+I31+I47+I63+I79+I95+I111+I127+I143+I159+I175+I191+I207+I223+I239+I255+I271+I287+I303+I319+I335+I351+I367+I383+I399+I415+I431+I447+I463+I479+I495 -> 499 | J15: =+J31+J47+J63+J79+J95+J111+J127+J143+J159+J175+J191+J207+J223+J239+J255+J271+J287+J303+J319+J335+J351+J367+J383+J399+J415+J431+J447+J463+J479+J495 -> 411 | K15: =+K31+K47+K63+K79+K95+K111+K127+K143+K159+K175+K191+K207+K223+K239+K255+K271+K287+K303+K319+K335+K351+K367+K383+K399+K415+K431+K447+K463+K479+K495 -> 0 | L15: =SUM(G15:K15) -> 2401 | M15: =ROUND((L15/$E$1),0) -> 600
C16: Preschool Attendance
A19: 1 | C19: Hawane CLC Church | G19: =+$G$3 -> 2022 | H19: =+G19 -> 2022 | I19: =+H19 -> 2022 | J19: =+I19 -> 2022 | K19: =+J19 -> 2022 | L19: =+K19 -> 2022 | M19: =+L19 -> 2022 | S19: =+C19 -> Hawane CLC Church | T19: =+L23 -> 536 | U19: =+L24+L25 -> 114 | V19: =+L26+L27 -> 422 | W19: =+L30 -> 0 | X19: =+L28 -> 0
C20: =+$C4 -> June 2022 | G20: =+$G$4 -> Jun | H20: =+G20 -> Jun | I20: =+H20 -> Jun | J20: =+I20 -> Jun | K20: =+J20 -> Jun | L20: =+K20 -> Jun | M20: =+L20 -> Jun
G21: =+$G$5 -> 5 | H21: =+$H$5 -> 12 | I21: =+$I$5 -> 19 | J21: =+$J$5 -> 26 | K21: =+$K$5 -> 0 | L21: Total | M21: Average
C23: Church Attendance: | G23: =SUM(G24:G27) -> 144 | H23: =SUM(H24:H27) -> 153 | I23: =SUM(I24:I27) -> 184 | J23: =SUM(J24:J27) -> 55 | K23: =SUM(K24:K27) -> 0 | L23: =SUM(L24:L27) -> 536 | M23: =ROUND((L23/$E$1),0) -> 134
D24: Men | G24: 10 | H24: 9 | I24: 10 | J24: 4 | L24: =SUM(G24:K24) -> 33 | M24: =ROUND((L24/$E$1),0) -> 8
D25: Women | G25: 28 | H25: 20 | I25: 23 | J25: 10 | L25: =SUM(G25:K25) -> 81 | M25: =ROUND((L25/$E$1),0) -> 20
D26: Youth | G26: 45 | H26: 57 | I26: 61 | J26: 11 | L26: =SUM(G26:K26) -> 174 | M26: =ROUND((L26/$E$1),0) -> 44
D27: Children | G27: 61 | H27: 67 | I27: 90 | J27: 30 | L27: =SUM(G27:K27) -> 248 | M27: =ROUND((L27/$E$1),0) -> 62
C28: Salvations | L28: =SUM(G28:K28) -> 0 | M28: =ROUND((L28/$E$1),0) -> 0
C29: Baptisms | L29: =SUM(G29:K29) -> 0 | M29: =ROUND((L29/$E$1),0) -> 0
C30: Home Visits | L30: =SUM(G30:K30) -> 0 | M30: =ROUND((L30/$E$1),0) -> 0
C31: Meals / Food Packs | L31: =SUM(G31:K31) -> 0 | M31: =ROUND((L31/$E$1),0) -> 0
C32: Preschool Attendance | L32: =SUM(G32:K32) -> 0 | M32: =ROUND((L32/$E$1),0) -> 0
A35: =+A19+1 -> 2 | C35: Ngwenya | G35: =+$G$3 -> 2022 | H35: =+G35 -> 2022 | I35: =+H35 -> 2022 | J35: =+I35 -> 2022 | K35: =+J35 -> 2022 | L35: =+K35 -> 2022 | M35: =+L35 -> 2022 | S35: =+C35 -> Ngwenya | T35: =+L39 -> 227 | U35: =+L40+L41 -> 68 | V35: =+L42+L43 -> 159 | W35: =+L46 -> 16 | X35: =+L44 -> 4
C36: =+$C20 -> June 2022 | G36: =+$G$4 -> Jun | H36: =+G36 -> Jun | I36: =+H36 -> Jun | J36: =+I36 -> Jun | K36: =+J36 -> Jun | L36: =+K36 -> Jun | M36: =+L36 -> Jun
G37: =+$G$5 -> 5 | H37: =+$H$5 -> 12 | I37: =+$I$5 -> 19 | J37: =+$J$5 -> 26 | K37: =+$K$5 -> 0 | L37: Total | M37: Average
C39: Church Attendance: | G39: =SUM(G40:G43) -> 47 | H39: =SUM(H40:H43) -> 63 | I39: =SUM(I40:I43) -> 57 | J39: =SUM(J40:J43) -> 60 | K39: =SUM(K40:K43) -> 0 | L39: =SUM(L40:L43) -> 227 | M39: =ROUND((L39/$E$1),0) -> 57
D40: Men | G40: 6 | H40: 6 | I40: 7 | J40: 4 | L40: =SUM(G40:K40) -> 23 | M40: =ROUND((L40/$E$1),0) -> 6
D41: Women | G41: 8 | H41: 18 | I41: 10 | J41: 9 | L41: =SUM(G41:K41) -> 45 | M41: =ROUND((L41/$E$1),0) -> 11
D42: Youth | G42: 13 | H42: 15 | I42: 20 | J42: 17 | L42: =SUM(G42:K42) -> 65 | M42: =ROUND((L42/$E$1),0) -> 16
D43: Children | G43: 20 | H43: 24 | I43: 20 | J43: 30 | L43: =SUM(G43:K43) -> 94 | M43: =ROUND((L43/$E$1),0) -> 24
C44: Salvations | H44: 3 | I44: 1 | L44: =SUM(G44:K44) -> 4 | M44: =ROUND((L44/$E$1),0) -> 1
C45: Baptisms | L45: =SUM(G45:K45) -> 0 | M45: =ROUND((L45/$E$1),0) -> 0
C46: Home Visits | G46: 4 | H46: 5 | I46: 3 | J46: 4 | L46: =SUM(G46:K46) -> 16 | M46: =ROUND((L46/$E$1),0) -> 4
C47: Meals / Food Packs | G47: 4 | H47: 3 | I47: 5 | J47: 5 | L47: =SUM(G47:K47) -> 17 | M47: =ROUND((L47/$E$1),0) -> 4
C48: Preschool Attendance | L48: =SUM(G48:K48) -> 0 | M48: =ROUND((L48/$E$1),0) -> 0
A51: =+A35+1 -> 3 | C51: Lavumisa | G51: =+$G$3 -> 2022 | H51: =+G51 -> 2022 | I51: =+H51 -> 2022 | J51: =+I51 -> 2022 | K51: =+J51 -> 2022 | L51: =+K51 -> 2022 | M51: =+L51 -> 2022 | S51: =+C51 -> Lavumisa | T51: =+L55 -> 381 | U51: =+L56+L57 -> 78 | V51: =+L58+L59 -> 303 | W51: =+L62 -> 0 | X51: =+L60 -> 0
C52: =+$C36 -> June 2022 | G52: =+$G$4 -> Jun | H52: =+G52 -> Jun | I52: =+H52 -> Jun | J52: =+I52 -> Jun | K52: =+J52 -> Jun | L52: =+K52 -> Jun | M52: =+L52 -> Jun
G53: =+$G$5 -> 5 | H53: =+$H$5 -> 12 | I53: =+$I$5 -> 19 | J53: =+$J$5 -> 26 | K53: =+$K$5 -> 0 | L53: Total | M53: Average
C55: Church Attendance: | G55: =SUM(G56:G59) -> 84 | H55: =SUM(H56:H59) -> 116 | I55: =SUM(I56:I59) -> 108 | J55: =SUM(J56:J59) -> 73 | K55: =SUM(K56:K59) -> 0 | L55: =SUM(L56:L59) -> 381 | M55: =ROUND((L55/$E$1),0) -> 95
D56: Men | G56: 3 | H56: 3 | I56: 4 | J56: 2 | L56: =SUM(G56:K56) -> 12 | M56: =ROUND((L56/$E$1),0) -> 3
D57: Women | G57: 14 | H57: 23 | I57: 17 | J57: 12 | L57: =SUM(G57:K57) -> 66 | M57: =ROUND((L57/$E$1),0) -> 17
D58: Youth | G58: 23 | H58: 19 | I58: 23 | J58: 15 | L58: =SUM(G58:K58) -> 80 | M58: =ROUND((L58/$E$1),0) -> 20
D59: Children | G59: 44 | H59: 71 | I59: 64 | J59: 44 | L59: =SUM(G59:K59) -> 223 | M59: =ROUND((L59/$E$1),0) -> 56
C60: Salvations | L60: =SUM(G60:K60) -> 0 | M60: =ROUND((L60/$E$1),0) -> 0
C61: Baptisms | L61: =SUM(G61:K61) -> 0 | M61: =ROUND((L61/$E$1),0) -> 0
C62: Home Visits | L62: =SUM(G62:K62) -> 0 | M62: =ROUND((L62/$E$1),0) -> 0
C63: Meals / Food Packs | L63: =SUM(G63:K63) -> 0 | M63: =ROUND((L63/$E$1),0) -> 0
C64: Preschool Attendance | L64: =SUM(G64:K64) -> 0 | M64: =ROUND((L64/$E$1),0) -> 0
A67: =+A51+1 -> 4 | C67: Engcamini | G67: =+$G$3 -> 2022 | H67: =+G67 -> 2022 | I67: =+H67 -> 2022 | J67: =+I67 -> 2022 | K67: =+J67 -> 2022 | L67: =+K67 -> 2022 | M67: =+L67 -> 2022 | S67: =+C67 -> Engcamini | T67: =+L71 -> 451 | U67: =+L72+L73 -> 88 | V67: =+L74+L75 -> 363 | W67: =+L78 -> 0 | X67: =+L76 -> 0
C68: =+$C52 -> June 2022 | G68: =+$G$4 -> Jun | H68: =+G68 -> Jun | I68: =+H68 -> Jun | J68: =+I68 -> Jun | K68: =+J68 -> Jun | L68: =+K68 -> Jun | M68: =+L68 -> Jun
G69: =+$G$5 -> 5 | H69: =+$H$5 -> 12 | I69: =+$I$5 -> 19 | J69: =+$J$5 -> 26 | K69: =+$K$5 -> 0 | L69: Total | M69: Average
C71: Church Attendance: | G71: =SUM(G72:G75) -> 101 | H71: =SUM(H72:H75) -> 153 | I71: =SUM(I72:I75) -> 99 | J71: =SUM(J72:J75) -> 98 | K71: =SUM(K72:K75) -> 0 | L71: =SUM(L72:L75) -> 451 | M71: =ROUND((L71/$E$1),0) -> 113
D72: Men | G72: 5 | H72: 10 | I72: 5 | J72: 7 | L72: =SUM(G72:K72) -> 27 | M72: =ROUND((L72/$E$1),0) -> 7
D73: Women | G73: 10 | H73: 25 | I73: 11 | J73: 15 | L73: =SUM(G73:K73) -> 61 | M73: =ROUND((L73/$E$1),0) -> 15
D74: Youth | G74: 21 | H74: 43 | I74: 8 | J74: 13 | L74: =SUM(G74:K74) -> 85 | M74: =ROUND((L74/$E$1),0) -> 21
D75: Children | G75: 65 | H75: 75 | I75: 75 | J75: 63 | L75: =SUM(G75:K75) -> 278 | M75: =ROUND((L75/$E$1),0) -> 70
C76: Salvations | L76: =SUM(G76:K76) -> 0 | M76: =ROUND((L76/$E$1),0) -> 0
C77: Baptisms | L77: =SUM(G77:K77) -> 0 | M77: =ROUND((L77/$E$1),0) -> 0
C78: Home Visits | L78: =SUM(G78:K78) -> 0 | M78: =ROUND((L78/$E$1),0) -> 0
C79: Meals / Food Packs | G79: 108 | H79: 180 | I79: 216 | J79: 180 | L79: =SUM(G79:K79) -> 684 | M79: =ROUND((L79/$E$1),0) -> 171
C80: Preschool Attendance | L80: =SUM(G80:K80) -> 0 | M80: =ROUND((L80/$E$1),0) -> 0
A83: =+A67+1 -> 5 | C83: Pine Valley | G83: =+$G$3 -> 2022 | H83: =+G83 -> 2022 | I83: =+H83 -> 2022 | J83: =+I83 -> 2022 | K83: =+J83 -> 2022 | L83: =+K83 -> 2022 | M83: =+L83 -> 2022 | S83: =+C83 -> Pine Valley | T83: =+L87 -> 401 | U83: =+L88+L89 -> 82 | V83: =+L90+L91 -> 319 | W83: =+L94 -> 0 | X83: =+L92 -> 0
C84: =+$C68 -> June 2022 | G84: =+$G$4 -> Jun | H84: =+G84 -> Jun | I84: =+H84 -> Jun | J84: =+I84 -> Jun | K84: =+J84 -> Jun | L84: =+K84 -> Jun | M84: =+L84 -> Jun
G85: =+$G$5 -> 5 | H85: =+$H$5 -> 12 | I85: =+$I$5 -> 19 | J85: =+$J$5 -> 26 | K85: =+$K$5 -> 0 | L85: Total | M85: Average
C87: Church Attendance: | G87: =SUM(G88:G91) -> 110 | H87: =SUM(H88:H91) -> 102 | I87: =SUM(I88:I91) -> 102 | J87: =SUM(J88:J91) -> 87 | K87: =SUM(K88:K91) -> 0 | L87: =SUM(L88:L91) -> 401 | M87: =ROUND((L87/$E$1),0) -> 100
D88: Men | G88: 6 | H88: 7 | I88: 7 | J88: 8 | L88: =SUM(G88:K88) -> 28 | M88: =ROUND((L88/$E$1),0) -> 7
D89: Women | G89: 11 | H89: 12 | I89: 12 | J89: 19 | L89: =SUM(G89:K89) -> 54 | M89: =ROUND((L89/$E$1),0) -> 14
D90: Youth | G90: 55 | H90: 44 | I90: 44 | J90: 37 | L90: =SUM(G90:K90) -> 180 | M90: =ROUND((L90/$E$1),0) -> 45
D91: Children | G91: 38 | H91: 39 | I91: 39 | J91: 23 | L91: =SUM(G91:K91) -> 139 | M91: =ROUND((L91/$E$1),0) -> 35
C92: Salvations | L92: =SUM(G92:K92) -> 0 | M92: =ROUND((L92/$E$1),0) -> 0
C93: Baptisms | L93: =SUM(G93:K93) -> 0 | M93: =ROUND((L93/$E$1),0) -> 0
C94: Home Visits | L94: =SUM(G94:K94) -> 0 | M94: =ROUND((L94/$E$1),0) -> 0
C95: Meals / Food Packs | L95: =SUM(G95:K95) -> 0 | M95: =ROUND((L95/$E$1),0) -> 0
C96: Preschool Attendance | L96: =SUM(G96:K96) -> 0 | M96: =ROUND((L96/$E$1),0) -> 0
A99: =+A83+1 -> 6 | C99: Ngwempisi | G99: =+$G$3 -> 2022 | H99: =+G99 -> 2022 | I99: =+H99 -> 2022 | J99: =+I99 -> 2022 | K99: =+J99 -> 2022 | L99: =+K99 -> 2022 | M99: =+L99 -> 2022 | S99: =+C99 -> Ngwempisi | T99: =+L103 -> 261 | U99: =+L104+L105 -> 79 | V99: =+L106+L107 -> 182 | W99: =+L110 -> 0 | X99: =+L108 -> 0
C100: =+$C84 -> June 2022 | G100: =+$G$4 -> Jun | H100: =+G100 -> Jun | I100: =+H100 -> Jun | J100: =+I100 -> Jun | K100: =+J100 -> Jun | L100: =+K100 -> Jun | M100: =+L100 -> Jun
G101: =+$G$5 -> 5 | H101: =+$H$5 -> 12 | I101: =+$I$5 -> 19 | J101: =+$J$5 -> 26 | K101: =+$K$5 -> 0 | L101: Total | M101: Average
C103: Church Attendance: | G103: =SUM(G104:G107) -> 63 | H103: =SUM(H104:H107) -> 74 | I103: =SUM(I104:I107) -> 63 | J103: =SUM(J104:J107) -> 61 | K103: =SUM(K104:K107) -> 0 | L103: =SUM(L104:L107) -> 261 | M103: =ROUND((L103/$E$1),0) -> 65
D104: Men | G104: 2 | H104: 4 | I104: 2 | J104: 1 | L104: =SUM(G104:K104) -> 9 | M104: =ROUND((L104/$E$1),0) -> 2
D105: Women | G105: 17 | H105: 20 | I105: 15 | J105: 18 | L105: =SUM(G105:K105) -> 70 | M105: =ROUND((L105/$E$1),0) -> 18
D106: Youth | G106: 19 | H106: 18 | I106: 16 | J106: 11 | L106: =SUM(G106:K106) -> 64 | M106: =ROUND((L106/$E$1),0) -> 16
D107: Children | G107: 25 | H107: 32 | I107: 30 | J107: 31 | L107: =SUM(G107:K107) -> 118 | M107: =ROUND((L107/$E$1),0) -> 30
C108: Salvations | L108: =SUM(G108:K108) -> 0 | M108: =ROUND((L108/$E$1),0) -> 0
C109: Baptisms | L109: =SUM(G109:K109) -> 0 | M109: =ROUND((L109/$E$1),0) -> 0
C110: Home Visits | L110: =SUM(G110:K110) -> 0 | M110: =ROUND((L110/$E$1),0) -> 0
C111: Meals / Food Packs | L111: =SUM(G111:K111) -> 0 | M111: =ROUND((L111/$E$1),0) -> 0
C112: Preschool Attendance | L112: =SUM(G112:K112) -> 0 | M112: =ROUND((L112/$E$1),0) -> 0
A115: =+A99+1 -> 7 | C115: Gebeni | G115: =+$G$3 -> 2022 | H115: =+G115 -> 2022 | I115: =+H115 -> 2022 | J115: =+I115 -> 2022 | K115: =+J115 -> 2022 | L115: =+K115 -> 2022 | M115: =+L115 -> 2022 | S115: =+C115 -> Gebeni | T115: =+L119 -> 217 | U115: =+L120+L121 -> 48 | V115: =+L122+L123 -> 169 | W115: =+L126 -> 0 | X115: =+L124 -> 0
C116: =+$C100 -> June 2022 | G116: =+$G$4 -> Jun | H116: =+G116 -> Jun | I116: =+H116 -> Jun | J116: =+I116 -> Jun | K116: =+J116 -> Jun | L116: =+K116 -> Jun | M116: =+L116 -> Jun
G117: =+$G$5 -> 5 | H117: =+$H$5 -> 12 | I117: =+$I$5 -> 19 | J117: =+$J$5 -> 26 | K117: =+$K$5 -> 0 | L117: Total | M117: Average
C119: Church Attendance: | G119: =SUM(G120:G123) -> 48 | H119: =SUM(H120:H123) -> 50 | I119: =SUM(I120:I123) -> 64 | J119: =SUM(J120:J123) -> 55 | K119: =SUM(K120:K123) -> 0 | L119: =SUM(L120:L123) -> 217 | M119: =ROUND((L119/$E$1),0) -> 54
D120: Men | G120: 3 | H120: 2 | I120: 4 | J120: 3 | L120: =SUM(G120:K120) -> 12 | M120: =ROUND((L120/$E$1),0) -> 3
D121: Women | G121: 9 | H121: 9 | I121: 9 | J121: 9 | L121: =SUM(G121:K121) -> 36 | M121: =ROUND((L121/$E$1),0) -> 9
D122: Youth | G122: 6 | H122: 19 | I122: 18 | J122: 19 | L122: =SUM(G122:K122) -> 62 | M122: =ROUND((L122/$E$1),0) -> 16
D123: Children | G123: 30 | H123: 20 | I123: 33 | J123: 24 | L123: =SUM(G123:K123) -> 107 | M123: =ROUND((L123/$E$1),0) -> 27
...

Sheet Jul22
D1: Number of Sundays | E1: 5 | S1: ICBC | T1: =+C7 -> Church Attendance: | U1: Adults | V1: Youth & Children | W1: Home Visits | X1: =+C12 -> Salvations
C3: Total ICBC | G3: 2022 | H3: =+G3 -> 2022 | I3: =+H3 -> 2022 | J3: =+I3 -> 2022 | K3: =+J3 -> 2022 | L3: =+K3 -> 2022 | M3: =+L3 -> 2022 | S3: =+C3 -> Total ICBC | T3: =+L7 -> 9354 | U3: =+L8+L9 -> 2189 | V3: =+L10+L11 -> 7165 | W3: =+L14 -> 279 | X3: =+L12 -> 121
C4: July 2022 | G4: Jul | H4: =+G4 -> Jul | I4: =+H4 -> Jul | J4: =+I4 -> Jul | K4: =+J4 -> Jul | L4: =+K4 -> Jul | M4: =+L4 -> Jul
G5: 3 | H5: 10 | I5: 17 | J5: 24 | K5: 31 | L5: Total | M5: Average
C7: Church Attendance: | G7: =SUM(G8:G11) -> 1878 | H7: =SUM(H8:H11) -> 1930 | I7: =SUM(I8:I11) -> 1924 | J7: =SUM(J8:J11) -> 1743 | K7: =SUM(K8:K11) -> 1879 | L7: =SUM(L8:L11) -> 9354 | M7: =ROUND((L7/$E$1),0) -> 1871
D8: Men | G8: =+G24+G40+G56+G72+G88+G104+G120+G136+G152+G168+G184+G200+G216+G232+G248+G264+G280+G296+G312+G328+G344+G360+G376+G392+G408+G424+G440+G456+G472+G488 -> 126 | H8: =+H24+H40+H56+H72+H88+H104+H120+H136+H152+H168+H184+H200+H216+H232+H248+H264+H280+H296+H312+H328+H344+H360+H376+H392+H408+H424+H440+H456+H472+H488 -> 133 | I8: =+I24+I40+I56+I72+I88+I104+I120+I136+I152+I168+I184+I200+I216+I232+I248+I264+I280+I296+I312+I328+I344+I360+I376+I392+I408+I424+I440+I456+I472+I488 -> 119 | J8: =+J24+J40+J56+J72+J88+J104+J120+J136+J152+J168+J184+J200+J216+J232+J248+J264+J280+J296+J312+J328+J344+J360+J376+J392+J408+J424+J440+J456+J472+J488 -> 113 | K8: =+K24+K40+K56+K72+K88+K104+K120+K136+K152+K168+K184+K200+K216+K232+K248+K264+K280+K296+K312+K328+K344+K360+K376+K392+K408+K424+K440+K456+K472+K488 -> 108 | L8: =SUM(G8:K8) -> 599 | M8: =ROUND((L8/$E$1),0) -> 120
D9: Women | G9: =+G25+G41+G57+G73+G89+G105+G121+G137+G153+G169+G185+G201+G217+G233+G249+G265+G281+G297+G313+G329+G345+G361+G377+G393+G409+G425+G441+G457+G473+G489 -> 321 | H9: =+H25+H41+H57+H73+H89+H105+H121+H137+H153+H169+H185+H201+H217+H233+H249+H265+H281+H297+H313+H329+H345+H361+H377+H393+H409+H425+H441+H457+H473+H489 -> 354 | I9: =+I25+I41+I57+I73+I89+I105+I121+I137+I153+I169+I185+I201+I217+I233+I249+I265+I281+I297+I313+I329+I345+I361+I377+I393+I409+I425+I441+I457+I473+I489 -> 297 | J9: =+J25+J41+J57+J73+J89+J105+J121+J137+J153+J169+J185+J201+J217+J233+J249+J265+J281+J297+J313+J329+J345+J361+J377+J393+J409+J425+J441+J457+J473+J489 -> 311 | K9: =+K25+K41+K57+K73+K89+K105+K121+K137+K153+K169+K185+K201+K217+K233+K249+K265+K281+K297+K313+K329+K345+K361+K377+K393+K409+K425+K441+K457+K473+K489 -> 307 | L9: =SUM(G9:K9) -> 1590 | M9: =ROUND((L9/$E$1),0) -> 318
D10: Youth | G10: =+G26+G42+G58+G74+G90+G106+G122+G138+G154+G170+G186+G202+G218+G234+G250+G266+G282+G298+G314+G330+G346+G362+G378+G394+G410+G426+G442+G458+G474+G490 -> 460 | H10: =+H26+H42+H58+H74+H90+H106+H122+H138+H154+H170+H186+H202+H218+H234+H250+H266+H282+H298+H314+H330+H346+H362+H378+H394+H410+H426+H442+H458+H474+H490 -> 476 | I10: =+I26+I42+I58+I74+I90+I106+I122+I138+I154+I170+I186+I202+I218+I234+I250+I266+I282+I298+I314+I330+I346+I362+I378+I394+I410+I426+I442+I458+I474+I490 -> 471 | J10: =+J26+J42+J58+J74+J90+J106+J122+J138+J154+J170+J186+J202+J218+J234+J250+J266+J282+J298+J314+J330+J346+J362+J378+J394+J410+J426+J442+J458+J474+J490 -> 410 | K10: =+K26+K42+K58+K74+K90+K106+K122+K138+K154+K170+K186+K202+K218+K234+K250+K266+K282+K298+K314+K330+K346+K362+K378+K394+K410+K426+K442+K458+K474+K490 -> 435 | L10: =SUM(G10:K10) -> 2252 | M10: =ROUND((L10/$E$1),0) -> 450
D11: Children | G11: =+G27+G43+G59+G75+G91+G107+G123+G139+G155+G171+G187+G203+G219+G235+G251+G267+G283+G299+G315+G331+G347+G363+G379+G395+G411+G427+G443+G459+G475+G491 -> 971 | H11: =+H27+H43+H59+H75+H91+H107+H123+H139+H155+H171+H187+H203+H219+H235+H251+H267+H283+H299+H315+H331+H347+H363+H379+H395+H411+H427+H443+H459+H475+H491 -> 967 | I11: =+I27+I43+I59+I75+I91+I107+I123+I139+I155+I171+I187+I203+I219+I235+I251+I267+I283+I299+I315+I331+I347+I363+I379+I395+I411+I427+I443+I459+I475+I491 -> 1037 | J11: =+J27+J43+J59+J75+J91+J107+J123+J139+J155+J171+J187+J203+J219+J235+J251+J267+J283+J299+J315+J331+J347+J363+J379+J395+J411+J427+J443+J459+J475+J491 -> 909 | K11: =+K27+K43+K59+K75+K91+K107+K123+K139+K155+K171+K187+K203+K219+K235+K251+K267+K283+K299+K315+K331+K347+K363+K379+K395+K411+K427+K443+K459+K475+K491 -> 1029 | L11: =SUM(G11:K11) -> 4913 | M11: =ROUND((L11/$E$1),0) -> 983
C12: Salvations | G12: =+G28+G44+G60+G76+G92+G108+G124+G140+G156+G172+G188+G204+G220+G236+G252+G268+G284+G300+G316+G332+G348+G364+G380+G396+G412+G428+G444+G460+G476+G492 -> 27 | H12: =+H28+H44+H60+H76+H92+H108+H124+H140+H156+H172+H188+H204+H220+H236+H252+H268+H284+H300+H316+H332+H348+H364+H380+H396+H412+H428+H444+H460+H476+H492 -> 22 | I12: =+I28+I44+I60+I76+I92+I108+I124+I140+I156+I172+I188+I204+I220+I236+I252+I268+I284+I300+I316+I332+I348+I364+I380+I396+I412+I428+I444+I460+I476+I492 -> 45 | J12: =+J28+J44+J60+J76+J92+J108+J124+J140+J156+J172+J188+J204+J220+J236+J252+J268+J284+J300+J316+J332+J348+J364+J380+J396+J412+J428+J444+J460+J476+J492 -> 10 | K12: =+K28+K44+K60+K76+K92+K108+K124+K140+K156+K172+K188+K204+K220+K236+K252+K268+K284+K300+K316+K332+K348+K364+K380+K396+K412+K428+K444+K460+K476+K492 -> 17 | L12: =SUM(G12:K12) -> 121 | M12: =ROUND((L12/$E$1),0) -> 24
C13: Baptisms | G13: =+G29+G45+G61+G77+G93+G109+G125+G141+G157+G173+G189+G205+G221+G237+G253+G269+G285+G301+G317+G333+G349+G365+G381+G397+G413+G429+G445+G461+G477+G493 -> 0 | H13: =+H29+H45+H61+H77+H93+H109+H125+H141+H157+H173+H189+H205+H221+H237+H253+H269+H285+H301+H317+H333+H349+H365+H381+H397+H413+H429+H445+H461+H477+H493 -> 0 | I13: =+I29+I45+I61+I77+I93+I109+I125+I141+I157+I173+I189+I205+I221+I237+I253+I269+I285+I301+I317+I333+I349+I365+I381+I397+I413+I429+I445+I461+I477+I493 -> 0 | J13: =+J29+J45+J61+J77+J93+J109+J125+J141+J157+J173+J189+J205+J221+J237+J253+J269+J285+J301+J317+J333+J349+J365+J381+J397+J413+J429+J445+J461+J477+J493 -> 0 | K13: =+K29+K45+K61+K77+K93+K109+K125+K141+K157+K173+K189+K205+K221+K237+K253+K269+K285+K301+K317+K333+K349+K365+K381+K397+K413+K429+K445+K461+K477+K493 -> 0 | L13: =SUM(G13:K13) -> 0 | M13: =ROUND((L13/$E$1),0) -> 0
C14: Home Visits | G14: =+G30+G46+G62+G78+G94+G110+G126+G142+G158+G174+G190+G206+G222+G238+G254+G270+G286+G302+G318+G334+G350+G366+G382+G398+G414+G430+G446+G462+G478+G494 -> 44 | H14: =+H30+H46+H62+H78+H94+H110+H126+H142+H158+H174+H190+H206+H222+H238+H254+H270+H286+H302+H318+H334+H350+H366+H382+H398+H414+H430+H446+H462+H478+H494 -> 55 | I14: =+I30+I46+I62+I78+I94+I110+I126+I142+I158+I174+I190+I206+I222+I238+I254+I270+I286+I302+I318+I334+I350+I366+I382+I398+I414+I430+I446+I462+I478+I494 -> 82 | J14: =+J30+J46+J62+J78+J94+J110+J126+J142+J158+J174+J190+J206+J222+J238+J254+J270+J286+J302+J318+J334+J350+J366+J382+J398+J414+J430+J446+J462+J478+J494 -> 45 | K14: =+K30+K46+K62+K78+K94+K110+K126+K142+K158+K174+K190+K206+K222+K238+K254+K270+K286+K302+K318+K334+K350+K366+K382+K398+K414+K430+K446+K462+K478+K494 -> 53 | L14: =SUM(G14:K14) -> 279 | M14: =ROUND((L14/$E$1),0) -> 56
C15: Meals / Food Packs | G15: =+G31+G47+G63+G79+G95+G111+G127+G143+G159+G175+G191+G207+G223+G239+G255+G271+G287+G303+G319+G335+G351+G367+G383+G399+G415+G431+G447+G463+G479+G495 -> 255 | H15: =+H31+H47+H63+H79+H95+H111+H127+H143+H159+H175+H191+H207+H223+H239+H255+H271+H287+H303+H319+H335+H351+H367+H383+H399+H415+H431+H447+H463+H479+H495 -> 252 | I15: =+I31+I47+I63+I79+I95+I111+I127+I143+I159+I175+I191+I207+I223+I239+I255+I271+I287+I303+I319+I335+I351+I367+I383+I399+I415+I431+I447+I463+I479+I495 -> 501 | J15: =+J31+J47+J63+J79+J95+J111+J127+J143+J159+J175+J191+J207+J223+J239+J255+J271+J287+J303+J319+J335+J351+J367+J383+J399+J415+J431+J447+J463+J479+J495 -> 272 | K15: =+K31+K47+K63+K79+K95+K111+K127+K143+K159+K175+K191+K207+K223+K239+K255+K271+K287+K303+K319+K335+K351+K367+K383+K399+K415+K431+K447+K463+K479+K495 -> 370 | L15: =SUM(G15:K15) -> 1650 | M15: =ROUND((L15/$E$1),0) -> 330
C16: Preschool Attendance
A19: 1 | C19: Hawane CLC Church | G19: =+$G$3 -> 2022 | H19: =+G19 -> 2022 | I19: =+H19 -> 2022 | J19: =+I19 -> 2022 | K19: =+J19 -> 2022 | L19: =+K19 -> 2022 | M19: =+L19 -> 2022 | S19: =+C19 -> Hawane CLC Church | T19: =+L23 -> 947 | U19: =+L24+L25 -> 168 | V19: =+L26+L27 -> 779 | W19: =+L30 -> 0 | X19: =+L28 -> 0
C20: =+$C4 -> July 2022 | G20: =+$G$4 -> Jul | H20: =+G20 -> Jul | I20: =+H20 -> Jul | J20: =+I20 -> Jul | K20: =+J20 -> Jul | L20: =+K20 -> Jul | M20: =+L20 -> Jul
G21: =+$G$5 -> 3 | H21: =+$H$5 -> 10 | I21: =+$I$5 -> 17 | J21: =+$J$5 -> 24 | K21: =+$K$5 -> 31 | L21: Total | M21: Average
C23: Church Attendance: | G23: =SUM(G24:G27) -> 179 | H23: =SUM(H24:H27) -> 190 | I23: =SUM(I24:I27) -> 210 | J23: =SUM(J24:J27) -> 158 | K23: =SUM(K24:K27) -> 210 | L23: =SUM(L24:L27) -> 947 | M23: =ROUND((L23/$E$1),0) -> 189
D24: Men | G24: 13 | H24: 9 | I24: 8 | J24: 10 | K24: 7 | L24: =SUM(G24:K24) -> 47 | M24: =ROUND((L24/$E$1),0) -> 9
D25: Women | G25: 23 | H25: 29 | I25: 24 | J25: 22 | K25: 23 | L25: =SUM(G25:K25) -> 121 | M25: =ROUND((L25/$E$1),0) -> 24
D26: Youth | G26: 58 | H26: 72 | I26: 73 | J26: 48 | K26: 74 | L26: =SUM(G26:K26) -> 325 | M26: =ROUND((L26/$E$1),0) -> 65
D27: Children | G27: 85 | H27: 80 | I27: 105 | J27: 78 | K27: 106 | L27: =SUM(G27:K27) -> 454 | M27: =ROUND((L27/$E$1),0) -> 91
C28: Salvations | L28: =SUM(G28:K28) -> 0 | M28: =ROUND((L28/$E$1),0) -> 0
C29: Baptisms | L29: =SUM(G29:K29) -> 0 | M29: =ROUND((L29/$E$1),0) -> 0
C30: Home Visits | L30: =SUM(G30:K30) -> 0 | M30: =ROUND((L30/$E$1),0) -> 0
C31: Meals / Food Packs | L31: =SUM(G31:K31) -> 0 | M31: =ROUND((L31/$E$1),0) -> 0
C32: Preschool Attendance | L32: =SUM(G32:K32) -> 0 | M32: =ROUND((L32/$E$1),0) -> 0
A35: =+A19+1 -> 2 | C35: Ngwenya | G35: =+$G$3 -> 2022 | H35: =+G35 -> 2022 | I35: =+H35 -> 2022 | J35: =+I35 -> 2022 | K35: =+J35 -> 2022 | L35: =+K35 -> 2022 | M35: =+L35 -> 2022 | S35: =+C35 -> Ngwenya | T35: =+L39 -> 303 | U35: =+L40+L41 -> 81 | V35: =+L42+L43 -> 222 | W35: =+L46 -> 14 | X35: =+L44 -> 3
C36: =+$C20 -> July 2022 | G36: =+$G$4 -> Jul | H36: =+G36 -> Jul | I36: =+H36 -> Jul | J36: =+I36 -> Jul | K36: =+J36 -> Jul | L36: =+K36 -> Jul | M36: =+L36 -> Jul
G37: =+$G$5 -> 3 | H37: =+$H$5 -> 10 | I37: =+$I$5 -> 17 | J37: =+$J$5 -> 24 | K37: =+$K$5 -> 31 | L37: Total | M37: Average
C39: Church Attendance: | G39: =SUM(G40:G43) -> 67 | H39: =SUM(H40:H43) -> 91 | I39: =SUM(I40:I43) -> 48 | J39: =SUM(J40:J43) -> 48 | K39: =SUM(K40:K43) -> 49 | L39: =SUM(L40:L43) -> 303 | M39: =ROUND((L39/$E$1),0) -> 61
D40: Men | G40: 6 | H40: 12 | I40: 3 | J40: 3 | K40: 3 | L40: =SUM(G40:K40) -> 27 | M40: =ROUND((L40/$E$1),0) -> 5
D41: Women | G41: 14 | H41: 16 | I41: 8 | J41: 8 | K41: 8 | L41: =SUM(G41:K41) -> 54 | M41: =ROUND((L41/$E$1),0) -> 11
D42: Youth | G42: 17 | H42: 26 | I42: 15 | J42: 17 | K42: 13 | L42: =SUM(G42:K42) -> 88 | M42: =ROUND((L42/$E$1),0) -> 18
D43: Children | G43: 30 | H43: 37 | I43: 22 | J43: 20 | K43: 25 | L43: =SUM(G43:K43) -> 134 | M43: =ROUND((L43/$E$1),0) -> 27
C44: Salvations | G44: 1 | H44: 1 | I44: 1 | L44: =SUM(G44:K44) -> 3 | M44: =ROUND((L44/$E$1),0) -> 1
C45: Baptisms | L45: =SUM(G45:K45) -> 0 | M45: =ROUND((L45/$E$1),0) -> 0
C46: Home Visits | G46: 2 | H46: 2 | I46: 4 | J46: 3 | K46: 3 | L46: =SUM(G46:K46) -> 14 | M46: =ROUND((L46/$E$1),0) -> 3
C47: Meals / Food Packs | G47: 3 | H47: 3 | I47: 2 | J47: 3 | K47: 3 | L47: =SUM(G47:K47) -> 14 | M47: =ROUND((L47/$E$1),0) -> 3
C48: Preschool Attendance | L48: =SUM(G48:K48) -> 0 | M48: =ROUND((L48/$E$1),0) -> 0
A51: =+A35+1 -> 3 | C51: Lavumisa | G51: =+$G$3 -> 2022 | H51: =+G51 -> 2022 | I51: =+H51 -> 2022 | J51: =+I51 -> 2022 | K51: =+J51 -> 2022 | L51: =+K51 -> 2022 | M51: =+L51 -> 2022 | S51: =+C51 -> Lavumisa | T51: =+L55 -> 470 | U51: =+L56+L57 -> 91 | V51: =+L58+L59 -> 379 | W51: =+L62 -> 0 | X51: =+L60 -> 0
C52: =+$C36 -> July 2022 | G52: =+$G$4 -> Jul | H52: =+G52 -> Jul | I52: =+H52 -> Jul | J52: =+I52 -> Jul | K52: =+J52 -> Jul | L52: =+K52 -> Jul | M52: =+L52 -> Jul
G53: =+$G$5 -> 3 | H53: =+$H$5 -> 10 | I53: =+$I$5 -> 17 | J53: =+$J$5 -> 24 | K53: =+$K$5 -> 31 | L53: Total | M53: Average
C55: Church Attendance: | G55: =SUM(G56:G59) -> 110 | H55: =SUM(H56:H59) -> 81 | I55: =SUM(I56:I59) -> 90 | J55: =SUM(J56:J59) -> 111 | K55: =SUM(K56:K59) -> 78 | L55: =SUM(L56:L59) -> 470 | M55: =ROUND((L55/$E$1),0) -> 94
D56: Men | G56: 4 | I56: 2 | J56: 2 | K56: 3 | L56: =SUM(G56:K56) -> 11 | M56: =ROUND((L56/$E$1),0) -> 2
D57: Women | G57: 18 | H57: 13 | I57: 14 | J57: 19 | K57: 16 | L57: =SUM(G57:K57) -> 80 | M57: =ROUND((L57/$E$1),0) -> 16
D58: Youth | G58: 26 | H58: 20 | I58: 17 | J58: 23 | K58: 13 | L58: =SUM(G58:K58) -> 99 | M58: =ROUND((L58/$E$1),0) -> 20
D59: Children | G59: 62 | H59: 48 | I59: 57 | J59: 67 | K59: 46 | L59: =SUM(G59:K59) -> 280 | M59: =ROUND((L59/$E$1),0) -> 56
C60: Salvations | L60: =SUM(G60:K60) -> 0 | M60: =ROUND((L60/$E$1),0) -> 0
C61: Baptisms | L61: =SUM(G61:K61) -> 0 | M61: =ROUND((L61/$E$1),0) -> 0
C62: Home Visits | L62: =SUM(G62:K62) -> 0 | M62: =ROUND((L62/$E$1),0) -> 0
C63: Meals / Food Packs | L63: =SUM(G63:K63) -> 0 | M63: =ROUND((L63/$E$1),0) -> 0
C64: Preschool Attendance | L64: =SUM(G64:K64) -> 0 | M64: =ROUND((L64/$E$1),0) -> 0
A67: =+A51+1 -> 4 | C67: Engcamini | G67: =+$G$3 -> 2022 | H67: =+G67 -> 2022 | I67: =+H67 -> 2022 | J67: =+I67 -> 2022 | K67: =+J67 -> 2022 | L67: =+K67 -> 2022 | M67: =+L67 -> 2022 | S67: =+C67 -> Engcamini | T67: =+L71 -> 568 | U67: =+L72+L73 -> 102 | V67: =+L74+L75 -> 466 | W67: =+L78 -> 0 | X67: =+L76 -> 4
C68: =+$C52 -> July 2022 | G68: =+$G$4 -> Jul | H68: =+G68 -> Jul | I68: =+H68 -> Jul | J68: =+I68 -> Jul | K68: =+J68 -> Jul | L68: =+K68 -> Jul | M68: =+L68 -> Jul
G69: =+$G$5 -> 3 | H69: =+$H$5 -> 10 | I69: =+$I$5 -> 17 | J69: =+$J$5 -> 24 | K69: =+$K$5 -> 31 | L69: Total | M69: Average
C71: Church Attendance: | G71: =SUM(G72:G75) -> 114 | H71: =SUM(H72:H75) -> 109 | I71: =SUM(I72:I75) -> 128 | J71: =SUM(J72:J75) -> 110 | K71: =SUM(K72:K75) -> 107 | L71: =SUM(L72:L75) -> 568 | M71: =ROUND((L71/$E$1),0) -> 114
D72: Men | G72: 6 | H72: 6 | I72: 9 | J72: 5 | K72: 9 | L72: =SUM(G72:K72) -> 35 | M72: =ROUND((L72/$E$1),0) -> 7
D73: Women | G73: 12 | H73: 11 | I73: 17 | J73: 14 | K73: 13 | L73: =SUM(G73:K73) -> 67 | M73: =ROUND((L73/$E$1),0) -> 13
D74: Youth | G74: 19 | H74: 16 | I74: 17 | J74: 15 | K74: 12 | L74: =SUM(G74:K74) -> 79 | M74: =ROUND((L74/$E$1),0) -> 16
D75: Children | G75: 77 | H75: 76 | I75: 85 | J75: 76 | K75: 73 | L75: =SUM(G75:K75) -> 387 | M75: =ROUND((L75/$E$1),0) -> 77
C76: Salvations | G76: 4 | L76: =SUM(G76:K76) -> 4 | M76: =ROUND((L76/$E$1),0) -> 1
C77: Baptisms | L77: =SUM(G77:K77) -> 0 | M77: =ROUND((L77/$E$1),0) -> 0
C78: Home Visits | L78: =SUM(G78:K78) -> 0 | M78: =ROUND((L78/$E$1),0) -> 0
C79: Meals / Food Packs | G79: 72 | H79: 36 | I79: 288 | J79: 144 | L79: =SUM(G79:K79) -> 540 | M79: =ROUND((L79/$E$1),0) -> 108
C80: Preschool Attendance | L80: =SUM(G80:K80) -> 0 | M80: =ROUND((L80/$E$1),0) -> 0
A83: =+A67+1 -> 5 | C83: Pine Valley | G83: =+$G$3 -> 2022 | H83: =+G83 -> 2022 | I83: =+H83 -> 2022 | J83: =+I83 -> 2022 | K83: =+J83 -> 2022 | L83: =+K83 -> 2022 | M83: =+L83 -> 2022 | S83: =+C83 -> Pine Valley | T83: =+L87 -> 536 | U83: =+L88+L89 -> 130 | V83: =+L90+L91 -> 406 | W83: =+L94 -> 0 | X83: =+L92 -> 0
C84: =+$C68 -> July 2022 | G84: =+$G$4 -> Jul | H84: =+G84 -> Jul | I84: =+H84 -> Jul | J84: =+I84 -> Jul | K84: =+J84 -> Jul | L84: =+K84 -> Jul | M84: =+L84 -> Jul
G85: =+$G$5 -> 3 | H85: =+$H$5 -> 10 | I85: =+$I$5 -> 17 | J85: =+$J$5 -> 24 | K85: =+$K$5 -> 31 | L85: Total | M85: Average
C87: Church Attendance: | G87: =SUM(G88:G91) -> 82 | H87: =SUM(H88:H91) -> 112 | I87: =SUM(I88:I91) -> 145 | J87: =SUM(J88:J91) -> 87 | K87: =SUM(K88:K91) -> 110 | L87: =SUM(L88:L91) -> 536 | M87: =ROUND((L87/$E$1),0) -> 107
D88: Men | G88: 7 | H88: 9 | I88: 7 | J88: 8 | K88: 6 | L88: =SUM(G88:K88) -> 37 | M88: =ROUND((L88/$E$1),0) -> 7
D89: Women | G89: 20 | H89: 30 | I89: 13 | J89: 19 | K89: 11 | L89: =SUM(G89:K89) -> 93 | M89: =ROUND((L89/$E$1),0) -> 19
D90: Youth | G90: 25 | H90: 40 | I90: 49 | J90: 37 | K90: 55 | L90: =SUM(G90:K90) -> 206 | M90: =ROUND((L90/$E$1),0) -> 41
D91: Children | G91: 30 | H91: 33 | I91: 76 | J91: 23 | K91: 38 | L91: =SUM(G91:K91) -> 200 | M91: =ROUND((L91/$E$1),0) -> 40
C92: Salvations | L92: =SUM(G92:K92) -> 0 | M92: =ROUND((L92/$E$1),0) -> 0
C93: Baptisms | L93: =SUM(G93:K93) -> 0 | M93: =ROUND((L93/$E$1),0) -> 0
C94: Home Visits | L94: =SUM(G94:K94) -> 0 | M94: =ROUND((L94/$E$1),0) -> 0
C95: Meals / Food Packs | L95: =SUM(G95:K95) -> 0 | M95: =ROUND((L95/$E$1),0) -> 0
C96: Preschool Attendance | L96: =SUM(G96:K96) -> 0 | M96: =ROUND((L96/$E$1),0) -> 0
A99: =+A83+1 -> 6 | C99: Ngwempisi | G99: =+$G$3 -> 2022 | H99: =+G99 -> 2022 | I99: =+H99 -> 2022 | J99: =+I99 -> 2022 | K99: =+J99 -> 2022 | L99: =+K99 -> 2022 | M99: =+L99 -> 2022 | S99: =+C99 -> Ngwempisi | T99: =+L103 -> 300 | U99: =+L104+L105 -> 79 | V99: =+L106+L107 -> 221 | W99: =+L110 -> 0 | X99: =+L108 -> 0
C100: =+$C84 -> July 2022 | G100: =+$G$4 -> Jul | H100: =+G100 -> Jul | I100: =+H100 -> Jul | J100: =+I100 -> Jul | K100: =+J100 -> Jul | L100: =+K100 -> Jul | M100: =+L100 -> Jul
G101: =+$G$5 -> 3 | H101: =+$H$5 -> 10 | I101: =+$I$5 -> 17 | J101: =+$J$5 -> 24 | K101: =+$K$5 -> 31 | L101: Total | M101: Average
C103: Church Attendance: | G103: =SUM(G104:G107) -> 70 | H103: =SUM(H104:H107) -> 60 | I103: =SUM(I104:I107) -> 60 | J103: =SUM(J104:J107) -> 69 | K103: =SUM(K104:K107) -> 41 | L103: =SUM(L104:L107) -> 300 | M103: =ROUND((L103/$E$1),0) -> 60
D104: Men | G104: 1 | I104: 2 | J104: 2 | K104: 1 | L104: =SUM(G104:K104) -> 6 | M104: =ROUND((L104/$E$1),0) -> 1
D105: Women | G105: 17 | H105: 17 | I105: 13 | J105: 16 | K105: 10 | L105: =SUM(G105:K105) -> 73 | M105: =ROUND((L105/$E$1),0) -> 15
D106: Youth | G106: 22 | H106: 19 | I106: 15 | J106: 17 | K106: 13 | L106: =SUM(G106:K106) -> 86 | M106: =ROUND((L106/$E$1),0) -> 17
D107: Children | G107: 30 | H107: 24 | I107: 30 | J107: 34 | K107: 17 | L107: =SUM(G107:K107) -> 135 | M107: =ROUND((L107/$E$1),0) -> 27
C108: Salvations | L108: =SUM(G108:K108) -> 0 | M108: =ROUND((L108/$E$1),0) -> 0
C109: Baptisms | L109: =SUM(G109:K109) -> 0 | M109: =ROUND((L109/$E$1),0) -> 0
C110: Home Visits | L110: =SUM(G110:K110) -> 0 | M110: =ROUND((L110/$E$1),0) -> 0
C111: Meals / Food Packs | L111: =SUM(G111:K111) -> 0 | M111: =ROUND((L111/$E$1),0) -> 0
C112: Preschool Attendance | L112: =SUM(G112:K112) -> 0 | M112: =ROUND((L112/$E$1),0) -> 0
A115: =+A99+1 -> 7 | C115: Gebeni | G115: =+$G$3 -> 2022 | H115: =+G115 -> 2022 | I115: =+H115 -> 2022 | J115: =+I115 -> 2022 | K115: =+J115 -> 2022 | L115: =+K115 -> 2022 | M115: =+L115 -> 2022 | S115: =+C115 -> Gebeni | T115: =+L119 -> 334 | U115: =+L120+L121 -> 62 | V115: =+L122+L123 -> 272 | W115: =+L126 -> 0 | X115: =+L124 -> 0
C116: =+$C100 -> July 2022 | G116: =+$G$4 -> Jul | H116: =+G116 -> Jul | I116: =+H116 -> Jul | J116: =+I116 -> Jul | K116: =+J116 -> Jul | L116: =+K116 -> Jul | M116: =+L116 -> Jul
G117: =+$G$5 -> 3 | H117: =+$H$5 -> 10 | I117: =+$I$5 -> 17 | J117: =+$J$5 -> 24 | K117: =+$K$5 -> 31 | L117: Total | M117: Average
C119: Church Attendance: | G119: =SUM(G120:G123) -> 71 | H119: =SUM(H120:H123) -> 58 | I119: =SUM(I120:I123) -> 77 | J119: =SUM(J120:J123) -> 46 | K119: =SUM(K120:K123) -> 82 | L119: =SUM(L120:L123) -> 334 | M119: =ROUND((L119/$E$1),0) -> 67
D120: Men | G120: 2 | H120: 2 | I120: 3 | J120: 2 | K120: 4 | L120: =SUM(G120:K120) -> 13 | M120: =ROUND((L120/$E$1),0) -> 3
D121: Women | G121: 10 | H121: 11 | I121: 9 | J121: 6 | K121: 13 | L121: =SUM(G121:K121) -> 49 | M121: =ROUND((L121/$E$1),0) -> 10
D122: Youth | G122: 19 | H122: 17 | I122: 20 | J122: 11 | K122: 18 | L122: =SUM(G122:K122) -> 85 | M122: =ROUND((L122/$E$1),0) -> 17
D123: Children | G123: 40 | H123: 28 | I123: 45 | J123: 27 | K123: 47 | L123: =SUM(G123:K123) -> 187 | M123: =ROUND((L123/$E$1),0) -> 37
...

Sheet Aug22
D1: Number of Sundays | E1: 4 | S1: ICBC | T1: =+C7 -> Church Attendance: | U1: Adults | V1: Youth & Children | W1: Home Visits | X1: =+C12 -> Salvations
C3: Total ICBC | G3: 2022 | H3: =+G3 -> 2022 | I3: =+H3 -> 2022 | J3: =+I3 -> 2022 | K3: =+J3 -> 2022 | L3: =+K3 -> 2022 | M3: =+L3 -> 2022 | S3: =+C3 -> Total ICBC | T3: =+L7 -> 7620 | U3: =+L8+L9 -> 1798 | V3: =+L10+L11 -> 5822 | W3: =+L14 -> 317 | X3: =+L12 -> 240
C4: August 2022 | G4: Aug | H4: =+G4 -> Aug | I4: =+H4 -> Aug | J4: =+I4 -> Aug | K4: =+J4 -> Aug | L4: =+K4 -> Aug | M4: =+L4 -> Aug
G5: 7 | H5: 14 | I5: 21 | J5: 28 | L5: Total | M5: Average
C7: Church Attendance: | G7: =SUM(G8:G11) -> 1914 | H7: =SUM(H8:H11) -> 1998 | I7: =SUM(I8:I11) -> 1856 | J7: =SUM(J8:J11) -> 1852 | K7: =SUM(K8:K11) -> 0 | L7: =SUM(L8:L11) -> 7620 | M7: =ROUND((L7/$E$1),0) -> 1905
D8: Men | G8: =+G24+G40+G56+G72+G88+G104+G120+G136+G152+G168+G184+G200+G216+G232+G248+G264+G280+G296+G312+G328+G344+G360+G376+G392+G408+G424+G440+G456+G472+G488 -> 120 | H8: =+H24+H40+H56+H72+H88+H104+H120+H136+H152+H168+H184+H200+H216+H232+H248+H264+H280+H296+H312+H328+H344+H360+H376+H392+H408+H424+H440+H456+H472+H488 -> 124 | I8: =+I24+I40+I56+I72+I88+I104+I120+I136+I152+I168+I184+I200+I216+I232+I248+I264+I280+I296+I312+I328+I344+I360+I376+I392+I408+I424+I440+I456+I472+I488 -> 117 | J8: =+J24+J40+J56+J72+J88+J104+J120+J136+J152+J168+J184+J200+J216+J232+J248+J264+J280+J296+J312+J328+J344+J360+J376+J392+J408+J424+J440+J456+J472+J488 -> 138 | K8: =+K24+K40+K56+K72+K88+K104+K120+K136+K152+K168+K184+K200+K216+K232+K248+K264+K280+K296+K312+K328+K344+K360+K376+K392+K408+K424+K440+K456+K472+K488 -> 0 | L8: =SUM(G8:K8) -> 499 | M8: =ROUND((L8/$E$1),0) -> 125
D9: Women | G9: =+G25+G41+G57+G73+G89+G105+G121+G137+G153+G169+G185+G201+G217+G233+G249+G265+G281+G297+G313+G329+G345+G361+G377+G393+G409+G425+G441+G457+G473+G489 -> 351 | H9: =+H25+H41+H57+H73+H89+H105+H121+H137+H153+H169+H185+H201+H217+H233+H249+H265+H281+H297+H313+H329+H345+H361+H377+H393+H409+H425+H441+H457+H473+H489 -> 318 | I9: =+I25+I41+I57+I73+I89+I105+I121+I137+I153+I169+I185+I201+I217+I233+I249+I265+I281+I297+I313+I329+I345+I361+I377+I393+I409+I425+I441+I457+I473+I489 -> 297 | J9: =+J25+J41+J57+J73+J89+J105+J121+J137+J153+J169+J185+J201+J217+J233+J249+J265+J281+J297+J313+J329+J345+J361+J377+J393+J409+J425+J441+J457+J473+J489 -> 333 | K9: =+K25+K41+K57+K73+K89+K105+K121+K137+K153+K169+K185+K201+K217+K233+K249+K265+K281+K297+K313+K329+K345+K361+K377+K393+K409+K425+K441+K457+K473+K489 -> 0 | L9: =SUM(G9:K9) -> 1299 | M9: =ROUND((L9/$E$1),0) -> 325
D10: Youth | G10: =+G26+G42+G58+G74+G90+G106+G122+G138+G154+G170+G186+G202+G218+G234+G250+G266+G282+G298+G314+G330+G346+G362+G378+G394+G410+G426+G442+G458+G474+G490 -> 458 | H10: =+H26+H42+H58+H74+H90+H106+H122+H138+H154+H170+H186+H202+H218+H234+H250+H266+H282+H298+H314+H330+H346+H362+H378+H394+H410+H426+H442+H458+H474+H490 -> 462 | I10: =+I26+I42+I58+I74+I90+I106+I122+I138+I154+I170+I186+I202+I218+I234+I250+I266+I282+I298+I314+I330+I346+I362+I378+I394+I410+I426+I442+I458+I474+I490 -> 420 | J10: =+J26+J42+J58+J74+J90+J106+J122+J138+J154+J170+J186+J202+J218+J234+J250+J266+J282+J298+J314+J330+J346+J362+J378+J394+J410+J426+J442+J458+J474+J490 -> 426 | K10: =+K26+K42+K58+K74+K90+K106+K122+K138+K154+K170+K186+K202+K218+K234+K250+K266+K282+K298+K314+K330+K346+K362+K378+K394+K410+K426+K442+K458+K474+K490 -> 0 | L10: =SUM(G10:K10) -> 1766 | M10: =ROUND((L10/$E$1),0) -> 442
D11: Children | G11: =+G27+G43+G59+G75+G91+G107+G123+G139+G155+G171+G187+G203+G219+G235+G251+G267+G283+G299+G315+G331+G347+G363+G379+G395+G411+G427+G443+G459+G475+G491 -> 985 | H11: =+H27+H43+H59+H75+H91+H107+H123+H139+H155+H171+H187+H203+H219+H235+H251+H267+H283+H299+H315+H331+H347+H363+H379+H395+H411+H427+H443+H459+H475+H491 -> 1094 | I11: =+I27+I43+I59+I75+I91+I107+I123+I139+I155+I171+I187+I203+I219+I235+I251+I267+I283+I299+I315+I331+I347+I363+I379+I395+I411+I427+I443+I459+I475+I491 -> 1022 | J11: =+J27+J43+J59+J75+J91+J107+J123+J139+J155+J171+J187+J203+J219+J235+J251+J267+J283+J299+J315+J331+J347+J363+J379+J395+J411+J427+J443+J459+J475+J491 -> 955 | K11: =+K27+K43+K59+K75+K91+K107+K123+K139+K155+K171+K187+K203+K219+K235+K251+K267+K283+K299+K315+K331+K347+K363+K379+K395+K411+K427+K443+K459+K475+K491 -> 0 | L11: =SUM(G11:K11) -> 4056 | M11: =ROUND((L11/$E$1),0) -> 1014
C12: Salvations | G12: =+G28+G44+G60+G76+G92+G108+G124+G140+G156+G172+G188+G204+G220+G236+G252+G268+G284+G300+G316+G332+G348+G364+G380+G396+G412+G428+G444+G460+G476+G492 -> 48 | H12: =+H28+H44+H60+H76+H92+H108+H124+H140+H156+H172+H188+H204+H220+H236+H252+H268+H284+H300+H316+H332+H348+H364+H380+H396+H412+H428+H444+H460+H476+H492 -> 30 | I12: =+I28+I44+I60+I76+I92+I108+I124+I140+I156+I172+I188+I204+I220+I236+I252+I268+I284+I300+I316+I332+I348+I364+I380+I396+I412+I428+I444+I460+I476+I492 -> 57 | J12: =+J28+J44+J60+J76+J92+J108+J124+J140+J156+J172+J188+J204+J220+J236+J252+J268+J284+J300+J316+J332+J348+J364+J380+J396+J412+J428+J444+J460+J476+J492 -> 105 | K12: =+K28+K44+K60+K76+K92+K108+K124+K140+K156+K172+K188+K204+K220+K236+K252+K268+K284+K300+K316+K332+K348+K364+K380+K396+K412+K428+K444+K460+K476+K492 -> 0 | L12: =SUM(G12:K12) -> 240 | M12: =ROUND((L12/$E$1),0) -> 60
C13: Baptisms | G13: =+G29+G45+G61+G77+G93+G109+G125+G141+G157+G173+G189+G205+G221+G237+G253+G269+G285+G301+G317+G333+G349+G365+G381+G397+G413+G429+G445+G461+G477+G493 -> 2 | H13: =+H29+H45+H61+H77+H93+H109+H125+H141+H157+H173+H189+H205+H221+H237+H253+H269+H285+H301+H317+H333+H349+H365+H381+H397+H413+H429+H445+H461+H477+H493 -> 0 | I13: =+I29+I45+I61+I77+I93+I109+I125+I141+I157+I173+I189+I205+I221+I237+I253+I269+I285+I301+I317+I333+I349+I365+I381+I397+I413+I429+I445+I461+I477+I493 -> 0 | J13: =+J29+J45+J61+J77+J93+J109+J125+J141+J157+J173+J189+J205+J221+J237+J253+J269+J285+J301+J317+J333+J349+J365+J381+J397+J413+J429+J445+J461+J477+J493 -> 0 | K13: =+K29+K45+K61+K77+K93+K109+K125+K141+K157+K173+K189+K205+K221+K237+K253+K269+K285+K301+K317+K333+K349+K365+K381+K397+K413+K429+K445+K461+K477+K493 -> 0 | L13: =SUM(G13:K13) -> 2 | M13: =ROUND((L13/$E$1),0) -> 1
C14: Home Visits | G14: =+G30+G46+G62+G78+G94+G110+G126+G142+G158+G174+G190+G206+G222+G238+G254+G270+G286+G302+G318+G334+G350+G366+G382+G398+G414+G430+G446+G462+G478+G494 -> 59 | H14: =+H30+H46+H62+H78+H94+H110+H126+H142+H158+H174+H190+H206+H222+H238+H254+H270+H286+H302+H318+H334+H350+H366+H382+H398+H414+H430+H446+H462+H478+H494 -> 43 | I14: =+I30+I46+I62+I78+I94+I110+I126+I142+I158+I174+I190+I206+I222+I238+I254+I270+I286+I302+I318+I334+I350+I366+I382+I398+I414+I430+I446+I462+I478+I494 -> 93 | J14: =+J30+J46+J62+J78+J94+J110+J126+J142+J158+J174+J190+J206+J222+J238+J254+J270+J286+J302+J318+J334+J350+J366+J382+J398+J414+J430+J446+J462+J478+J494 -> 122 | K14: =+K30+K46+K62+K78+K94+K110+K126+K142+K158+K174+K190+K206+K222+K238+K254+K270+K286+K302+K318+K334+K350+K366+K382+K398+K414+K430+K446+K462+K478+K494 -> 0 | L14: =SUM(G14:K14) -> 317 | M14: =ROUND((L14/$E$1),0) -> 79
C15: Meals / Food Packs | G15: =+G31+G47+G63+G79+G95+G111+G127+G143+G159+G175+G191+G207+G223+G239+G255+G271+G287+G303+G319+G335+G351+G367+G383+G399+G415+G431+G447+G463+G479+G495 -> 674 | H15: =+H31+H47+H63+H79+H95+H111+H127+H143+H159+H175+H191+H207+H223+H239+H255+H271+H287+H303+H319+H335+H351+H367+H383+H399+H415+H431+H447+H463+H479+H495 -> 312 | I15: =+I31+I47+I63+I79+I95+I111+I127+I143+I159+I175+I191+I207+I223+I239+I255+I271+I287+I303+I319+I335+I351+I367+I383+I399+I415+I431+I447+I463+I479+I495 -> 484 | J15: =+J31+J47+J63+J79+J95+J111+J127+J143+J159+J175+J191+J207+J223+J239+J255+J271+J287+J303+J319+J335+J351+J367+J383+J399+J415+J431+J447+J463+J479+J495 -> 408 | K15: =+K31+K47+K63+K79+K95+K111+K127+K143+K159+K175+K191+K207+K223+K239+K255+K271+K287+K303+K319+K335+K351+K367+K383+K399+K415+K431+K447+K463+K479+K495 -> 0 | L15: =SUM(G15:K15) -> 1878 | M15: =ROUND((L15/$E$1),0) -> 470
C16: Preschool Attendance
A19: 1 | C19: Hawane CLC Church | G19: =+$G$3 -> 2022 | H19: =+G19 -> 2022 | I19: =+H19 -> 2022 | J19: =+I19 -> 2022 | K19: =+J19 -> 2022 | L19: =+K19 -> 2022 | M19: =+L19 -> 2022 | S19: =+C19 -> Hawane CLC Church | T19: =+L23 -> 683 | U19: =+L24+L25 -> 146 | V19: =+L26+L27 -> 537 | W19: =+L30 -> 0 | X19: =+L28 -> 0
C20: =+$C4 -> August 2022 | G20: =+$G$4 -> Aug | H20: =+G20 -> Aug | I20: =+H20 -> Aug | J20: =+I20 -> Aug | K20: =+J20 -> Aug | L20: =+K20 -> Aug | M20: =+L20 -> Aug
G21: =+$G$5 -> 7 | H21: =+$H$5 -> 14 | I21: =+$I$5 -> 21 | J21: =+$J$5 -> 28 | K21: =+$K$5 -> 0 | L21: Total | M21: Average
C23: Church Attendance: | G23: =SUM(G24:G27) -> 185 | H23: =SUM(H24:H27) -> 185 | I23: =SUM(I24:I27) -> 163 | J23: =SUM(J24:J27) -> 150 | K23: =SUM(K24:K27) -> 0 | L23: =SUM(L24:L27) -> 683 | M23: =ROUND((L23/$E$1),0) -> 171
D24: Men | G24: 9 | H24: 9 | I24: 7 | J24: 13 | L24: =SUM(G24:K24) -> 38 | M24: =ROUND((L24/$E$1),0) -> 10
D25: Women | G25: 28 | H25: 28 | I25: 27 | J25: 25 | L25: =SUM(G25:K25) -> 108 | M25: =ROUND((L25/$E$1),0) -> 27
D26: Youth | G26: 55 | H26: 55 | I26: 45 | J26: 42 | L26: =SUM(G26:K26) -> 197 | M26: =ROUND((L26/$E$1),0) -> 49
D27: Children | G27: 93 | H27: 93 | I27: 84 | J27: 70 | L27: =SUM(G27:K27) -> 340 | M27: =ROUND((L27/$E$1),0) -> 85
C28: Salvations | L28: =SUM(G28:K28) -> 0 | M28: =ROUND((L28/$E$1),0) -> 0
C29: Baptisms | L29: =SUM(G29:K29) -> 0 | M29: =ROUND((L29/$E$1),0) -> 0
C30: Home Visits | L30: =SUM(G30:K30) -> 0 | M30: =ROUND((L30/$E$1),0) -> 0
C31: Meals / Food Packs | L31: =SUM(G31:K31) -> 0 | M31: =ROUND((L31/$E$1),0) -> 0
C32: Preschool Attendance | L32: =SUM(G32:K32) -> 0 | M32: =ROUND((L32/$E$1),0) -> 0
A35: =+A19+1 -> 2 | C35: Ngwenya | G35: =+$G$3 -> 2022 | H35: =+G35 -> 2022 | I35: =+H35 -> 2022 | J35: =+I35 -> 2022 | K35: =+J35 -> 2022 | L35: =+K35 -> 2022 | M35: =+L35 -> 2022 | S35: =+C35 -> Ngwenya | T35: =+L39 -> 259 | U35: =+L40+L41 -> 72 | V35: =+L42+L43 -> 187 | W35: =+L46 -> 8 | X35: =+L44 -> 3
C36: =+$C20 -> August 2022 | G36: =+$G$4 -> Aug | H36: =+G36 -> Aug | I36: =+H36 -> Aug | J36: =+I36 -> Aug | K36: =+J36 -> Aug | L36: =+K36 -> Aug | M36: =+L36 -> Aug
G37: =+$G$5 -> 7 | H37: =+$H$5 -> 14 | I37: =+$I$5 -> 21 | J37: =+$J$5 -> 28 | K37: =+$K$5 -> 0 | L37: Total | M37: Average
C39: Church Attendance: | G39: =SUM(G40:G43) -> 60 | H39: =SUM(H40:H43) -> 67 | I39: =SUM(I40:I43) -> 65 | J39: =SUM(J40:J43) -> 67 | K39: =SUM(K40:K43) -> 0 | L39: =SUM(L40:L43) -> 259 | M39: =ROUND((L39/$E$1),0) -> 65
D40: Men | G40: 6 | H40: 6 | I40: 4 | J40: 8 | L40: =SUM(G40:K40) -> 24 | M40: =ROUND((L40/$E$1),0) -> 6
D41: Women | G41: 10 | H41: 14 | I41: 14 | J41: 10 | L41: =SUM(G41:K41) -> 48 | M41: =ROUND((L41/$E$1),0) -> 12
D42: Youth | G42: 14 | H42: 17 | I42: 17 | J42: 17 | L42: =SUM(G42:K42) -> 65 | M42: =ROUND((L42/$E$1),0) -> 16
D43: Children | G43: 30 | H43: 30 | I43: 30 | J43: 32 | L43: =SUM(G43:K43) -> 122 | M43: =ROUND((L43/$E$1),0) -> 31
C44: Salvations | I44: 2 | J44: 1 | L44: =SUM(G44:K44) -> 3 | M44: =ROUND((L44/$E$1),0) -> 1
C45: Baptisms | L45: =SUM(G45:K45) -> 0 | M45: =ROUND((L45/$E$1),0) -> 0
C46: Home Visits | G46: 2 | H46: 4 | I46: 2 | L46: =SUM(G46:K46) -> 8 | M46: =ROUND((L46/$E$1),0) -> 2
C47: Meals / Food Packs | G47: 2 | H47: 3 | I47: 3 | J47: 3 | L47: =SUM(G47:K47) -> 11 | M47: =ROUND((L47/$E$1),0) -> 3
C48: Preschool Attendance | L48: =SUM(G48:K48) -> 0 | M48: =ROUND((L48/$E$1),0) -> 0
A51: =+A35+1 -> 3 | C51: Lavumisa | G51: =+$G$3 -> 2022 | H51: =+G51 -> 2022 | I51: =+H51 -> 2022 | J51: =+I51 -> 2022 | K51: =+J51 -> 2022 | L51: =+K51 -> 2022 | M51: =+L51 -> 2022 | S51: =+C51 -> Lavumisa | T51: =+L55 -> 380 | U51: =+L56+L57 -> 82 | V51: =+L58+L59 -> 298 | W51: =+L62 -> 6 | X51: =+L60 -> 13
C52: =+$C36 -> August 2022 | G52: =+$G$4 -> Aug | H52: =+G52 -> Aug | I52: =+H52 -> Aug | J52: =+I52 -> Aug | K52: =+J52 -> Aug | L52: =+K52 -> Aug | M52: =+L52 -> Aug
G53: =+$G$5 -> 7 | H53: =+$H$5 -> 14 | I53: =+$I$5 -> 21 | J53: =+$J$5 -> 28 | K53: =+$K$5 -> 0 | L53: Total | M53: Average
C55: Church Attendance: | G55: =SUM(G56:G59) -> 90 | H55: =SUM(H56:H59) -> 118 | I55: =SUM(I56:I59) -> 79 | J55: =SUM(J56:J59) -> 93 | K55: =SUM(K56:K59) -> 0 | L55: =SUM(L56:L59) -> 380 | M55: =ROUND((L55/$E$1),0) -> 95
D56: Men | G56: 2 | H56: 3 | I56: 4 | J56: 4 | L56: =SUM(G56:K56) -> 13 | M56: =ROUND((L56/$E$1),0) -> 3
D57: Women | G57: 14 | H57: 21 | I57: 18 | J57: 16 | L57: =SUM(G57:K57) -> 69 | M57: =ROUND((L57/$E$1),0) -> 17
D58: Youth | G58: 23 | H58: 16 | I58: 14 | J58: 21 | L58: =SUM(G58:K58) -> 74 | M58: =ROUND((L58/$E$1),0) -> 19
D59: Children | G59: 51 | H59: 78 | I59: 43 | J59: 52 | L59: =SUM(G59:K59) -> 224 | M59: =ROUND((L59/$E$1),0) -> 56
C60: Salvations | H60: 13 | L60: =SUM(G60:K60) -> 13 | M60: =ROUND((L60/$E$1),0) -> 3
C61: Baptisms | L61: =SUM(G61:K61) -> 0 | M61: =ROUND((L61/$E$1),0) -> 0
C62: Home Visits | J62: 6 | L62: =SUM(G62:K62) -> 6 | M62: =ROUND((L62/$E$1),0) -> 2
C63: Meals / Food Packs | L63: =SUM(G63:K63) -> 0 | M63: =ROUND((L63/$E$1),0) -> 0
C64: Preschool Attendance | L64: =SUM(G64:K64) -> 0 | M64: =ROUND((L64/$E$1),0) -> 0
A67: =+A51+1 -> 4 | C67: Engcamini | G67: =+$G$3 -> 2022 | H67: =+G67 -> 2022 | I67: =+H67 -> 2022 | J67: =+I67 -> 2022 | K67: =+J67 -> 2022 | L67: =+K67 -> 2022 | M67: =+L67 -> 2022 | S67: =+C67 -> Engcamini | T67: =+L71 -> 477 | U67: =+L72+L73 -> 83 | V67: =+L74+L75 -> 394 | W67: =+L78 -> 6 | X67: =+L76 -> 15
C68: =+$C52 -> August 2022 | G68: =+$G$4 -> Aug | H68: =+G68 -> Aug | I68: =+H68 -> Aug | J68: =+I68 -> Aug | K68: =+J68 -> Aug | L68: =+K68 -> Aug | M68: =+L68 -> Aug
G69: =+$G$5 -> 7 | H69: =+$H$5 -> 14 | I69: =+$I$5 -> 21 | J69: =+$J$5 -> 28 | K69: =+$K$5 -> 0 | L69: Total | M69: Average
C71: Church Attendance: | G71: =SUM(G72:G75) -> 72 | H71: =SUM(H72:H75) -> 117 | I71: =SUM(I72:I75) -> 176 | J71: =SUM(J72:J75) -> 112 | K71: =SUM(K72:K75) -> 0 | L71: =SUM(L72:L75) -> 477 | M71: =ROUND((L71/$E$1),0) -> 119
D72: Men | G72: 7 | H72: 7 | I72: 9 | J72: 8 | L72: =SUM(G72:K72) -> 31 | M72: =ROUND((L72/$E$1),0) -> 8
D73: Women | G73: 9 | H73: 12 | I73: 19 | J73: 12 | L73: =SUM(G73:K73) -> 52 | M73: =ROUND((L73/$E$1),0) -> 13
D74: Youth | G74: 15 | H74: 14 | I74: 32 | J74: 18 | L74: =SUM(G74:K74) -> 79 | M74: =ROUND((L74/$E$1),0) -> 20
D75: Children | G75: 41 | H75: 84 | I75: 116 | J75: 74 | L75: =SUM(G75:K75) -> 315 | M75: =ROUND((L75/$E$1),0) -> 79
C76: Salvations | G76: 15 | L76: =SUM(G76:K76) -> 15 | M76: =ROUND((L76/$E$1),0) -> 4
C77: Baptisms | L77: =SUM(G77:K77) -> 0 | M77: =ROUND((L77/$E$1),0) -> 0
C78: Home Visits | G78: 6 | L78: =SUM(G78:K78) -> 6 | M78: =ROUND((L78/$E$1),0) -> 2
C79: Meals / Food Packs | H79: 108 | I79: 216 | J79: 108 | L79: =SUM(G79:K79) -> 432 | M79: =ROUND((L79/$E$1),0) -> 108
C80: Preschool Attendance | L80: =SUM(G80:K80) -> 0 | M80: =ROUND((L80/$E$1),0) -> 0
A83: =+A67+1 -> 5 | C83: Pine Valley | G83: =+$G$3 -> 2022 | H83: =+G83 -> 2022 | I83: =+H83 -> 2022 | J83: =+I83 -> 2022 | K83: =+J83 -> 2022 | L83: =+K83 -> 2022 | M83: =+L83 -> 2022 | S83: =+C83 -> Pine Valley | T83: =+L87 -> 378 | U83: =+L88+L89 -> 85 | V83: =+L90+L91 -> 293 | W83: =+L94 -> 0 | X83: =+L92 -> 0
C84: =+$C68 -> August 2022 | G84: =+$G$4 -> Aug | H84: =+G84 -> Aug | I84: =+H84 -> Aug | J84: =+I84 -> Aug | K84: =+J84 -> Aug | L84: =+K84 -> Aug | M84: =+L84 -> Aug
G85: =+$G$5 -> 7 | H85: =+$H$5 -> 14 | I85: =+$I$5 -> 21 | J85: =+$J$5 -> 28 | K85: =+$K$5 -> 0 | L85: Total | M85: Average
C87: Church Attendance: | G87: =SUM(G88:G91) -> 87 | H87: =SUM(H88:H91) -> 110 | I87: =SUM(I88:I91) -> 94 | J87: =SUM(J88:J91) -> 87 | K87: =SUM(K88:K91) -> 0 | L87: =SUM(L88:L91) -> 378 | M87: =ROUND((L87/$E$1),0) -> 95
D88: Men | G88: 8 | H88: 6 | I88: 4 | J88: 8 | L88: =SUM(G88:K88) -> 26 | M88: =ROUND((L88/$E$1),0) -> 7
D89: Women | G89: 19 | H89: 11 | I89: 10 | J89: 19 | L89: =SUM(G89:K89) -> 59 | M89: =ROUND((L89/$E$1),0) -> 15
D90: Youth | G90: 37 | H90: 55 | I90: 40 | J90: 37 | L90: =SUM(G90:K90) -> 169 | M90: =ROUND((L90/$E$1),0) -> 42
D91: Children | G91: 23 | H91: 38 | I91: 40 | J91: 23 | L91: =SUM(G91:K91) -> 124 | M91: =ROUND((L91/$E$1),0) -> 31
C92: Salvations | L92: =SUM(G92:K92) -> 0 | M92: =ROUND((L92/$E$1),0) -> 0
C93: Baptisms | L93: =SUM(G93:K93) -> 0 | M93: =ROUND((L93/$E$1),0) -> 0
C94: Home Visits | L94: =SUM(G94:K94) -> 0 | M94: =ROUND((L94/$E$1),0) -> 0
C95: Meals / Food Packs | L95: =SUM(G95:K95) -> 0 | M95: =ROUND((L95/$E$1),0) -> 0
C96: Preschool Attendance | L96: =SUM(G96:K96) -> 0 | M96: =ROUND((L96/$E$1),0) -> 0
A99: =+A83+1 -> 6 | C99: Ngwempisi | G99: =+$G$3 -> 2022 | H99: =+G99 -> 2022 | I99: =+H99 -> 2022 | J99: =+I99 -> 2022 | K99: =+J99 -> 2022 | L99: =+K99 -> 2022 | M99: =+L99 -> 2022 | S99: =+C99 -> Ngwempisi | T99: =+L103 -> 264 | U99: =+L104+L105 -> 60 | V99: =+L106+L107 -> 204 | W99: =+L110 -> 0 | X99: =+L108 -> 0
C100: =+$C84 -> August 2022 | G100: =+$G$4 -> Aug | H100: =+G100 -> Aug | I100: =+H100 -> Aug | J100: =+I100 -> Aug | K100: =+J100 -> Aug | L100: =+K100 -> Aug | M100: =+L100 -> Aug
G101: =+$G$5 -> 7 | H101: =+$H$5 -> 14 | I101: =+$I$5 -> 21 | J101: =+$J$5 -> 28 | K101: =+$K$5 -> 0 | L101: Total | M101: Average
C103: Church Attendance: | G103: =SUM(G104:G107) -> 76 | H103: =SUM(H104:H107) -> 54 | I103: =SUM(I104:I107) -> 59 | J103: =SUM(J104:J107) -> 75 | K103: =SUM(K104:K107) -> 0 | L103: =SUM(L104:L107) -> 264 | M103: =ROUND((L103/$E$1),0) -> 66
D104: Men | G104: 3 | H104: 2 | I104: 5 | J104: 2 | L104: =SUM(G104:K104) -> 12 | M104: =ROUND((L104/$E$1),0) -> 3
D105: Women | G105: 15 | H105: 11 | I105: 10 | J105: 12 | L105: =SUM(G105:K105) -> 48 | M105: =ROUND((L105/$E$1),0) -> 12
D106: Youth | G106: 17 | H106: 15 | I106: 11 | J106: 14 | L106: =SUM(G106:K106) -> 57 | M106: =ROUND((L106/$E$1),0) -> 14
D107: Children | G107: 41 | H107: 26 | I107: 33 | J107: 47 | L107: =SUM(G107:K107) -> 147 | M107: =ROUND((L107/$E$1),0) -> 37
C108: Salvations | L108: =SUM(G108:K108) -> 0 | M108: =ROUND((L108/$E$1),0) -> 0
C109: Baptisms | L109: =SUM(G109:K109) -> 0 | M109: =ROUND((L109/$E$1),0) -> 0
C110: Home Visits | L110: =SUM(G110:K110) -> 0 | M110: =ROUND((L110/$E$1),0) -> 0
C111: Meals / Food Packs | L111: =SUM(G111:K111) -> 0 | M111: =ROUND((L111/$E$1),0) -> 0
C112: Preschool Attendance | L112: =SUM(G112:K112) -> 0 | M112: =ROUND((L112/$E$1),0) -> 0
A115: =+A99+1 -> 7 | C115: Gebeni | G115: =+$G$3 -> 2022 | H115: =+G115 -> 2022 | I115: =+H115 -> 2022 | J115: =+I115 -> 2022 | K115: =+J115 -> 2022 | L115: =+K115 -> 2022 | M115: =+L115 -> 2022 | S115: =+C115 -> Gebeni | T115: =+L119 -> 173 | U115: =+L120+L121 -> 32 | V115: =+L122+L123 -> 141 | W115: =+L126 -> 4 | X115: =+L124 -> 0
C116: =+$C100 -> August 2022 | G116: =+$G$4 -> Aug | H116: =+G116 -> Aug | I116: =+H116 -> Aug | J116: =+I116 -> Aug | K116: =+J116 -> Aug | L116: =+K116 -> Aug | M116: =+L116 -> Aug
G117: =+$G$5 -> 7 | H117: =+$H$5 -> 14 | I117: =+$I$5 -> 21 | J117: =+$J$5 -> 28 | K117: =+$K$5 -> 0 | L117: Total | M117: Average
C119: Church Attendance: | G119: =SUM(G120:G123) -> 46 | H119: =SUM(H120:H123) -> 44 | I119: =SUM(I120:I123) -> 52 | J119: =SUM(J120:J123) -> 31 | K119: =SUM(K120:K123) -> 0 | L119: =SUM(L120:L123) -> 173 | M119: =ROUND((L119/$E$1),0) -> 43
D120: Men | G120: 3 | H120: 2 | I120: 2 | J120: 0 | L120: =SUM(G120:K120) -> 7 | M120: =ROUND((L120/$E$1),0) -> 2
D121: Women | G121: 9 | H121: 1 | I121: 9 | J121: 6 | L121: =SUM(G121:K121) -> 25 | M121: =ROUND((L121/$E$1),0) -> 6
D122: Youth | G122: 12 | H122: 15 | I122: 14 | J122: 3 | L122: =SUM(G122:K122) -> 44 | M122: =ROUND((L122/$E$1),0) -> 11
D123: Children | G123: 22 | H123: 26 | I123: 27 | J123: 22 | L123: =SUM(G123:K123) -> 97 | M123: =ROUND((L123/$E$1),0) -> 24
...

Sheet Sep22
D1: Number of Sundays | E1: 4 | S1: ICBC | T1: =+C7 -> Church Attendance: | U1: Adults | V1: Youth & Children | W1: Home Visits | X1: =+C12 -> Salvations
C3: Total ICBC | G3: 2022 | H3: =+G3 -> 2022 | I3: =+H3 -> 2022 | J3: =+I3 -> 2022 | K3: =+J3 -> 2022 | L3: =+K3 -> 2022 | M3: =+L3 -> 2022 | S3: =+C3 -> Total ICBC | T3: =+L7 -> 8158 | U3: =+L8+L9 -> 1951 | V3: =+L10+L11 -> 6207 | W3: =+L14 -> 389 | X3: =+L12 -> 185
C4: September 2022 | G4: Sep | H4: =+G4 -> Sep | I4: =+H4 -> Sep | J4: =+I4 -> Sep | K4: =+J4 -> Sep | L4: =+K4 -> Sep | M4: =+L4 -> Sep
G5: 4 | H5: 11 | I5: 18 | J5: 25 | L5: Total | M5: Average
C7: Church Attendance: | G7: =SUM(G8:G11) -> 2226 | H7: =SUM(H8:H11) -> 1903 | I7: =SUM(I8:I11) -> 2054 | J7: =SUM(J8:J11) -> 1975 | K7: =SUM(K8:K11) -> 0 | L7: =SUM(L8:L11) -> 8158 | M7: =ROUND((L7/$E$1),0) -> 2040
D8: Men | G8: =+G24+G40+G56+G72+G88+G104+G120+G136+G152+G168+G184+G200+G216+G232+G248+G264+G280+G296+G312+G328+G344+G360+G376+G392+G408+G424+G440+G456+G472+G488 -> 180 | H8: =+H24+H40+H56+H72+H88+H104+H120+H136+H152+H168+H184+H200+H216+H232+H248+H264+H280+H296+H312+H328+H344+H360+H376+H392+H408+H424+H440+H456+H472+H488 -> 125 | I8: =+I24+I40+I56+I72+I88+I104+I120+I136+I152+I168+I184+I200+I216+I232+I248+I264+I280+I296+I312+I328+I344+I360+I376+I392+I408+I424+I440+I456+I472+I488 -> 138 | J8: =+J24+J40+J56+J72+J88+J104+J120+J136+J152+J168+J184+J200+J216+J232+J248+J264+J280+J296+J312+J328+J344+J360+J376+J392+J408+J424+J440+J456+J472+J488 -> 138 | K8: =+K24+K40+K56+K72+K88+K104+K120+K136+K152+K168+K184+K200+K216+K232+K248+K264+K280+K296+K312+K328+K344+K360+K376+K392+K408+K424+K440+K456+K472+K488 -> 0 | L8: =SUM(G8:K8) -> 581 | M8: =ROUND((L8/$E$1),0) -> 145
D9: Women | G9: =+G25+G41+G57+G73+G89+G105+G121+G137+G153+G169+G185+G201+G217+G233+G249+G265+G281+G297+G313+G329+G345+G361+G377+G393+G409+G425+G441+G457+G473+G489 -> 365 | H9: =+H25+H41+H57+H73+H89+H105+H121+H137+H153+H169+H185+H201+H217+H233+H249+H265+H281+H297+H313+H329+H345+H361+H377+H393+H409+H425+H441+H457+H473+H489 -> 329 | I9: =+I25+I41+I57+I73+I89+I105+I121+I137+I153+I169+I185+I201+I217+I233+I249+I265+I281+I297+I313+I329+I345+I361+I377+I393+I409+I425+I441+I457+I473+I489 -> 350 | J9: =+J25+J41+J57+J73+J89+J105+J121+J137+J153+J169+J185+J201+J217+J233+J249+J265+J281+J297+J313+J329+J345+J361+J377+J393+J409+J425+J441+J457+J473+J489 -> 326 | K9: =+K25+K41+K57+K73+K89+K105+K121+K137+K153+K169+K185+K201+K217+K233+K249+K265+K281+K297+K313+K329+K345+K361+K377+K393+K409+K425+K441+K457+K473+K489 -> 0 | L9: =SUM(G9:K9) -> 1370 | M9: =ROUND((L9/$E$1),0) -> 343
D10: Youth | G10: =+G26+G42+G58+G74+G90+G106+G122+G138+G154+G170+G186+G202+G218+G234+G250+G266+G282+G298+G314+G330+G346+G362+G378+G394+G410+G426+G442+G458+G474+G490 -> 606 | H10: =+H26+H42+H58+H74+H90+H106+H122+H138+H154+H170+H186+H202+H218+H234+H250+H266+H282+H298+H314+H330+H346+H362+H378+H394+H410+H426+H442+H458+H474+H490 -> 496 | I10: =+I26+I42+I58+I74+I90+I106+I122+I138+I154+I170+I186+I202+I218+I234+I250+I266+I282+I298+I314+I330+I346+I362+I378+I394+I410+I426+I442+I458+I474+I490 -> 497 | J10: =+J26+J42+J58+J74+J90+J106+J122+J138+J154+J170+J186+J202+J218+J234+J250+J266+J282+J298+J314+J330+J346+J362+J378+J394+J410+J426+J442+J458+J474+J490 -> 481 | K10: =+K26+K42+K58+K74+K90+K106+K122+K138+K154+K170+K186+K202+K218+K234+K250+K266+K282+K298+K314+K330+K346+K362+K378+K394+K410+K426+K442+K458+K474+K490 -> 0 | L10: =SUM(G10:K10) -> 2080 | M10: =ROUND((L10/$E$1),0) -> 520
D11: Children | G11: =+G27+G43+G59+G75+G91+G107+G123+G139+G155+G171+G187+G203+G219+G235+G251+G267+G283+G299+G315+G331+G347+G363+G379+G395+G411+G427+G443+G459+G475+G491 -> 1075 | H11: =+H27+H43+H59+H75+H91+H107+H123+H139+H155+H171+H187+H203+H219+H235+H251+H267+H283+H299+H315+H331+H347+H363+H379+H395+H411+H427+H443+H459+H475+H491 -> 953 | I11: =+I27+I43+I59+I75+I91+I107+I123+I139+I155+I171+I187+I203+I219+I235+I251+I267+I283+I299+I315+I331+I347+I363+I379+I395+I411+I427+I443+I459+I475+I491 -> 1069 | J11: =+J27+J43+J59+J75+J91+J107+J123+J139+J155+J171+J187+J203+J219+J235+J251+J267+J283+J299+J315+J331+J347+J363+J379+J395+J411+J427+J443+J459+J475+J491 -> 1030 | K11: =+K27+K43+K59+K75+K91+K107+K123+K139+K155+K171+K187+K203+K219+K235+K251+K267+K283+K299+K315+K331+K347+K363+K379+K395+K411+K427+K443+K459+K475+K491 -> 0 | L11: =SUM(G11:K11) -> 4127 | M11: =ROUND((L11/$E$1),0) -> 1032
C12: Salvations | G12: =+G28+G44+G60+G76+G92+G108+G124+G140+G156+G172+G188+G204+G220+G236+G252+G268+G284+G300+G316+G332+G348+G364+G380+G396+G412+G428+G444+G460+G476+G492 -> 86 | H12: =+H28+H44+H60+H76+H92+H108+H124+H140+H156+H172+H188+H204+H220+H236+H252+H268+H284+H300+H316+H332+H348+H364+H380+H396+H412+H428+H444+H460+H476+H492 -> 4 | I12: =+I28+I44+I60+I76+I92+I108+I124+I140+I156+I172+I188+I204+I220+I236+I252+I268+I284+I300+I316+I332+I348+I364+I380+I396+I412+I428+I444+I460+I476+I492 -> 65 | J12: =+J28+J44+J60+J76+J92+J108+J124+J140+J156+J172+J188+J204+J220+J236+J252+J268+J284+J300+J316+J332+J348+J364+J380+J396+J412+J428+J444+J460+J476+J492 -> 30 | K12: =+K28+K44+K60+K76+K92+K108+K124+K140+K156+K172+K188+K204+K220+K236+K252+K268+K284+K300+K316+K332+K348+K364+K380+K396+K412+K428+K444+K460+K476+K492 -> 0 | L12: =SUM(G12:K12) -> 185 | M12: =ROUND((L12/$E$1),0) -> 46
C13: Baptisms | G13: =+G29+G45+G61+G77+G93+G109+G125+G141+G157+G173+G189+G205+G221+G237+G253+G269+G285+G301+G317+G333+G349+G365+G381+G397+G413+G429+G445+G461+G477+G493 -> 0 | H13: =+H29+H45+H61+H77+H93+H109+H125+H141+H157+H173+H189+H205+H221+H237+H253+H269+H285+H301+H317+H333+H349+H365+H381+H397+H413+H429+H445+H461+H477+H493 -> 0 | I13: =+I29+I45+I61+I77+I93+I109+I125+I141+I157+I173+I189+I205+I221+I237+I253+I269+I285+I301+I317+I333+I349+I365+I381+I397+I413+I429+I445+I461+I477+I493 -> 0 | J13: =+J29+J45+J61+J77+J93+J109+J125+J141+J157+J173+J189+J205+J221+J237+J253+J269+J285+J301+J317+J333+J349+J365+J381+J397+J413+J429+J445+J461+J477+J493 -> 0 | K13: =+K29+K45+K61+K77+K93+K109+K125+K141+K157+K173+K189+K205+K221+K237+K253+K269+K285+K301+K317+K333+K349+K365+K381+K397+K413+K429+K445+K461+K477+K493 -> 0 | L13: =SUM(G13:K13) -> 0 | M13: =ROUND((L13/$E$1),0) -> 0
